Work Order,Description,Work Type,Location,Asset,Owner,Unit,Status,Unit Description,PO,Reported Date,Scheduled Start,HI Value,Description Penyulang,Status Date,Priority,Originating Record,Site,Bulan,UP3,INSP,JENIS WO,PANJANG JTM,FASA,YEAR,COUNTUNIQUE of Work Order,Status,,,,,,,,,,
100030633,INSPEKSI TIER 1 BJ61038,INST1,GD01.06301239,,32730.INSPEKSI2,ULP.32730,COMP,ULP JENEPONTO,,22/07/2026,,KURANG,P_PASAR KARISA,24/07/2026,,,TND,Jul,UP3 BULUKUMBA,GD,INSP,"0,00",,2026,UP3,COMP,INPRG,WFCOMP,WFOLLOWUP,WINSP,WREVIEW,WSCH,Grand Total,,,
100030671,INSPEKSI TIER 1 BJ61041,INST1,GD01.06301242,,32730.INSPEKSI2,ULP.32730,COMP,ULP JENEPONTO,,22/07/2026,,KURANG,P_PASAR KARISA,24/07/2026,,,TND,Jul,UP3 BULUKUMBA,GD,INSP,"0,00",,2026,UP3 BULUKUMBA,1490,83,152,219,148,4,2,2098,,,
100030692,INSPEKSI TIER 1 BJ61042,INST1,GD01.06301243,,32730.INSPEKSI2,ULP.32730,COMP,ULP JENEPONTO,,22/07/2026,,KURANG,P_PASAR KARISA,24/07/2026,,,TND,Jul,UP3 BULUKUMBA,GD,INSP,"0,00",,2026,Grand Total,1490,83,152,219,148,4,2,2098,,,Status
100030714,INSPEKSI TIER 1 BJ61043,INST1,GD01.06301244,,32730.INSPEKSI2,ULP.32730,COMP,ULP JENEPONTO,,22/07/2026,,KURANG,P_PASAR KARISA,24/07/2026,,,TND,Jul,UP3 BULUKUMBA,GD,INSP,"0,00",,2026,,,,,,,,,,,COMP,COMP
100030746,INSPEKSI TIER 1 BJ61044,INST1,GD01.06301245,,32730.INSPEKSI2,ULP.32730,COMP,ULP JENEPONTO,,22/07/2026,,KURANG,P_PASAR KARISA,24/07/2026,,,TND,Jul,UP3 BULUKUMBA,GD,INSP,"0,00",,2026,,,,,,,,,,,WFOLLOWUP,WFOLLOWUP
100030823,INSPEKSI TIER 1 BJ61051,INST1,GD01.06301252,,32730.INSPEKSI2,ULP.32730,COMP,ULP JENEPONTO,,22/07/2026,,KURANG,P_PASAR KARISA,24/07/2026,,,TND,Jul,UP3 BULUKUMBA,GD,INSP,"0,00",,2026,,,,,,,,,,,WFCOMP,WFCOMP
100030858,INSPEKSI TIER 1 BJ61052,INST1,GD01.06301253,,32730.INSPEKSI2,ULP.32730,COMP,ULP JENEPONTO,,22/07/2026,,KURANG,P_PASAR KARISA,24/07/2026,,,TND,Jul,UP3 BULUKUMBA,GD,INSP,"0,00",,2026,,,,,,,,,,,,INPRG
100030872,INSPEKSI TIER 1 BJ61054,INST1,GD01.06301255,,32730.INSPEKSI2,ULP.32730,COMP,ULP JENEPONTO,,22/07/2026,,KURANG,P_PASAR KARISA,24/07/2026,,,TND,Jul,UP3 BULUKUMBA,GD,INSP,"0,00",,2026,,,,,,,,,,,,WAPPR
100030890,INSPEKSI TIER 1 BJ65001,INST1,GD01.06301267,,32730.INSPEKSI2,ULP.32730,COMP,ULP JENEPONTO,,22/07/2026,,KURANG,P_TOLO,24/07/2026,,,TND,Jul,UP3 BULUKUMBA,GD,INSP,"0,00",,2026,,,,,,,,,,,,WINSP
100030904,INSPEKSI TIER 1 BJ65002,INST1,GD01.06301268,,32730.INSPEKSI2,ULP.32730,COMP,ULP JENEPONTO,,22/07/2026,,KURANG,P_TOLO,24/07/2026,,,TND,Jul,UP3 BULUKUMBA,GD,INSP,"0,00",,2026,,,,,,,,,,,,WREVIEW
100030915,INSPEKSI TIER 1 BJ65002,INST1,GD01.06301268,,32730.INSPEKSI2,ULP.32730,COMP,ULP JENEPONTO,,22/07/2026,,KURANG,P_TOLO,24/07/2026,,,TND,Jul,UP3 BULUKUMBA,GD,INSP,"0,00",,2026,,,,,,,,,,,,WOREJECT
100030929,INSPEKSI TIER 1 BJ65003,INST1,GD01.06301269,,32730.INSPEKSI2,ULP.32730,COMP,ULP JENEPONTO,,22/07/2026,,KURANG,P_TOLO,24/07/2026,,,TND,Jul,UP3 BULUKUMBA,GD,INSP,"0,00",,2026,,,,,,,,,,,,WSCH
100030943,INSPEKSI TIER 1 BJ65012,INST1,GD01.06301278,,32730.INSPEKSI2,ULP.32730,COMP,ULP JENEPONTO,,22/07/2026,,KURANG,P_TOLO,24/07/2026,,,TND,Jul,UP3 BULUKUMBA,GD,INSP,"0,00",,2026,,,,,,,,,,,,
100030975,INSPEKSI TIER 1 BJ12000,INST1,GD01.06300898,,32730.INSPEKSI3,ULP.32730,COMP,ULP JENEPONTO,,22/07/2026,,KURANG,P_ARUNGKEKE,24/07/2026,,,TND,Jul,UP3 BULUKUMBA,GD,INSP,"0,00",,2026,,,,,,,,,,,,
100030999,INSPEKSI TIER 1 BJ12003,INST1,GD01.06300901,,32730.INSPEKSI3,ULP.32730,COMP,ULP JENEPONTO,,22/07/2026,,KURANG,P_ARUNGKEKE,24/07/2026,,,TND,Jul,UP3 BULUKUMBA,GD,INSP,"0,00",,2026,,,,,,,,,,,,
100031018,INSPEKSI TIER 1 BJ12004,INST1,GD01.06300902,,32730.INSPEKSI1,ULP.32730,COMP,ULP JENEPONTO,,22/07/2026,,KURANG,P_ARUNGKEKE,24/07/2026,,,TND,Jul,UP3 BULUKUMBA,GD,INSP,"0,00",,2026,,,,,,,,,,,,
100031034,INSPEKSI TIER 1 BJ12005,INST1,GD01.06300903,,32730.INSPEKSI1,ULP.32730,COMP,ULP JENEPONTO,,22/07/2026,,KURANG,P_ARUNGKEKE,24/07/2026,,,TND,Jul,UP3 BULUKUMBA,GD,INSP,"0,00",,2026,,,,,,,,,,,,
100031049,INSPEKSI TIER 1 BJ12006,INST1,GD01.06300904,,32730.INSPEKSI2,ULP.32730,COMP,ULP JENEPONTO,,22/07/2026,,KURANG,P_ARUNGKEKE,24/07/2026,,,TND,Jul,UP3 BULUKUMBA,GD,INSP,"0,00",,2026,,,,,,,,,,,,
100031072,INSPEKSI TIER 1 BJ12007,INST1,GD01.06300905,,32730.INSPEKSI2,ULP.32730,COMP,ULP JENEPONTO,,22/07/2026,,KURANG,P_ARUNGKEKE,24/07/2026,,,TND,Jul,UP3 BULUKUMBA,GD,INSP,"0,00",,2026,,,,,,,,,,,,
100031089,INSPEKSI TIER 1 BJ12011,INST1,GD01.06300909,,32730.INSPEKSI3,ULP.32730,COMP,ULP JENEPONTO,,22/07/2026,,KURANG,P_ARUNGKEKE,24/07/2026,,,TND,Jul,UP3 BULUKUMBA,GD,INSP,"0,00",,2026,,,,,,,,,,,,
100031118,INSPEKSI TIER 1 BJ12017,INST1,GD01.06300915,,32730.INSPEKSI1,ULP.32730,COMP,ULP JENEPONTO,,22/07/2026,,KURANG,P_ARUNGKEKE,24/07/2026,,,TND,Jul,UP3 BULUKUMBA,GD,INSP,"0,00",,2026,,,,,,,,,,,,
100031133,INSPEKSI TIER 1 BJ12023,INST1,GD01.06300921,,32730.INSPEKSI1,ULP.32730,COMP,ULP JENEPONTO,,22/07/2026,,KURANG,P_ARUNGKEKE,24/07/2026,,,TND,Jul,UP3 BULUKUMBA,GD,INSP,"0,00",,2026,,,,,,,,,,,,
100031171,INSPEKSI TIER 1 BJ65023,INST1,GD01.06301289,,32730.INSPEKSI1,ULP.32730,COMP,ULP JENEPONTO,,22/07/2026,,KURANG,P_TOLO,24/07/2026,,,TND,Jul,UP3 BULUKUMBA,GD,INSP,"0,00",,2026,,,,,,,,,,,,
100031190,INSPEKSI TIER 1 BJ65025,INST1,GD01.06301291,,32730.INSPEKSI1,ULP.32730,COMP,ULP JENEPONTO,,22/07/2026,,KURANG,P_TOLO,24/07/2026,,,TND,Jul,UP3 BULUKUMBA,GD,INSP,"0,00",,2026,,,,,,,,,,,,
100031210,INSPEKSI TIER 1 BJ65026,INST1,GD01.06301292,,32730.INSPEKSI1,ULP.32730,COMP,ULP JENEPONTO,,22/07/2026,,KURANG,P_TOLO,24/07/2026,,,TND,Jul,UP3 BULUKUMBA,GD,INSP,"0,00",,2026,,,,,,,,,,,,
100031266,INSPEKSI TIER 1 BJ65027,INST1,GD01.06301293,,32730.INSPEKSI1,ULP.32730,COMP,ULP JENEPONTO,,22/07/2026,,KURANG,P_TOLO,24/07/2026,,,TND,Jul,UP3 BULUKUMBA,GD,INSP,"0,00",,2026,,,,,,,,,,,,
100031282,INSPEKSI TIER 1 BJ65031,INST1,GD01.06301297,,32730.INSPEKSI1,ULP.32730,COMP,ULP JENEPONTO,,22/07/2026,,KURANG,P_TOLO,24/07/2026,,,TND,Jul,UP3 BULUKUMBA,GD,INSP,"0,00",,2026,,,,,,,,,,,,
100031293,INSPEKSI TIER 1 BJ65031,INST1,GD01.06301297,,32730.INSPEKSI1,ULP.32730,COMP,ULP JENEPONTO,,22/07/2026,,KURANG,P_TOLO,24/07/2026,,,TND,Jul,UP3 BULUKUMBA,GD,INSP,"0,00",,2026,,,,,,,,,,,,
100031310,INSPEKSI TIER 1 BJ65034,INST1,GD01.06301300,,32730.INSPEKSI1,ULP.32730,COMP,ULP JENEPONTO,,22/07/2026,,KURANG,P_TOLO,24/07/2026,,,TND,Jul,UP3 BULUKUMBA,GD,INSP,"0,00",,2026,,,,,,,,,,,,
100031324,INSPEKSI TIER 1 BJ65042,INST1,GD01.06301308,,32730.INSPEKSI1,ULP.32730,COMP,ULP JENEPONTO,,22/07/2026,,KURANG,P_TOLO,24/07/2026,,,TND,Jul,UP3 BULUKUMBA,GD,INSP,"0,00",,2026,,,,,,,,,,,,
100031339,INSPEKSI TIER 1 BJ65048,INST1,GD01.06301314,,32730.INSPEKSI1,ULP.32730,COMP,ULP JENEPONTO,,22/07/2026,,KURANG,P_TOLO,24/07/2026,,,TND,Jul,UP3 BULUKUMBA,GD,INSP,"0,00",,2026,,,,,,,,,,,,
100031363,INSPEKSI TIER 1 BJ64001,INST1,GD01.06301394,,32730.INSPEKSI1,ULP.32730,COMP,ULP JENEPONTO,,22/07/2026,,KURANG,P_TOLO,24/07/2026,,,TND,Jul,UP3 BULUKUMBA,GD,INSP,"0,00",,2026,,,,,,,,,,,,
100031377,INSPEKSI TIER 1 BJ64002,INST1,GD01.06301395,,32730.INSPEKSI1,ULP.32730,COMP,ULP JENEPONTO,,22/07/2026,,KURANG,P_TOLO,24/07/2026,,,TND,Jul,UP3 BULUKUMBA,GD,INSP,"0,00",,2026,,,,,,,,,,,,
100031394,INSPEKSI TIER 1 BJ64024,INST1,GD01.06301417,,32730.INSPEKSI1,ULP.32730,COMP,ULP JENEPONTO,,22/07/2026,,KURANG,P_TOLO,24/07/2026,,,TND,Jul,UP3 BULUKUMBA,GD,INSP,"0,00",,2026,,,,,,,,,,,,
100031410,INSPEKSI TIER 1 BJ64042,INST1,GD01.06301435,,32730.INSPEKSI1,ULP.32730,COMP,ULP JENEPONTO,,22/07/2026,,KURANG,P_TOLO,24/07/2026,,,TND,Jul,UP3 BULUKUMBA,GD,INSP,"0,00",,2026,,,,,,,,,,,,
100031427,INSPEKSI TIER 1 BJ12058,INST1,GD01.19602613,,32730.INSPEKSI1,ULP.32730,COMP,ULP JENEPONTO,,22/07/2026,,KURANG,P_ARUNGKEKE,24/07/2026,,,TND,Jul,UP3 BULUKUMBA,GD,INSP,"0,00",,2026,,,,,,,,,,,,
100031446,INSPEKSI TIER 1 BJ09025,INST1,GD01.19602615,,32730.INSPEKSI1,ULP.32730,COMP,ULP JENEPONTO,,22/07/2026,,KURANG,P_PASAR KARISA,24/07/2026,,,TND,Jul,UP3 BULUKUMBA,GD,INSP,"0,00",,2026,,,,,,,,,,,,
100031463,INSPEKSI TIER 1 BJ12024,INST1,GD01.06300922,,32730.INSPEKSI1,ULP.32730,COMP,ULP JENEPONTO,,22/07/2026,,KURANG,P_ARUNGKEKE,24/07/2026,,,TND,Jul,UP3 BULUKUMBA,GD,INSP,"0,00",,2026,,,,,,,,,,,,
100031498,INSPEKSI TIER 1 BJ12027,INST1,GD01.06300925,,32730.INSPEKSI1,ULP.32730,COMP,ULP JENEPONTO,,22/07/2026,,KURANG,P_ARUNGKEKE,24/07/2026,,,TND,Jul,UP3 BULUKUMBA,GD,INSP,"0,00",,2026,,,,,,,,,,,,
100032176,INSPEKSI TIER 1 BK56024,INST1,GD01.06300744,,32720.INSPEKSI2,ULP.32720,WFOLLOWUP,ULP KALUMPANG,,22/07/2026,,BURUK,P_SAPOLOHE,28/08/2026,,,TND,Jul,UP3 BULUKUMBA,GD,INSP,"0,00",,2026,,,,,,,,,,,,
100032493,INSPEKSI TIER 1 BK56027,INST1,GD01.06300747,,32720.INSPEKSI3,ULP.32720,COMP,ULP KALUMPANG,,22/07/2026,,KURANG,P_SAPOLOHE,17/08/2026,,,TND,Jul,UP3 BULUKUMBA,GD,INSP,"0,00",,2026,,,,,,,,,,,,
100032645,INSPEKSI TIER 1 BK56030,INST1,GD01.06300751,,32720.INSPEKSI2,ULP.32720,COMP,ULP KALUMPANG,,22/07/2026,,KURANG,P_SAPOLOHE,28/08/2026,,,TND,Jul,UP3 BULUKUMBA,GD,INSP,"0,00",,2026,,,,,,,,,,,,
100032733,INSPEKSI TIER 1 BK56032,INST1,GD01.06300754,,32720.INSPEKSI2,ULP.32720,COMP,ULP KALUMPANG,,22/07/2026,,CUKUP,P_SAPOLOHE,28/08/2026,,,TND,Jul,UP3 BULUKUMBA,GD,INSP,"0,00",,2026,,,,,,,,,,,,
100032756,INSPEKSI TIER 1 BK56032,INST1,GD01.06300754,,32720.INSPEKSI2,ULP.32720,COMP,ULP KALUMPANG,,22/07/2026,,CUKUP,P_SAPOLOHE,28/08/2026,,,TND,Jul,UP3 BULUKUMBA,GD,INSP,"0,00",,2026,,,,,,,,,,,,
100032838,INSPEKSI TIER 1 BK56033,INST1,GD01.06300755,,32720.INSPEKSI2,ULP.32720,COMP,ULP KALUMPANG,,22/07/2026,,KURANG,P_SAPOLOHE,28/08/2026,,,TND,Jul,UP3 BULUKUMBA,GD,INSP,"0,00",,2026,,,,,,,,,,,,
100032886,INSPEKSI TIER 1 BK58690,INST1,GD01.06300787,,32720.INSPEKSI2,ULP.32720,WFOLLOWUP,ULP KALUMPANG,,22/07/2026,,BURUK,P_SAPOLOHE,28/08/2026,,,TND,Jul,UP3 BULUKUMBA,GD,INSP,"0,00",,2026,,,,,,,,,,,,
100033143,INSPEKSI TIER 1 BK58695,INST1,GD01.06300792,,32720.INSPEKSI2,ULP.32720,WFOLLOWUP,ULP KALUMPANG,,22/07/2026,,BURUK,P_SAPOLOHE,28/08/2026,,,TND,Jul,UP3 BULUKUMBA,GD,INSP,"0,00",,2026,,,,,,,,,,,,
100033372,INSPEKSI TIER 1 BK58695,INST1,GD01.06300792,,32720.INSPEKSI2,ULP.32720,WFOLLOWUP,ULP KALUMPANG,,22/07/2026,,BURUK,P_SAPOLOHE,28/08/2026,,,TND,Jul,UP3 BULUKUMBA,GD,INSP,"0,00",,2026,,,,,,,,,,,,
100033398,INSPEKSI TIER 1 BK58703,INST1,GD01.06300800,,32720.INSPEKSI3,ULP.32720,COMP,ULP KALUMPANG,,22/07/2026,,KURANG,P_SAPOLOHE,17/08/2026,,,TND,Jul,UP3 BULUKUMBA,GD,INSP,"0,00",,2026,,,,,,,,,,,,
100033525,INSPEKSI TIER 1 BK58704,INST1,GD01.06300801,,32720.INSPEKSI3,ULP.32720,COMP,ULP KALUMPANG,,22/07/2026,,KURANG,P_SAPOLOHE,17/08/2026,,,TND,Jul,UP3 BULUKUMBA,GD,INSP,"0,00",,2026,,,,,,,,,,,,
100034892,INSPEKSI TIER 1 BK58705,INST1,GD01.06300802,,32720.INSPEKSI3,ULP.32720,WFCOMP,ULP KALUMPANG,,22/07/2026,,KURANG,P_SAPOLOHE,27/08/2026,,,TND,Jul,UP3 BULUKUMBA,GD,INSP,"0,00",,2026,,,,,,,,,,,,
100034946,INSPEKSI TIER 1 BK58709,INST1,GD01.06300806,,32720.INSPEKSI3,ULP.32720,WFCOMP,ULP KALUMPANG,,22/07/2026,,KURANG,P_SAPOLOHE,27/08/2026,,,TND,Jul,UP3 BULUKUMBA,GD,INSP,"0,00",,2026,,,,,,,,,,,,
100035012,INSPEKSI TIER 1 BK58710,INST1,GD01.06300807,,32720.INSPEKSI3,ULP.32720,COMP,ULP KALUMPANG,,22/07/2026,,KURANG,P_SAPOLOHE,17/08/2026,,,TND,Jul,UP3 BULUKUMBA,GD,INSP,"0,00",,2026,,,,,,,,,,,,
100035278,INSPEKSI TIER 1 BK58711,INST1,GD01.06300808,,32720.INSPEKSI3,ULP.32720,WFCOMP,ULP KALUMPANG,,22/07/2026,,KURANG,P_SAPOLOHE,27/08/2026,,,TND,Jul,UP3 BULUKUMBA,GD,INSP,"0,00",,2026,,,,,,,,,,,,
100035407,INSPEKSI TIER 1 BK58712,INST1,GD01.06300809,,32720.INSPEKSI3,ULP.32720,WFCOMP,ULP KALUMPANG,,22/07/2026,,KURANG,P_SAPOLOHE,27/08/2026,,,TND,Jul,UP3 BULUKUMBA,GD,INSP,"0,00",,2026,,,,,,,,,,,,
100035544,INSPEKSI TIER 1 BK58721,INST1,GD01.06300819,,32720.INSPEKSI3,ULP.32720,WFCOMP,ULP KALUMPANG,,22/07/2026,,KURANG,P_SAPOLOHE,27/08/2026,,,TND,Jul,UP3 BULUKUMBA,GD,INSP,"0,00",,2026,,,,,,,,,,,,
100035628,INSPEKSI TIER 1 BK57336,INST1,GD01.06300824,,32720.INSPEKSI3,ULP.32720,WFCOMP,ULP KALUMPANG,,22/07/2026,,KURANG,P_SAPOLOHE,27/08/2026,,,TND,Jul,UP3 BULUKUMBA,GD,INSP,"0,00",,2026,,,,,,,,,,,,
100035788,INSPEKSI TIER 1 BK57343,INST1,GD01.06300832,,32720.INSPEKSI3,ULP.32720,COMP,ULP KALUMPANG,,22/07/2026,,KURANG,P_SAPOLOHE,17/08/2026,,,TND,Jul,UP3 BULUKUMBA,GD,INSP,"0,00",,2026,,,,,,,,,,,,
100035861,INSPEKSI TIER 1 BK57344,INST1,GD01.06300834,,32720.INSPEKSI3,ULP.32720,COMP,ULP KALUMPANG,,22/07/2026,,CUKUP,P_SAPOLOHE,17/08/2026,,,TND,Jul,UP3 BULUKUMBA,GD,INSP,"0,00",,2026,,,,,,,,,,,,
100036096,INSPEKSI TIER 1 BK57345,INST1,GD01.06300835,,32720.INSPEKSI3,ULP.32720,COMP,ULP KALUMPANG,,22/07/2026,,CUKUP,P_SAPOLOHE,17/08/2026,,,TND,Jul,UP3 BULUKUMBA,GD,INSP,"0,00",,2026,,,,,,,,,,,,
100036255,INSPEKSI TIER 1 BK57346,INST1,GD01.06300836,,32720.INSPEKSI3,ULP.32720,COMP,ULP KALUMPANG,,22/07/2026,,CUKUP,P_SAPOLOHE,17/08/2026,,,TND,Jul,UP3 BULUKUMBA,GD,INSP,"0,00",,2026,,,,,,,,,,,,
100036356,INSPEKSI TIER 1 BK57349,INST1,GD01.06300838,,32720.INSPEKSI3,ULP.32720,WFCOMP,ULP KALUMPANG,,22/07/2026,,KURANG,P_SAPOLOHE,27/08/2026,,,TND,Jul,UP3 BULUKUMBA,GD,INSP,"0,00",,2026,,,,,,,,,,,,
100036407,INSPEKSI TIER 1 BK57350,INST1,GD01.06300839,,32720.INSPEKSI3,ULP.32720,COMP,ULP KALUMPANG,,22/07/2026,,KURANG,P_SAPOLOHE,17/08/2026,,,TND,Jul,UP3 BULUKUMBA,GD,INSP,"0,00",,2026,,,,,,,,,,,,
100036483,INSPEKSI TIER 1 BK57351,INST1,GD01.06300840,,32720.INSPEKSI3,ULP.32720,COMP,ULP KALUMPANG,,22/07/2026,,KURANG,P_SAPOLOHE,17/08/2026,,,TND,Jul,UP3 BULUKUMBA,GD,INSP,"0,00",,2026,,,,,,,,,,,,
100036537,INSPEKSI TIER 1 BK57353,INST1,GD01.06300842,,32720.INSPEKSI3,ULP.32720,WFOLLOWUP,ULP KALUMPANG,,22/07/2026,,BURUK,P_SAPOLOHE,28/08/2026,,,TND,Jul,UP3 BULUKUMBA,GD,INSP,"0,00",,2026,,,,,,,,,,,,
100090598,INSPEKSI TIER 1 BB70053,INST1,GD01.19602658,,32740.INSPEKSI2,ULP.32740,COMP,ULP BANTAENG,,22/07/2026,,CUKUP,P_LEMBANG,23/07/2026,,,TND,Jul,UP3 BULUKUMBA,GD,INSP,"0,00",,2026,,,,,,,,,,,,
100091620,INSPEKSI TIER 1 BB19023,INST1,GD01.19602660,,32740.INSPEKSI2,ULP.32740,COMP,ULP BANTAENG,,22/07/2026,,KURANG,P_LEMBANG,23/07/2026,,,TND,Jul,UP3 BULUKUMBA,GD,INSP,"0,00",,2026,,,,,,,,,,,,
100092602,INSPEKSI TIER 1 BB19024,INST1,GD01.19602661,,32740.INSPEKSI2,ULP.32740,COMP,ULP BANTAENG,,22/07/2026,,CUKUP,P_LEMBANG,23/07/2026,,,TND,Jul,UP3 BULUKUMBA,GD,INSP,"0,00",,2026,,,,,,,,,,,,
100092657,INSPEKSI TIER 1 BB70141,INST1,GD01.19602663,,32740.INSPEKSI2,ULP.32740,COMP,ULP BANTAENG,,22/07/2026,,CUKUP,P_LEMBANG,23/07/2026,,,TND,Jul,UP3 BULUKUMBA,GD,INSP,"0,00",,2026,,,,,,,,,,,,
100092966,INSPEKSI TIER 1 BB19025,INST1,GD01.19602668,,32740.INSPEKSI2,ULP.32740,COMP,ULP BANTAENG,,22/07/2026,,CUKUP,P_LEMBANG,23/07/2026,,,TND,Jul,UP3 BULUKUMBA,GD,INSP,"0,00",,2026,,,,,,,,,,,,
100138590,INSPEKSI TIER 1 BB70148,INST1,GD01.19602669,,32740.INSPEKSI2,ULP.32740,COMP,ULP BANTAENG,,24/07/2026,,KURANG,P_LEMBANG,25/07/2026,,,TND,Jul,UP3 BULUKUMBA,GD,INSP,"0,00",,2026,,,,,,,,,,,,
100138745,INSPEKSI TIER 1 BB18049,INST1,GD01.06302244,,32740.INSPEKSI2,ULP.32740,WFOLLOWUP,ULP BANTAENG,,24/07/2026,,BURUK,P_LINGKAR,25/07/2026,,,TND,Jul,UP3 BULUKUMBA,GD,INSP,"0,00",,2026,,,,,,,,,,,,
100138777,INSPEKSI TIER 1 BB18049,INST1,GD01.06302244,,32740.INSPEKSI2,ULP.32740,WFOLLOWUP,ULP BANTAENG,,24/07/2026,,BURUK,P_LINGKAR,25/07/2026,,,TND,Jul,UP3 BULUKUMBA,GD,INSP,"0,00",,2026,,,,,,,,,,,,
100138951,INSPEKSI TIER 1 BB18049,INST1,GD01.06302244,,32740.INSPEKSI2,ULP.32740,WFOLLOWUP,ULP BANTAENG,,24/07/2026,,BURUK,P_LINGKAR,25/07/2026,,,TND,Jul,UP3 BULUKUMBA,GD,INSP,"0,00",,2026,,,,,,,,,,,,
100139070,INSPEKSI TIER 1 BB18077,INST1,GD01.06302242,,32740.INSPEKSI2,ULP.32740,COMP,ULP BANTAENG,,24/07/2026,,CUKUP,P_LINGKAR,25/07/2026,,,TND,Jul,UP3 BULUKUMBA,GD,INSP,"0,00",,2026,,,,,,,,,,,,
100139133,INSPEKSI TIER 1 BB18047,INST1,GD01.06302241,,32740.INSPEKSI2,ULP.32740,COMP,ULP BANTAENG,,24/07/2026,,KURANG,P_LINGKAR,25/07/2026,,,TND,Jul,UP3 BULUKUMBA,GD,INSP,"0,00",,2026,,,,,,,,,,,,
100142433,Perbaikan/Pergantian INSPEKSI TIER 1 BB18049,INST1,GD01.06302244,,32740.INSPEKSI2,ULP.32740,INPRG,ULP BANTAENG,,25/07/2026,,BURUK,P_LINGKAR,21/08/2026,,100138745,TND,Jul,UP3 BULUKUMBA,GD,TL,"0,00",,2026,,,,,,,,,,,,
100142438,Perbaikan/Pergantian INSPEKSI TIER 1 BB18049,INST1,GD01.06302244,,32740.INSPEKSI2,ULP.32740,INPRG,ULP BANTAENG,,25/07/2026,,BURUK,P_LINGKAR,26/08/2026,,100138777,TND,Jul,UP3 BULUKUMBA,GD,TL,"0,00",,2026,,,,,,,,,,,,
100142443,Perbaikan/Pergantian INSPEKSI TIER 1 BB18049,INST1,GD01.06302244,,32740.INSPEKSI2,ULP.32740,INPRG,ULP BANTAENG,,25/07/2026,,BURUK,P_LINGKAR,26/08/2026,,100138951,TND,Jul,UP3 BULUKUMBA,GD,TL,"0,00",,2026,,,,,,,,,,,,
100147913,INSPEKSI TIER 1 BB18045,INST1,GD01.06302240,,32740.INSPEKSI2,ULP.32740,WFOLLOWUP,ULP BANTAENG,,27/07/2026,,BURUK,P_LINGKAR,28/07/2026,,,TND,Jul,UP3 BULUKUMBA,GD,INSP,"0,00",,2026,,,,,,,,,,,,
100148252,INSPEKSI TIER 1 BB18046,INST1,GD01.06302239,,32740.INSPEKSI2,ULP.32740,COMP,ULP BANTAENG,,27/07/2026,,CUKUP,P_LINGKAR,28/07/2026,,,TND,Jul,UP3 BULUKUMBA,GD,INSP,"0,00",,2026,,,,,,,,,,,,
100148393,INSPEKSI TIER 1 BB18043,INST1,GD01.06302238,,32740.INSPEKSI2,ULP.32740,COMP,ULP BANTAENG,,27/07/2026,,KURANG,P_LINGKAR,30/07/2026,,,TND,Jul,UP3 BULUKUMBA,GD,INSP,"0,00",,2026,,,,,,,,,,,,
100148475,INSPEKSI TIER 1 BB18042,INST1,GD01.06302237,,32740.INSPEKSI2,ULP.32740,WFOLLOWUP,ULP BANTAENG,,27/07/2026,,BURUK,P_LINGKAR,30/07/2026,,,TND,Jul,UP3 BULUKUMBA,GD,INSP,"0,00",,2026,,,,,,,,,,,,
100148627,INSPEKSI TIER 1 BB18041,INST1,GD01.06302236,,32740.INSPEKSI2,ULP.32740,COMP,ULP BANTAENG,,27/07/2026,,KURANG,P_LINGKAR,30/07/2026,,,TND,Jul,UP3 BULUKUMBA,GD,INSP,"0,00",,2026,,,,,,,,,,,,
100148716,INSPEKSI TIER 1 BB18040,INST1,GD01.06302235,,32740.INSPEKSI2,ULP.32740,WFOLLOWUP,ULP BANTAENG,,27/07/2026,,BURUK,P_LINGKAR,30/07/2026,,,TND,Jul,UP3 BULUKUMBA,GD,INSP,"0,00",,2026,,,,,,,,,,,,
100148838,INSPEKSI TIER 1 BB18039,INST1,GD01.06302234,,32740.INSPEKSI2,ULP.32740,COMP,ULP BANTAENG,,27/07/2026,,KURANG,P_LINGKAR,30/07/2026,,,TND,Jul,UP3 BULUKUMBA,GD,INSP,"0,00",,2026,,,,,,,,,,,,
100148892,INSPEKSI TIER 1 BB18038,INST1,GD01.06302233,,32740.INSPEKSI2,ULP.32740,COMP,ULP BANTAENG,,27/07/2026,,KURANG,P_LINGKAR,30/07/2026,,,TND,Jul,UP3 BULUKUMBA,GD,INSP,"0,00",,2026,,,,,,,,,,,,
100149522,INSPEKSI TIER 1 BB18037,INST1,GD01.06302232,,32740.INSPEKSI2,ULP.32740,COMP,ULP BANTAENG,,27/07/2026,,CUKUP,P_LINGKAR,30/07/2026,,,TND,Jul,UP3 BULUKUMBA,GD,INSP,"0,00",,2026,,,,,,,,,,,,
100149725,INSPEKSI TIER 1 BB18010,INST1,GD01.06302204,,32740.INSPEKSI2,ULP.32740,WFOLLOWUP,ULP BANTAENG,,27/07/2026,,BURUK,P_LEMBANG,27/07/2026,,,TND,Jul,UP3 BULUKUMBA,GD,INSP,"0,00",,2026,,,,,,,,,,,,
100149815,INSPEKSI TIER 1 BB18009,INST1,GD01.06302203,,32740.INSPEKSI2,ULP.32740,COMP,ULP BANTAENG,,27/07/2026,,CUKUP,P_LEMBANG,27/07/2026,,,TND,Jul,UP3 BULUKUMBA,GD,INSP,"0,00",,2026,,,,,,,,,,,,
100149874,INSPEKSI TIER 1 BB18005,INST1,GD01.06302199,,32740.INSPEKSI2,ULP.32740,COMP,ULP BANTAENG,,27/07/2026,,CUKUP,P_LEMBANG,27/07/2026,,,TND,Jul,UP3 BULUKUMBA,GD,INSP,"0,00",,2026,,,,,,,,,,,,
100149918,INSPEKSI TIER 1 BB18001,INST1,GD01.06302195,,32740.INSPEKSI2,ULP.32740,COMP,ULP BANTAENG,,27/07/2026,,KURANG,P_LEMBANG,30/07/2026,,,TND,Jul,UP3 BULUKUMBA,GD,INSP,"0,00",,2026,,,,,,,,,,,,
100150637,INSPEKSI TIER 1 BR70147,INST1,GD01.06301535,,32750.INSPEKSI3,ULP.32750,WFOLLOWUP,ULP SELAYAR,,27/07/2026,,BURUK,P_BONTOBUKI,24/08/2026,,,TND,Jul,UP3 BULUKUMBA,GD,INSP,"0,00",,2026,,,,,,,,,,,,
100150916,INSPEKSI TIER 1 BR70148,INST1,GD01.06301536,,32750.INSPEKSI1,ULP.32750,COMP,ULP SELAYAR,,27/07/2026,,CUKUP,P_BONTOBUKI,03/08/2026,,,TND,Jul,UP3 BULUKUMBA,GD,INSP,"0,00",,2026,,,,,,,,,,,,
100151128,INSPEKSI TIER 1 BR70149,INST1,GD01.06301537,,32750.INSPEKSI1,ULP.32750,COMP,ULP SELAYAR,,27/07/2026,,,P_BONTOBUKI,03/08/2026,,,TND,Jul,UP3 BULUKUMBA,GD,INSP,"0,00",,2026,,,,,,,,,,,,
100151472,INSPEKSI TIER 1 BR70150,INST1,GD01.06301538,,32750.INSPEKSI1,ULP.32750,COMP,ULP SELAYAR,,27/07/2026,,,P_BONTOBUKI,03/08/2026,,,TND,Jul,UP3 BULUKUMBA,GD,INSP,"0,00",,2026,,,,,,,,,,,,
100151649,INSPEKSI TIER 1 BR70166,INST1,GD01.06301539,,32750.INSPEKSI1,ULP.32750,COMP,ULP SELAYAR,,27/07/2026,,,P_BONTOBUKI,03/08/2026,,,TND,Jul,UP3 BULUKUMBA,GD,INSP,"0,00",,2026,,,,,,,,,,,,
100151955,INSPEKSI TIER 1 BR70064,INST1,GD01.06301585,,32750.INSPEKSI1,ULP.32750,COMP,ULP SELAYAR,,27/07/2026,,CUKUP,P_TIELINE SELAYAR 1,03/08/2026,,,TND,Jul,UP3 BULUKUMBA,GD,INSP,"0,00",,2026,,,,,,,,,,,,
100152136,INSPEKSI TIER 1 BR70065,INST1,GD01.06301586,,32750.INSPEKSI1,ULP.32750,COMP,ULP SELAYAR,,27/07/2026,,KURANG,P_TIELINE SELAYAR 1,03/08/2026,,,TND,Jul,UP3 BULUKUMBA,GD,INSP,"0,00",,2026,,,,,,,,,,,,
100153411,INSPEKSI TIER 1 BR70066,INST1,GD01.06301587,,32750.INSPEKSI1,ULP.32750,COMP,ULP SELAYAR,,27/07/2026,,CUKUP,P_TIELINE SELAYAR 1,07/08/2026,,,TND,Jul,UP3 BULUKUMBA,GD,INSP,"0,00",,2026,,,,,,,,,,,,
100153474,INSPEKSI TIER 1 BR70067,INST1,GD01.06301588,,32750.INSPEKSI1,ULP.32750,COMP,ULP SELAYAR,,27/07/2026,,CUKUP,P_TIELINE SELAYAR 1,07/08/2026,,,TND,Jul,UP3 BULUKUMBA,GD,INSP,"0,00",,2026,,,,,,,,,,,,
100153689,INSPEKSI TIER 1 BR70068,INST1,GD01.06301589,,32750.INSPEKSI1,ULP.32750,COMP,ULP SELAYAR,,27/07/2026,,CUKUP,P_TIELINE SELAYAR 1,07/08/2026,,,TND,Jul,UP3 BULUKUMBA,GD,INSP,"0,00",,2026,,,,,,,,,,,,
100153821,INSPEKSI TIER 1 BR70087,INST1,GD01.06301609,,32750.INSPEKSI1,ULP.32750,COMP,ULP SELAYAR,,27/07/2026,,KURANG,P_TIELINE SELAYAR 1,03/08/2026,,,TND,Jul,UP3 BULUKUMBA,GD,INSP,"0,00",,2026,,,,,,,,,,,,
100154050,INSPEKSI TIER 1 BR70086,INST1,GD01.06301608,,32750.INSPEKSI1,ULP.32750,COMP,ULP SELAYAR,,27/07/2026,,KURANG,P_TIELINE SELAYAR 1,03/08/2026,,,TND,Jul,UP3 BULUKUMBA,GD,INSP,"0,00",,2026,,,,,,,,,,,,
100154281,INSPEKSI TIER 1 BR70085,INST1,GD01.06301607,,32750.INSPEKSI1,ULP.32750,COMP,ULP SELAYAR,,27/07/2026,,CUKUP,P_TIELINE SELAYAR 1,03/08/2026,,,TND,Jul,UP3 BULUKUMBA,GD,INSP,"0,00",,2026,,,,,,,,,,,,
100154734,INSPEKSI TIER 1 BR70084,INST1,GD01.06301606,,32750.INSPEKSI1,ULP.32750,COMP,ULP SELAYAR,,27/07/2026,,CUKUP,P_TIELINE SELAYAR 1,03/08/2026,,,TND,Jul,UP3 BULUKUMBA,GD,INSP,"0,00",,2026,,,,,,,,,,,,
100155336,INSPEKSI TIER 1 BR70083,INST1,GD01.06301605,,32750.INSPEKSI1,ULP.32750,COMP,ULP SELAYAR,,27/07/2026,,KURANG,P_TIELINE SELAYAR 1,03/08/2026,,,TND,Jul,UP3 BULUKUMBA,GD,INSP,"0,00",,2026,,,,,,,,,,,,
100155360,INSPEKSI TIER 1 BR70082,INST1,GD01.06301603,,32750.INSPEKSI1,ULP.32750,COMP,ULP SELAYAR,,27/07/2026,,CUKUP,P_TIELINE SELAYAR 1,03/08/2026,,,TND,Jul,UP3 BULUKUMBA,GD,INSP,"0,00",,2026,,,,,,,,,,,,
100155440,INSPEKSI TIER 1 BR70081,INST1,GD01.06301602,,32750.INSPEKSI1,ULP.32750,COMP,ULP SELAYAR,,27/07/2026,,,P_TIELINE SELAYAR 1,03/08/2026,,,TND,Jul,UP3 BULUKUMBA,GD,INSP,"0,00",,2026,,,,,,,,,,,,
100155468,INSPEKSI TIER 1 BR70059,INST1,GD01.06301580,,32750.INSPEKSI1,ULP.32750,WFOLLOWUP,ULP SELAYAR,,27/07/2026,,BURUK,P_TIELINE SELAYAR 1,24/08/2026,,,TND,Jul,UP3 BULUKUMBA,GD,INSP,"0,00",,2026,,,,,,,,,,,,
100155574,INSPEKSI TIER 1 BR70060,INST1,GD01.06301581,,32750.INSPEKSI1,ULP.32750,COMP,ULP SELAYAR,,27/07/2026,,CUKUP,P_TIELINE SELAYAR 1,07/08/2026,,,TND,Jul,UP3 BULUKUMBA,GD,INSP,"0,00",,2026,,,,,,,,,,,,
100155699,INSPEKSI TIER 1 BR70052,INST1,GD01.06301575,,32750.INSPEKSI1,ULP.32750,COMP,ULP SELAYAR,,27/07/2026,,KURANG,P_TIELINE SELAYAR 1,07/08/2026,,,TND,Jul,UP3 BULUKUMBA,GD,INSP,"0,00",,2026,,,,,,,,,,,,
100156320,INSPEKSI TIER 1 BX0005,INST1,GD01.06301626,,32750.INSPEKSI1,ULP.32750,COMP,ULP SELAYAR,,27/07/2026,,KURANG,P_TIELINE SELAYAR 1,07/08/2026,,,TND,Jul,UP3 BULUKUMBA,GD,INSP,"0,00",,2026,,,,,,,,,,,,
100156479,INSPEKSI TIER 1 BX0006,INST1,GD01.06301627,,32750.INSPEKSI1,ULP.32750,COMP,ULP SELAYAR,,27/07/2026,,CUKUP,P_TIELINE SELAYAR 1,07/08/2026,,,TND,Jul,UP3 BULUKUMBA,GD,INSP,"0,00",,2026,,,,,,,,,,,,
100156511,INSPEKSI TIER 1 BX0007,INST1,GD01.06301628,,32750.INSPEKSI1,ULP.32750,COMP,ULP SELAYAR,,27/07/2026,,CUKUP,P_TIELINE SELAYAR 1,07/08/2026,,,TND,Jul,UP3 BULUKUMBA,GD,INSP,"0,00",,2026,,,,,,,,,,,,
100156541,INSPEKSI TIER 1 BR70144,INST1,GD01.06301629,,32750.INSPEKSI1,ULP.32750,COMP,ULP SELAYAR,,27/07/2026,,KURANG,P_BONTOBUKI,03/08/2026,,,TND,Jul,UP3 BULUKUMBA,GD,INSP,"0,00",,2026,,,,,,,,,,,,
100156624,INSPEKSI TIER 1 BR15009,INST1,GD01.06301633,,32750.INSPEKSI1,ULP.32750,COMP,ULP SELAYAR,,27/07/2026,,CUKUP,P_BONTOMATENE,03/08/2026,,,TND,Jul,UP3 BULUKUMBA,GD,INSP,"0,00",,2026,,,,,,,,,,,,
100156655,INSPEKSI TIER 1 BR15010,INST1,GD01.06301635,,32750.INSPEKSI1,ULP.32750,COMP,ULP SELAYAR,,27/07/2026,,CUKUP,P_BONTOMATENE,03/08/2026,,,TND,Jul,UP3 BULUKUMBA,GD,INSP,"0,00",,2026,,,,,,,,,,,,
100156674,INSPEKSI TIER 1 BR15011,INST1,GD01.06301636,,32750.INSPEKSI1,ULP.32750,COMP,ULP SELAYAR,,27/07/2026,,CUKUP,P_BONTOMATENE,03/08/2026,,,TND,Jul,UP3 BULUKUMBA,GD,INSP,"0,00",,2026,,,,,,,,,,,,
100157111,INSPEKSI TIER 1 BS59-210,INST1,GD01.06302787,,32760.INSPEKSI2,ULP.32760,COMP,ULP SINJAI,,27/07/2026,,,P_LITHA,07/08/2026,,,TND,Jul,UP3 BULUKUMBA,GD,INSP,"0,00",,2026,,,,,,,,,,,,
100157265,INSPEKSI TIER 1 BS59-063,INST1,GD01.06302791,,32760.INSPEKSI2,ULP.32760,COMP,ULP SINJAI,,27/07/2026,,,P_LITHA,07/08/2026,,,TND,Jul,UP3 BULUKUMBA,GD,INSP,"0,00",,2026,,,,,,,,,,,,
100158303,INSPEKSI TIER 1 BS59102,INST1,GD01.06302831,,32760.INSPEKSI2,ULP.32760,COMP,ULP SINJAI,,27/07/2026,,KURANG,P_LITHA,07/08/2026,,,TND,Jul,UP3 BULUKUMBA,GD,INSP,"0,00",,2026,,,,,,,,,,,,
100175524,INSPEKSI TIER 1 BS59182,INST1,GD01.19602638,,32760.INSPEKSI2,ULP.32760,COMP,ULP SINJAI,,27/07/2026,,KURANG,P_TIELINE TANGKA,07/08/2026,,,TND,Jul,UP3 BULUKUMBA,GD,INSP,"0,00",,2026,,,,,,,,,,,,
100175714,INSPEKSI TIER 1 BS59106,INST1,GD01.06302836,,32760.INSPEKSI2,ULP.32760,COMP,ULP SINJAI,,27/07/2026,,KURANG,P_LITHA,07/08/2026,,,TND,Jul,UP3 BULUKUMBA,GD,INSP,"0,00",,2026,,,,,,,,,,,,
100175905,INSPEKSI TIER 1 BS59105,INST1,GD01.06302835,,32760.INSPEKSI2,ULP.32760,COMP,ULP SINJAI,,27/07/2026,,KURANG,P_LITHA,07/08/2026,,,TND,Jul,UP3 BULUKUMBA,GD,INSP,"0,00",,2026,,,,,,,,,,,,
100176081,INSPEKSI TIER 1 BS59202,INST1,GD01.06302834,,32760.INSPEKSI2,ULP.32760,COMP,ULP SINJAI,,27/07/2026,,KURANG,P_LITHA,07/08/2026,,,TND,Jul,UP3 BULUKUMBA,GD,INSP,"0,00",,2026,,,,,,,,,,,,
100176186,INSPEKSI TIER 1 BS59104,INST1,GD01.06302833,,32760.INSPEKSI2,ULP.32760,COMP,ULP SINJAI,,27/07/2026,,KURANG,P_LITHA,07/08/2026,,,TND,Jul,UP3 BULUKUMBA,GD,INSP,"0,00",,2026,,,,,,,,,,,,
100176232,INSPEKSI TIER 1 BS59201,INST1,GD01.19602634,,32760.INSPEKSI3,ULP.32760,COMP,ULP SINJAI,,27/07/2026,,KURANG,P_LITHA,18/08/2026,,,TND,Jul,UP3 BULUKUMBA,GD,INSP,"0,00",,2026,,,,,,,,,,,,
100176405,INSPEKSI TIER 1 BS08038,INST1,GD01.06301808,,32760.INSPEKSI2,ULP.32760,COMP,ULP SINJAI,,27/07/2026,,KURANG,P_MATUMPU,06/08/2026,,,TND,Jul,UP3 BULUKUMBA,GD,INSP,"0,00",,2026,,,,,,,,,,,,
100176480,INSPEKSI TIER 1 BS08037,INST1,GD01.06301807,,32760.INSPEKSI2,ULP.32760,COMP,ULP SINJAI,,27/07/2026,,KURANG,P_MATUMPU,06/08/2026,,,TND,Jul,UP3 BULUKUMBA,GD,INSP,"0,00",,2026,,,,,,,,,,,,
100176573,INSPEKSI TIER 1 BS08036,INST1,GD01.06301806,,32760.INSPEKSI2,ULP.32760,COMP,ULP SINJAI,,27/07/2026,,BAIK,P_MATUMPU,06/08/2026,,,TND,Jul,UP3 BULUKUMBA,GD,INSP,"0,00",,2026,,,,,,,,,,,,
100176645,INSPEKSI TIER 1 BS08035,INST1,GD01.06301805,,32760.INSPEKSI2,ULP.32760,COMP,ULP SINJAI,,27/07/2026,,CUKUP,P_MATUMPU,06/08/2026,,,TND,Jul,UP3 BULUKUMBA,GD,INSP,"0,00",,2026,,,,,,,,,,,,
100176746,INSPEKSI TIER 1 BS08034,INST1,GD01.06301804,,32760.INSPEKSI2,ULP.32760,COMP,ULP SINJAI,,27/07/2026,,CUKUP,P_MATUMPU,06/08/2026,,,TND,Jul,UP3 BULUKUMBA,GD,INSP,"0,00",,2026,,,,,,,,,,,,
100176986,INSPEKSI TIER 1 BS08033,INST1,GD01.06301803,,32760.INSPEKSI2,ULP.32760,COMP,ULP SINJAI,,27/07/2026,,CUKUP,P_MATUMPU,06/08/2026,,,TND,Jul,UP3 BULUKUMBA,GD,INSP,"0,00",,2026,,,,,,,,,,,,
100177146,INSPEKSI TIER 1 BS08032,INST1,GD01.06301802,,32760.INSPEKSI2,ULP.32760,COMP,ULP SINJAI,,27/07/2026,,KURANG,P_MATUMPU,06/08/2026,,,TND,Jul,UP3 BULUKUMBA,GD,INSP,"0,00",,2026,,,,,,,,,,,,
100177214,INSPEKSI TIER 1 BS08031,INST1,GD01.06301801,,32760.INSPEKSI2,ULP.32760,COMP,ULP SINJAI,,27/07/2026,,KURANG,P_MATUMPU,06/08/2026,,,TND,Jul,UP3 BULUKUMBA,GD,INSP,"0,00",,2026,,,,,,,,,,,,
100177265,INSPEKSI TIER 1 BS08030,INST1,GD01.06301800,,32760.INSPEKSI2,ULP.32760,COMP,ULP SINJAI,,27/07/2026,,BAIK,P_MATUMPU,06/08/2026,,,TND,Jul,UP3 BULUKUMBA,GD,INSP,"0,00",,2026,,,,,,,,,,,,
100177363,INSPEKSI TIER 1 BS08029,INST1,GD01.06301799,,32760.INSPEKSI2,ULP.32760,COMP,ULP SINJAI,,27/07/2026,,KURANG,P_MATUMPU,07/08/2026,,,TND,Jul,UP3 BULUKUMBA,GD,INSP,"0,00",,2026,,,,,,,,,,,,
100177737,INSPEKSI TIER 1 BS08061,INST1,GD01.06301798,,32760.INSPEKSI2,ULP.32760,COMP,ULP SINJAI,,27/07/2026,,KURANG,P_MATUMPU,07/08/2026,,,TND,Jul,UP3 BULUKUMBA,GD,INSP,"0,00",,2026,,,,,,,,,,,,
100178241,INSPEKSI TIER 1 BS08060,INST1,GD01.06301797,,32760.INSPEKSI2,ULP.32760,COMP,ULP SINJAI,,27/07/2026,,KURANG,P_MATUMPU,07/08/2026,,,TND,Jul,UP3 BULUKUMBA,GD,INSP,"0,00",,2026,,,,,,,,,,,,
100178422,INSPEKSI TIER 1 BS08027,INST1,GD01.06301795,,32760.INSPEKSI2,ULP.32760,COMP,ULP SINJAI,,27/07/2026,,KURANG,P_MATUMPU,07/08/2026,,,TND,Jul,UP3 BULUKUMBA,GD,INSP,"0,00",,2026,,,,,,,,,,,,
100178577,INSPEKSI TIER 1 BS08026,INST1,GD01.06301794,,32760.INSPEKSI2,ULP.32760,COMP,ULP SINJAI,,27/07/2026,,KURANG,P_MATUMPU,07/08/2026,,,TND,Jul,UP3 BULUKUMBA,GD,INSP,"0,00",,2026,,,,,,,,,,,,
100178866,INSPEKSI TIER 1 BS08025,INST1,GD01.06301793,,32760.INSPEKSI2,ULP.32760,COMP,ULP SINJAI,,27/07/2026,,KURANG,P_MATUMPU,07/08/2026,,,TND,Jul,UP3 BULUKUMBA,GD,INSP,"0,00",,2026,,,,,,,,,,,,
100179059,INSPEKSI TIER 1 BS08024,INST1,GD01.06301792,,32760.INSPEKSI2,ULP.32760,COMP,ULP SINJAI,,27/07/2026,,KURANG,P_MATUMPU,07/08/2026,,,TND,Jul,UP3 BULUKUMBA,GD,INSP,"0,00",,2026,,,,,,,,,,,,
100179175,INSPEKSI TIER 1 BS08023,INST1,GD01.06301791,,32760.INSPEKSI2,ULP.32760,COMP,ULP SINJAI,,27/07/2026,,KURANG,P_MATUMPU,07/08/2026,,,TND,Jul,UP3 BULUKUMBA,GD,INSP,"0,00",,2026,,,,,,,,,,,,
100179461,INSPEKSI TIER 1 BS08022,INST1,GD01.06301790,,32760.INSPEKSI2,ULP.32760,COMP,ULP SINJAI,,27/07/2026,,KURANG,P_MATUMPU,07/08/2026,,,TND,Jul,UP3 BULUKUMBA,GD,INSP,"0,00",,2026,,,,,,,,,,,,
100179573,INSPEKSI TIER 1 BS08021,INST1,GD01.06301789,,32760.INSPEKSI2,ULP.32760,COMP,ULP SINJAI,,27/07/2026,,KURANG,P_MATUMPU,07/08/2026,,,TND,Jul,UP3 BULUKUMBA,GD,INSP,"0,00",,2026,,,,,,,,,,,,
100179716,INSPEKSI TIER 1 BS08019,INST1,GD01.06301787,,32760.INSPEKSI2,ULP.32760,WFOLLOWUP,ULP SINJAI,,27/07/2026,,BURUK,P_MATUMPU,06/08/2026,,,TND,Jul,UP3 BULUKUMBA,GD,INSP,"0,00",,2026,,,,,,,,,,,,
100181472,INSPEKSI TIER 1 BT01516,INST1,GD01.06300442,,32770.INSPEKSI1,ULP.32770,WFCOMP,ULP TANETE,,27/07/2026,7/28/26 6:11 PM,KURANG,P_BINTARORE,27/08/2026,,,TND,Jul,UP3 BULUKUMBA,GD,INSP,"0,00",,2026,,,,,,,,,,,,
100182499,Perbaikan/Pergantian INSPEKSI TIER 1 BB18010,INST1,GD01.06302204,,32740.INSPEKSI2,ULP.32740,WAPPR,ULP BANTAENG,,27/07/2026,,,P_LEMBANG,27/07/2026,,100149725,TND,Jul,UP3 BULUKUMBA,GD,TL,"0,00",,2026,,,,,,,,,,,,
100183178,INSPEKSI TIER 1 BT01518,INST1,GD01.06300444,,32770.INSPEKSI1,ULP.32770,COMP,ULP TANETE,,27/07/2026,7/28/26 6:11 PM,KURANG,P_BINTARORE,03/08/2026,,,TND,Jul,UP3 BULUKUMBA,GD,INSP,"0,00",,2026,,,,,,,,,,,,
100183327,INSPEKSI TIER 1 BT01522,INST1,GD01.06300445,,32770.INSPEKSI1,ULP.32770,COMP,ULP TANETE,,27/07/2026,7/28/26 6:10 PM,KURANG,P_BINTARORE,03/08/2026,,,TND,Jul,UP3 BULUKUMBA,GD,INSP,"0,00",,2026,,,,,,,,,,,,
100186058,INSPEKSI TIER 1 BT01531,INST1,GD01.06300446,,32770.INSPEKSI1,ULP.32770,COMP,ULP TANETE,,28/07/2026,7/28/26 6:10 PM,KURANG,P_BINTARORE,03/08/2026,,,TND,Jul,UP3 BULUKUMBA,GD,INSP,"0,00",,2026,,,,,,,,,,,,
100186069,INSPEKSI TIER 1 BT01532,INST1,GD01.06300447,,32770.INSPEKSI1,ULP.32770,COMP,ULP TANETE,,28/07/2026,7/28/26 6:09 PM,KURANG,P_BINTARORE,03/08/2026,,,TND,Jul,UP3 BULUKUMBA,GD,INSP,"0,00",,2026,,,,,,,,,,,,
100186080,INSPEKSI TIER 1 BT01523,INST1,GD01.06300448,,32770.INSPEKSI1,ULP.32770,WFCOMP,ULP TANETE,,28/07/2026,7/28/26 6:09 PM,KURANG,P_BINTARORE,27/08/2026,,,TND,Jul,UP3 BULUKUMBA,GD,INSP,"0,00",,2026,,,,,,,,,,,,
100186178,INSPEKSI TIER 1 BT01524,INST1,GD01.06300449,,32770.INSPEKSI1,ULP.32770,WFCOMP,ULP TANETE,,28/07/2026,7/28/26 6:09 PM,KURANG,P_BINTARORE,27/08/2026,,,TND,Jul,UP3 BULUKUMBA,GD,INSP,"0,00",,2026,,,,,,,,,,,,
100186238,INSPEKSI TIER 1 BT01525,INST1,GD01.06300450,,32770.INSPEKSI1,ULP.32770,WFCOMP,ULP TANETE,,28/07/2026,7/28/26 6:08 PM,KURANG,P_BINTARORE,27/08/2026,,,TND,Jul,UP3 BULUKUMBA,GD,INSP,"0,00",,2026,,,,,,,,,,,,
100187528,INSPEKSI TIER 1 BT01526,INST1,GD01.06300451,,32770.INSPEKSI1,ULP.32770,COMP,ULP TANETE,,28/07/2026,7/28/26 6:08 PM,KURANG,P_BINTARORE,03/08/2026,,,TND,Jul,UP3 BULUKUMBA,GD,INSP,"0,00",,2026,,,,,,,,,,,,
100188127,INSPEKSI TIER 1 BT01528,INST1,GD01.06300453,,32770.INSPEKSI1,ULP.32770,COMP,ULP TANETE,,28/07/2026,7/28/26 6:07 PM,CUKUP,P_BINTARORE,03/08/2026,,,TND,Jul,UP3 BULUKUMBA,GD,INSP,"0,00",,2026,,,,,,,,,,,,
100188227,INSPEKSI TIER 1 BT01529,INST1,GD01.06300454,,32770.INSPEKSI1,ULP.32770,COMP,ULP TANETE,,28/07/2026,7/28/26 6:06 PM,KURANG,P_BINTARORE,03/08/2026,,,TND,Jul,UP3 BULUKUMBA,GD,INSP,"0,00",,2026,,,,,,,,,,,,
100191773,Perbaikan/Pergantian INSPEKSI TIER 1 BB18045,INST1,GD01.06302240,,32740.INSPEKSI2,ULP.32740,INPRG,ULP BANTAENG,,28/07/2026,,,P_LINGKAR,26/08/2026,,100147913,TND,Jul,UP3 BULUKUMBA,GD,TL,"0,00",,2026,,,,,,,,,,,,
100191991,INSPEKSI TIER 1 BB18050,INST1,GD01.06302245,,32740.INSPEKSI2,ULP.32740,WFOLLOWUP,ULP BANTAENG,,28/07/2026,,BURUK,P_LINGKAR,12/08/2026,,,TND,Jul,UP3 BULUKUMBA,GD,INSP,"0,00",,2026,,,,,,,,,,,,
100193478,INSPEKSI TIER 1 BB18051,INST1,GD01.06302246,,32740.INSPEKSI2,ULP.32740,COMP,ULP BANTAENG,,28/07/2026,,KURANG,P_LINGKAR,05/08/2026,,,TND,Jul,UP3 BULUKUMBA,GD,INSP,"0,00",,2026,,,,,,,,,,,,
100193621,INSPEKSI TIER 1 BB18052,INST1,GD01.06302247,,32740.INSPEKSI2,ULP.32740,WFOLLOWUP,ULP BANTAENG,,28/07/2026,,BURUK,P_LINGKAR,30/07/2026,,,TND,Jul,UP3 BULUKUMBA,GD,INSP,"0,00",,2026,,,,,,,,,,,,
100194256,INSPEKSI TIER 1 BB18053,INST1,GD01.06302248,,32740.INSPEKSI2,ULP.32740,COMP,ULP BANTAENG,,28/07/2026,,KURANG,P_LINGKAR,30/07/2026,,,TND,Jul,UP3 BULUKUMBA,GD,INSP,"0,00",,2026,,,,,,,,,,,,
100196293,INSPEKSI TIER 1 BB18054,INST1,GD01.06302249,,32740.INSPEKSI2,ULP.32740,WFOLLOWUP,ULP BANTAENG,,28/07/2026,,BURUK,P_LINGKAR,30/07/2026,,,TND,Jul,UP3 BULUKUMBA,GD,INSP,"0,00",,2026,,,,,,,,,,,,
100196536,INSPEKSI TIER 1 BB18055,INST1,GD01.06302250,,32740.INSPEKSI2,ULP.32740,COMP,ULP BANTAENG,,28/07/2026,,KURANG,P_LINGKAR,30/07/2026,,,TND,Jul,UP3 BULUKUMBA,GD,INSP,"0,00",,2026,,,,,,,,,,,,
100196661,INSPEKSI TIER 1 BB18056,INST1,GD01.06302251,,32740.INSPEKSI2,ULP.32740,COMP,ULP BANTAENG,,28/07/2026,,KURANG,P_LINGKAR,30/07/2026,,,TND,Jul,UP3 BULUKUMBA,GD,INSP,"0,00",,2026,,,,,,,,,,,,
100197487,INSPEKSI TIER 1 BB18057,INST1,GD01.06302252,,32740.INSPEKSI2,ULP.32740,COMP,ULP BANTAENG,,28/07/2026,,KURANG,P_LINGKAR,30/07/2026,,,TND,Jul,UP3 BULUKUMBA,GD,INSP,"0,00",,2026,,,,,,,,,,,,
100198545,INSPEKSI TIER 1 BB18058,INST1,GD01.06302253,,32740.INSPEKSI2,ULP.32740,COMP,ULP BANTAENG,,28/07/2026,,CUKUP,P_LINGKAR,30/07/2026,,,TND,Jul,UP3 BULUKUMBA,GD,INSP,"0,00",,2026,,,,,,,,,,,,
100198706,INSPEKSI TIER 1 BB18059,INST1,GD01.06302254,,32740.INSPEKSI1,ULP.32740,COMP,ULP BANTAENG,,28/07/2026,,CUKUP,P_LINGKAR,30/07/2026,,,TND,Jul,UP3 BULUKUMBA,GD,INSP,"0,00",,2026,,,,,,,,,,,,
100198966,INSPEKSI TIER 1 BB18060,INST1,GD01.06302255,,32740.INSPEKSI2,ULP.32740,WFOLLOWUP,ULP BANTAENG,,28/07/2026,,BURUK,P_LINGKAR,09/08/2026,,,TND,Jul,UP3 BULUKUMBA,GD,INSP,"0,00",,2026,,,,,,,,,,,,
100199118,INSPEKSI TIER 1 BB18061,INST1,GD01.06302256,,32740.INSPEKSI2,ULP.32740,WFOLLOWUP,ULP BANTAENG,,28/07/2026,,BURUK,P_LINGKAR,09/08/2026,,,TND,Jul,UP3 BULUKUMBA,GD,INSP,"0,00",,2026,,,,,,,,,,,,
100208412,INSPEKSI TIER 1 BJ 12028,INST1,GD01.06300926,,32730.INSPEKSI1,ULP.32730,COMP,ULP JENEPONTO,,28/07/2026,,,P_ARUNGKEKE,29/07/2026,,,TND,Jul,UP3 BULUKUMBA,GD,INSP,"0,00",,2026,,,,,,,,,,,,
100208421,INSPEKSI TIER 1 BJ 12031,INST1,GD01.06300929,,32730.INSPEKSI1,ULP.32730,COMP,ULP JENEPONTO,,28/07/2026,,,P_ARUNGKEKE,29/07/2026,,,TND,Jul,UP3 BULUKUMBA,GD,INSP,"0,00",,2026,,,,,,,,,,,,
100208604,INSPEKSI TIER 1 BJ12034,INST1,GD01.06300932,,32730.INSPEKSI1,ULP.32730,COMP,ULP JENEPONTO,,28/07/2026,,KURANG,P_ARUNGKEKE,29/07/2026,,,TND,Jul,UP3 BULUKUMBA,GD,INSP,"0,00",,2026,,,,,,,,,,,,
100208653,INSPEKSI TIER 1 BJ12039,INST1,GD01.06300937,,32730.INSPEKSI1,ULP.32730,COMP,ULP JENEPONTO,,28/07/2026,,KURANG,P_ARUNGKEKE,29/07/2026,,,TND,Jul,UP3 BULUKUMBA,GD,INSP,"0,00",,2026,,,,,,,,,,,,
100208684,INSPEKSI TIER 1 BJ 12047,INST1,GD01.06300945,,32730.INSPEKSI1,ULP.32730,COMP,ULP JENEPONTO,,28/07/2026,,,P_ARUNGKEKE,29/07/2026,,,TND,Jul,UP3 BULUKUMBA,GD,INSP,"0,00",,2026,,,,,,,,,,,,
100208867,INSPEKSI TIER 1 BJ 12048,INST1,GD01.06300946,,32730.INSPEKSI1,ULP.32730,COMP,ULP JENEPONTO,,28/07/2026,,,P_ARUNGKEKE,29/07/2026,,,TND,Jul,UP3 BULUKUMBA,GD,INSP,"0,00",,2026,,,,,,,,,,,,
100209096,INSPEKSI TIER 1 BJ 12049,INST1,GD01.06300947,,32730.INSPEKSI1,ULP.32730,COMP,ULP JENEPONTO,,28/07/2026,,,P_ARUNGKEKE,29/07/2026,,,TND,Jul,UP3 BULUKUMBA,GD,INSP,"0,00",,2026,,,,,,,,,,,,
100209284,INSPEKSI TIER 1 BJ12052,INST1,GD01.06300950,,32730.INSPEKSI1,ULP.32730,COMP,ULP JENEPONTO,,28/07/2026,,KURANG,P_ARUNGKEKE,29/07/2026,,,TND,Jul,UP3 BULUKUMBA,GD,INSP,"0,00",,2026,,,,,,,,,,,,
100209443,INSPEKSI TIER 1 BJ12053,INST1,GD01.06300951,,32730.INSPEKSI1,ULP.32730,COMP,ULP JENEPONTO,,28/07/2026,,KURANG,P_ARUNGKEKE,29/07/2026,,,TND,Jul,UP3 BULUKUMBA,GD,INSP,"0,00",,2026,,,,,,,,,,,,
100209889,INSPEKSI TIER 1 BJ12054,INST1,GD01.06300952,,32730.INSPEKSI1,ULP.32730,COMP,ULP JENEPONTO,,28/07/2026,,KURANG,P_ARUNGKEKE,29/07/2026,,,TND,Jul,UP3 BULUKUMBA,GD,INSP,"0,00",,2026,,,,,,,,,,,,
100210059,INSPEKSI TIER 1 BJ12055,INST1,GD01.06300953,,32730.INSPEKSI1,ULP.32730,COMP,ULP JENEPONTO,,28/07/2026,,KURANG,P_ARUNGKEKE,29/07/2026,,,TND,Jul,UP3 BULUKUMBA,GD,INSP,"0,00",,2026,,,,,,,,,,,,
100210085,INSPEKSI TIER 1 BJ12056,INST1,GD01.06300954,,32730.INSPEKSI1,ULP.32730,COMP,ULP JENEPONTO,,28/07/2026,,KURANG,P_ARUNGKEKE,29/07/2026,,,TND,Jul,UP3 BULUKUMBA,GD,INSP,"0,00",,2026,,,,,,,,,,,,
100210138,INSPEKSI TIER 1 BJ12057,INST1,GD01.06300955,,32730.INSPEKSI1,ULP.32730,COMP,ULP JENEPONTO,,28/07/2026,,KURANG,P_ARUNGKEKE,29/07/2026,,,TND,Jul,UP3 BULUKUMBA,GD,INSP,"0,00",,2026,,,,,,,,,,,,
100210223,INSPEKSI TIER 1 BJ63666,INST1,GD01.06300956,,32730.INSPEKSI1,ULP.32730,COMP,ULP JENEPONTO,,28/07/2026,,KURANG,P_PASAR KARISA,29/07/2026,,,TND,Jul,UP3 BULUKUMBA,GD,INSP,"0,00",,2026,,,,,,,,,,,,
100210273,INSPEKSI TIER 1 BJ63668,INST1,GD01.06300958,,32730.INSPEKSI1,ULP.32730,COMP,ULP JENEPONTO,,28/07/2026,,CUKUP,P_PASAR KARISA,29/07/2026,,,TND,Jul,UP3 BULUKUMBA,GD,INSP,"0,00",,2026,,,,,,,,,,,,
100210468,INSPEKSI TIER 1 BJ63669,INST1,GD01.06300959,,32730.INSPEKSI1,ULP.32730,COMP,ULP JENEPONTO,,28/07/2026,,KURANG,P_PASAR KARISA,29/07/2026,,,TND,Jul,UP3 BULUKUMBA,GD,INSP,"0,00",,2026,,,,,,,,,,,,
100210523,INSPEKSI TIER 1 BJ63673,INST1,GD01.06300963,,32730.INSPEKSI1,ULP.32730,COMP,ULP JENEPONTO,,28/07/2026,,CUKUP,P_PASAR KARISA,29/07/2026,,,TND,Jul,UP3 BULUKUMBA,GD,INSP,"0,00",,2026,,,,,,,,,,,,
100210573,INSPEKSI TIER 1 BJ63674,INST1,GD01.06300964,,32730.INSPEKSI1,ULP.32730,COMP,ULP JENEPONTO,,28/07/2026,,CUKUP,P_PASAR KARISA,29/07/2026,,,TND,Jul,UP3 BULUKUMBA,GD,INSP,"0,00",,2026,,,,,,,,,,,,
100210773,INSPEKSI TIER 1 BJ63675,INST1,GD01.06300965,,32730.INSPEKSI1,ULP.32730,COMP,ULP JENEPONTO,,28/07/2026,,KURANG,P_PASAR KARISA,29/07/2026,,,TND,Jul,UP3 BULUKUMBA,GD,INSP,"0,00",,2026,,,,,,,,,,,,
100210799,INSPEKSI TIER 1 BJ63677,INST1,GD01.06300967,,32730.INSPEKSI1,ULP.32730,COMP,ULP JENEPONTO,,28/07/2026,,KURANG,P_PASAR KARISA,29/07/2026,,,TND,Jul,UP3 BULUKUMBA,GD,INSP,"0,00",,2026,,,,,,,,,,,,
100210840,INSPEKSI TIER 1 BJ63677,INST1,GD01.06300967,,32730.INSPEKSI1,ULP.32730,COMP,ULP JENEPONTO,,28/07/2026,,KURANG,P_PASAR KARISA,29/07/2026,,,TND,Jul,UP3 BULUKUMBA,GD,INSP,"0,00",,2026,,,,,,,,,,,,
100210879,INSPEKSI TIER 1 BJ63678,INST1,GD01.06300968,,32730.INSPEKSI1,ULP.32730,COMP,ULP JENEPONTO,,28/07/2026,,KURANG,P_PASAR KARISA,29/07/2026,,,TND,Jul,UP3 BULUKUMBA,GD,INSP,"0,00",,2026,,,,,,,,,,,,
100211838,INSPEKSI TIER 1 BL03088,INST1,GD01.06302968,,32710.INSPEKSI2,ULP.32710,COMP,ULP PANRITA LOPI,,28/07/2026,,CUKUP,P_SAPOLOHE,06/08/2026,,,TND,Jul,UP3 BULUKUMBA,GD,INSP,"0,00",,2026,,,,,,,,,,,,
100211992,INSPEKSI TIER 1 BL03010,INST1,GD01.06302972,,32710.INSPEKSI2,ULP.32710,COMP,ULP PANRITA LOPI,,28/07/2026,,KURANG,P_SAPOLOHE,30/07/2026,,,TND,Jul,UP3 BULUKUMBA,GD,INSP,"0,00",,2026,,,,,,,,,,,,
100213174,INSPEKSI TIER 1 BL03011,INST1,GD01.06302974,,32710.INSPEKSI2,ULP.32710,WFOLLOWUP,ULP PANRITA LOPI,,28/07/2026,,BURUK,P_SAPOLOHE,30/07/2026,,,TND,Jul,UP3 BULUKUMBA,GD,INSP,"0,00",,2026,,,,,,,,,,,,
100213999,INSPEKSI TIER 1 BL03038,INST1,GD01.06302980,,32710.INSPEKSI2,ULP.32710,COMP,ULP PANRITA LOPI,,28/07/2026,,KURANG,P_SAPOLOHE,30/07/2026,,,TND,Jul,UP3 BULUKUMBA,GD,INSP,"0,00",,2026,,,,,,,,,,,,
100218795,INSPEKSI TIER 1 BL03016,INST1,GD01.06302985,,32710.INSPEKSI2,ULP.32710,COMP,ULP PANRITA LOPI,,28/07/2026,,KURANG,P_SAPOLOHE,30/07/2026,,,TND,Jul,UP3 BULUKUMBA,GD,INSP,"0,00",,2026,,,,,,,,,,,,
100218822,INSPEKSI TIER 1 BL03017,INST1,GD01.06302987,,32710.INSPEKSI2,ULP.32710,COMP,ULP PANRITA LOPI,,28/07/2026,,KURANG,P_SAPOLOHE,30/07/2026,,,TND,Jul,UP3 BULUKUMBA,GD,INSP,"0,00",,2026,,,,,,,,,,,,
100218839,INSPEKSI TIER 1 BL03047,INST1,GD01.06302991,,32710.INSPEKSI2,ULP.32710,COMP,ULP PANRITA LOPI,,28/07/2026,,KURANG,P_SAPOLOHE,30/07/2026,,,TND,Jul,UP3 BULUKUMBA,GD,INSP,"0,00",,2026,,,,,,,,,,,,
100221136,INSPEKSI TIER 1 BL03072,INST1,GD01.06302996,,32710.INSPEKSI2,ULP.32710,WFOLLOWUP,ULP PANRITA LOPI,,28/07/2026,,BURUK,P_SAPOLOHE,30/07/2026,,,TND,Jul,UP3 BULUKUMBA,GD,INSP,"0,00",,2026,,,,,,,,,,,,
100221472,INSPEKSI TIER 1 BL03023,INST1,GD01.06303034,,32710.INSPEKSI2,ULP.32710,COMP,ULP PANRITA LOPI,,28/07/2026,,KURANG,P_UJUNGLOE,30/07/2026,,,TND,Jul,UP3 BULUKUMBA,GD,INSP,"0,00",,2026,,,,,,,,,,,,
100224811,INSPEKSI TIER 1 BL03024,INST1,GD01.06303035,,32710.INSPEKSI2,ULP.32710,COMP,ULP PANRITA LOPI,,28/07/2026,,KURANG,P_UJUNGLOE,30/07/2026,,,TND,Jul,UP3 BULUKUMBA,GD,INSP,"0,00",,2026,,,,,,,,,,,,
100224879,INSPEKSI TIER 1 BL03025,INST1,GD01.06303036,,32710.INSPEKSI2,ULP.32710,COMP,ULP PANRITA LOPI,,28/07/2026,,KURANG,P_UJUNGLOE,30/07/2026,,,TND,Jul,UP3 BULUKUMBA,GD,INSP,"0,00",,2026,,,,,,,,,,,,
100224934,INSPEKSI TIER 1 BL03026,INST1,GD01.06303037,,32710.INSPEKSI2,ULP.32710,WFOLLOWUP,ULP PANRITA LOPI,,28/07/2026,,BURUK,P_UJUNGLOE,30/07/2026,,,TND,Jul,UP3 BULUKUMBA,GD,INSP,"0,00",,2026,,,,,,,,,,,,
100224987,INSPEKSI TIER 1 BL03027,INST1,GD01.06303038,,32710.INSPEKSI2,ULP.32710,WFOLLOWUP,ULP PANRITA LOPI,,28/07/2026,,BURUK,P_UJUNGLOE,30/07/2026,,,TND,Jul,UP3 BULUKUMBA,GD,INSP,"0,00",,2026,,,,,,,,,,,,
100225050,INSPEKSI TIER 1 BL03073,INST1,GD01.06303040,,32710.INSPEKSI2,ULP.32710,WFOLLOWUP,ULP PANRITA LOPI,,28/07/2026,,BURUK,P_UJUNGLOE,30/07/2026,,,TND,Jul,UP3 BULUKUMBA,GD,INSP,"0,00",,2026,,,,,,,,,,,,
100225142,INSPEKSI TIER 1 BL03032,INST1,GD01.06303051,,32710.INSPEKSI2,ULP.32710,WFOLLOWUP,ULP PANRITA LOPI,,28/07/2026,,BURUK,P_UJUNGLOE,30/07/2026,,,TND,Jul,UP3 BULUKUMBA,GD,INSP,"0,00",,2026,,,,,,,,,,,,
100225207,INSPEKSI TIER 1 BL01007,INST1,GD01.19602581,,32710.INSPEKSI2,ULP.32710,COMP,ULP PANRITA LOPI,,28/07/2026,,CUKUP,P_BINTARORE,30/07/2026,,,TND,Jul,UP3 BULUKUMBA,GD,INSP,"0,00",,2026,,,,,,,,,,,,
100225219,INSPEKSI TIER 1 BL01110,INST1,GD01.19602586,,32710.INSPEKSI2,ULP.32710,WFOLLOWUP,ULP PANRITA LOPI,,28/07/2026,,BURUK,P_BINTARORE,30/07/2026,,,TND,Jul,UP3 BULUKUMBA,GD,INSP,"0,00",,2026,,,,,,,,,,,,
100225230,INSPEKSI TIER 1 BL02033,INST1,GD01.19602594,,32710.INSPEKSI2,ULP.32710,WFOLLOWUP,ULP PANRITA LOPI,,28/07/2026,,BURUK,P_PAJUKUKANG,30/07/2026,,,TND,Jul,UP3 BULUKUMBA,GD,INSP,"0,00",,2026,,,,,,,,,,,,
100225241,INSPEKSI TIER 1 BL03051,INST1,GD01.19602597,,32710.INSPEKSI2,ULP.32710,WFOLLOWUP,ULP PANRITA LOPI,,28/07/2026,,BURUK,P_UJUNGLOE,30/07/2026,,,TND,Jul,UP3 BULUKUMBA,GD,INSP,"0,00",,2026,,,,,,,,,,,,
100233699,INSPEKSI TIER 1 BT01505,INST1,GD01.06300430,,32770.INSPEKSI1,ULP.32770,COMP,ULP TANETE,,29/07/2026,8/3/26 10:22,KURANG,P_BINTARORE,10/08/2026,,,TND,Jul,UP3 BULUKUMBA,GD,INSP,"0,00",,2026,,,,,,,,,,,,
100233855,INSPEKSI TIER 1 BT01515,INST1,GD01.06300441,,32770.INSPEKSI1,ULP.32770,WFCOMP,ULP TANETE,,29/07/2026,8/3/26 10:23,KURANG,P_BINTARORE,21/08/2026,,,TND,Jul,UP3 BULUKUMBA,GD,INSP,"0,00",,2026,,,,,,,,,,,,
100233877,INSPEKSI TIER 1 BT01530,INST1,GD01.06300455,,32770.INSPEKSI1,ULP.32770,WFCOMP,ULP TANETE,,29/07/2026,8/3/26 10:24,KURANG,P_BINTARORE,12/08/2026,,,TND,Jul,UP3 BULUKUMBA,GD,INSP,"0,00",,2026,,,,,,,,,,,,
100233932,INSPEKSI TIER 1 BT01519,INST1,GD01.06300456,,32770.INSPEKSI1,ULP.32770,WFCOMP,ULP TANETE,,29/07/2026,8/3/26 10:25,KURANG,P_BINTARORE,21/08/2026,,,TND,Jul,UP3 BULUKUMBA,GD,INSP,"0,00",,2026,,,,,,,,,,,,
100233946,INSPEKSI TIER 1 BT01520,INST1,GD01.06300457,,32770.INSPEKSI1,ULP.32770,WFCOMP,ULP TANETE,,29/07/2026,8/3/26 10:27,KURANG,P_BINTARORE,27/08/2026,,,TND,Jul,UP3 BULUKUMBA,GD,INSP,"0,00",,2026,,,,,,,,,,,,
100233990,INSPEKSI TIER 1 BT52901,INST1,GD01.06300461,,32770.INSPEKSI1,ULP.32770,COMP,ULP TANETE,,29/07/2026,8/3/26 10:27,KURANG,P_BINTARORE,10/08/2026,,,TND,Jul,UP3 BULUKUMBA,GD,INSP,"0,00",,2026,,,,,,,,,,,,
100234020,INSPEKSI TIER 1 BT52902,INST1,GD01.06300462,,32770.INSPEKSI1,ULP.32770,WFCOMP,ULP TANETE,,29/07/2026,8/3/26 10:30,KURANG,P_BINTARORE,21/08/2026,,,TND,Jul,UP3 BULUKUMBA,GD,INSP,"0,00",,2026,,,,,,,,,,,,
100234059,INSPEKSI TIER 1 BT52903,INST1,GD01.06300463,,32770.INSPEKSI1,ULP.32770,WFCOMP,ULP TANETE,,29/07/2026,8/3/26 10:31,KURANG,P_BINTARORE,21/08/2026,,,TND,Jul,UP3 BULUKUMBA,GD,INSP,"0,00",,2026,,,,,,,,,,,,
100234214,INSPEKSI TIER 1 BT52904,INST1,GD01.06300464,,32770.INSPEKSI1,ULP.32770,COMP,ULP TANETE,,29/07/2026,8/3/26 10:31,KURANG,P_BINTARORE,17/08/2026,,,TND,Jul,UP3 BULUKUMBA,GD,INSP,"0,00",,2026,,,,,,,,,,,,
100234558,INSPEKSI TIER 1 BT52905,INST1,GD01.06300465,,32770.INSPEKSI1,ULP.32770,WFCOMP,ULP TANETE,,29/07/2026,8/3/26 10:32,KURANG,P_BINTARORE,21/08/2026,,,TND,Jul,UP3 BULUKUMBA,GD,INSP,"0,00",,2026,,,,,,,,,,,,
100234705,INSPEKSI TIER 1 BT52906,INST1,GD01.06300466,,32770.INSPEKSI1,ULP.32770,COMP,ULP TANETE,,29/07/2026,8/3/26 10:33,KURANG,P_BINTARORE,17/08/2026,,,TND,Jul,UP3 BULUKUMBA,GD,INSP,"0,00",,2026,,,,,,,,,,,,
100235914,INSPEKSI TIER 1 BT52908,INST1,GD01.06300467,,32770.INSPEKSI1,ULP.32770,COMP,ULP TANETE,,29/07/2026,8/3/26 10:33,KURANG,P_BINTARORE,17/08/2026,,,TND,Jul,UP3 BULUKUMBA,GD,INSP,"0,00",,2026,,,,,,,,,,,,
100236088,INSPEKSI TIER 1 BT08514,INST1,GD01.06300469,,32770.INSPEKSI1,ULP.32770,WFCOMP,ULP TANETE,,29/07/2026,8/3/26 10:34,KURANG,P_BINTARORE,24/08/2026,,,TND,Jul,UP3 BULUKUMBA,GD,INSP,"0,00",,2026,,,,,,,,,,,,
100236879,INSPEKSI TIER 1 BT08508,INST1,GD01.06300473,,32770.INSPEKSI1,ULP.32770,COMP,ULP TANETE,,29/07/2026,8/3/26 10:35,KURANG,P_BINTARORE,17/08/2026,,,TND,Jul,UP3 BULUKUMBA,GD,INSP,"0,00",,2026,,,,,,,,,,,,
100236958,INSPEKSI TIER 1 BT08509,INST1,GD01.06300474,,32770.INSPEKSI1,ULP.32770,WFCOMP,ULP TANETE,,29/07/2026,8/3/26 10:36,KURANG,P_BINTARORE,27/08/2026,,,TND,Jul,UP3 BULUKUMBA,GD,INSP,"0,00",,2026,,,,,,,,,,,,
100237049,INSPEKSI TIER 1 BT08510,INST1,GD01.06300475,,32770.INSPEKSI1,ULP.32770,COMP,ULP TANETE,,29/07/2026,8/3/26 10:37,KURANG,P_BINTARORE,17/08/2026,,,TND,Jul,UP3 BULUKUMBA,GD,INSP,"0,00",,2026,,,,,,,,,,,,
100237116,INSPEKSI TIER 1 BT08511,INST1,GD01.06300476,,32770.INSPEKSI1,ULP.32770,COMP,ULP TANETE,,29/07/2026,8/3/26 10:37,KURANG,P_BINTARORE,17/08/2026,,,TND,Jul,UP3 BULUKUMBA,GD,INSP,"0,00",,2026,,,,,,,,,,,,
100237237,INSPEKSI TIER 1 BT08505,INST1,GD01.06300478,,32770.INSPEKSI1,ULP.32770,WFCOMP,ULP TANETE,,29/07/2026,8/3/26 10:38,KURANG,P_BINTARORE,21/08/2026,,,TND,Jul,UP3 BULUKUMBA,GD,INSP,"0,00",,2026,,,,,,,,,,,,
100237308,INSPEKSI TIER 1 BT08503,INST1,GD01.06300479,,32770.INSPEKSI1,ULP.32770,COMP,ULP TANETE,,29/07/2026,8/3/26 10:41,KURANG,P_BINTARORE,17/08/2026,,,TND,Jul,UP3 BULUKUMBA,GD,INSP,"0,00",,2026,,,,,,,,,,,,
100237352,INSPEKSI TIER 1 BT08504,INST1,GD01.06300480,,32770.INSPEKSI1,ULP.32770,COMP,ULP TANETE,,29/07/2026,,KURANG,P_BINTARORE,17/08/2026,,,TND,Jul,UP3 BULUKUMBA,GD,INSP,"0,00",,2026,,,,,,,,,,,,
100243647,INSPEKSI TIER 1 BR15008,INST1,GD01.06301631,,32750.INSPEKSI1,ULP.32750,COMP,ULP SELAYAR,,29/07/2026,,CUKUP,P_BONTOMATENE,07/08/2026,,,TND,Jul,UP3 BULUKUMBA,GD,INSP,"0,00",,2026,,,,,,,,,,,,
100243754,INSPEKSI TIER 1 BR15052,INST1,GD01.06301674,,32750.INSPEKSI1,ULP.32750,COMP,ULP SELAYAR,,29/07/2026,,,P_BONTOMATENE,07/08/2026,,,TND,Jul,UP3 BULUKUMBA,GD,INSP,"0,00",,2026,,,,,,,,,,,,
100243800,INSPEKSI TIER 1 BR15051,INST1,GD01.06301673,,32750.INSPEKSI1,ULP.32750,COMP,ULP SELAYAR,,29/07/2026,,,P_BONTOMATENE,07/08/2026,,,TND,Jul,UP3 BULUKUMBA,GD,INSP,"0,00",,2026,,,,,,,,,,,,
100243816,INSPEKSI TIER 1 BR15053,INST1,GD01.06301672,,7417.LEAD.SELAYAR1,ULP.32750,COMP,ULP SELAYAR,,29/07/2026,,,P_BONTOMATENE,03/08/2026,,,TND,Jul,UP3 BULUKUMBA,GD,INSP,"0,00",,2026,,,,,,,,,,,,
100243888,INSPEKSI TIER 1 BR15050,INST1,GD01.06301671,,32750.INSPEKSI1,ULP.32750,COMP,ULP SELAYAR,,29/07/2026,,,P_BONTOMATENE,07/08/2026,,,TND,Jul,UP3 BULUKUMBA,GD,INSP,"0,00",,2026,,,,,,,,,,,,
100243985,INSPEKSI TIER 1 BR15049,INST1,GD01.06301670,,32750.INSPEKSI1,ULP.32750,COMP,ULP SELAYAR,,29/07/2026,,,P_BONTOMATENE,07/08/2026,,,TND,Jul,UP3 BULUKUMBA,GD,INSP,"0,00",,2026,,,,,,,,,,,,
100244003,INSPEKSI TIER 1 BR15048,INST1,GD01.06301669,,32750.INSPEKSI1,ULP.32750,COMP,ULP SELAYAR,,29/07/2026,,,P_BONTOMATENE,07/08/2026,,,TND,Jul,UP3 BULUKUMBA,GD,INSP,"0,00",,2026,,,,,,,,,,,,
100244035,INSPEKSI TIER 1 BR15047,INST1,GD01.06301668,,32750.INSPEKSI1,ULP.32750,COMP,ULP SELAYAR,,29/07/2026,,,P_BONTOMATENE,07/08/2026,,,TND,Jul,UP3 BULUKUMBA,GD,INSP,"0,00",,2026,,,,,,,,,,,,
100244240,INSPEKSI TIER 1 BR15046,INST1,GD01.06301667,,32750.INSPEKSI1,ULP.32750,COMP,ULP SELAYAR,,29/07/2026,,,P_BONTOMATENE,07/08/2026,,,TND,Jul,UP3 BULUKUMBA,GD,INSP,"0,00",,2026,,,,,,,,,,,,
100244397,INSPEKSI TIER 1 BR15045,INST1,GD01.06301666,,32750.INSPEKSI1,ULP.32750,COMP,ULP SELAYAR,,29/07/2026,,,P_BONTOMATENE,07/08/2026,,,TND,Jul,UP3 BULUKUMBA,GD,INSP,"0,00",,2026,,,,,,,,,,,,
100244585,INSPEKSI TIER 1 BR15044,INST1,GD01.06301665,,32750.INSPEKSI1,ULP.32750,COMP,ULP SELAYAR,,29/07/2026,,,P_BONTOMATENE,07/08/2026,,,TND,Jul,UP3 BULUKUMBA,GD,INSP,"0,00",,2026,,,,,,,,,,,,
100244720,INSPEKSI TIER 1 BR15043,INST1,GD01.06301664,,32750.INSPEKSI1,ULP.32750,COMP,ULP SELAYAR,,29/07/2026,,,P_BONTOMATENE,07/08/2026,,,TND,Jul,UP3 BULUKUMBA,GD,INSP,"0,00",,2026,,,,,,,,,,,,
100244811,INSPEKSI TIER 1 BR15042,INST1,GD01.06301663,,32750.INSPEKSI1,ULP.32750,COMP,ULP SELAYAR,,29/07/2026,,,P_BONTOMATENE,07/08/2026,,,TND,Jul,UP3 BULUKUMBA,GD,INSP,"0,00",,2026,,,,,,,,,,,,
100244876,INSPEKSI TIER 1 BR15041,INST1,GD01.06301662,,32750.INSPEKSI1,ULP.32750,COMP,ULP SELAYAR,,29/07/2026,,,P_BONTOMATENE,07/08/2026,,,TND,Jul,UP3 BULUKUMBA,GD,INSP,"0,00",,2026,,,,,,,,,,,,
100245012,INSPEKSI TIER 1 BR15040,INST1,GD01.06301661,,32750.INSPEKSI1,ULP.32750,COMP,ULP SELAYAR,,29/07/2026,,,P_BONTOMATENE,07/08/2026,,,TND,Jul,UP3 BULUKUMBA,GD,INSP,"0,00",,2026,,,,,,,,,,,,
100245148,INSPEKSI TIER 1 BR15039,INST1,GD01.06301660,,32750.INSPEKSI1,ULP.32750,COMP,ULP SELAYAR,,29/07/2026,,,P_BONTOMATENE,07/08/2026,,,TND,Jul,UP3 BULUKUMBA,GD,INSP,"0,00",,2026,,,,,,,,,,,,
100248225,Perbaikan/Pergantian INSPEKSI TIER 1 BL00086,INST1,GD01.06302153,,32710.INSPEKSI2,ULP.32710,COMP,ULP PANRITA LOPI,,29/07/2026,,CUKUP,P_SAPIRIA,30/07/2026,,99747734,TND,Jul,UP3 BULUKUMBA,GD,TL,"0,00",,2026,,,,,,,,,,,,
100254694,INSPEKSI TIER 1 BR15038,INST1,GD01.06301659,,32750.INSPEKSI1,ULP.32750,COMP,ULP SELAYAR,,29/07/2026,,,P_BONTOMATENE,07/08/2026,,,TND,Jul,UP3 BULUKUMBA,GD,INSP,"0,00",,2026,,,,,,,,,,,,
100254725,INSPEKSI TIER 1 BR15037,INST1,GD01.06301658,,32750.INSPEKSI1,ULP.32750,COMP,ULP SELAYAR,,29/07/2026,,,P_BONTOMATENE,07/08/2026,,,TND,Jul,UP3 BULUKUMBA,GD,INSP,"0,00",,2026,,,,,,,,,,,,
100254756,INSPEKSI TIER 1 BR15028,INST1,GD01.06301657,,32750.INSPEKSI1,ULP.32750,COMP,ULP SELAYAR,,29/07/2026,,,P_BONTOMATENE,07/08/2026,,,TND,Jul,UP3 BULUKUMBA,GD,INSP,"0,00",,2026,,,,,,,,,,,,
100254867,INSPEKSI TIER 1 BR15027,INST1,GD01.06301656,,32750.INSPEKSI1,ULP.32750,COMP,ULP SELAYAR,,29/07/2026,,,P_BONTOMATENE,07/08/2026,,,TND,Jul,UP3 BULUKUMBA,GD,INSP,"0,00",,2026,,,,,,,,,,,,
100273522,INSPEKSI TIER 1 BJ63679,INST1,GD01.06300969,,32730.INSPEKSI1,ULP.32730,WINSP,ULP JENEPONTO,,30/07/2026,,,P_PASAR KARISA,30/07/2026,,,TND,Jul,UP3 BULUKUMBA,GD,INSP,"0,00",,2026,,,,,,,,,,,,
100273553,INSPEKSI TIER 1 BJ63681,INST1,GD01.06300971,,32730.INSPEKSI1,ULP.32730,WINSP,ULP JENEPONTO,,30/07/2026,,,P_PASAR KARISA,30/07/2026,,,TND,Jul,UP3 BULUKUMBA,GD,INSP,"0,00",,2026,,,,,,,,,,,,
100273603,INSPEKSI TIER 1 BJ63682,INST1,GD01.06300972,,32730.INSPEKSI1,ULP.32730,WINSP,ULP JENEPONTO,,30/07/2026,,,P_PASAR KARISA,30/07/2026,,,TND,Jul,UP3 BULUKUMBA,GD,INSP,"0,00",,2026,,,,,,,,,,,,
100273621,INSPEKSI TIER 1 BJ63685,INST1,GD01.06300975,,32730.INSPEKSI1,ULP.32730,WINSP,ULP JENEPONTO,,30/07/2026,,,P_PASAR KARISA,30/07/2026,,,TND,Jul,UP3 BULUKUMBA,GD,INSP,"0,00",,2026,,,,,,,,,,,,
100273663,INSPEKSI TIER 1 BJ63686,INST1,GD01.06300976,,32730.INSPEKSI1,ULP.32730,WINSP,ULP JENEPONTO,,30/07/2026,,,P_PASAR KARISA,30/07/2026,,,TND,Jul,UP3 BULUKUMBA,GD,INSP,"0,00",,2026,,,,,,,,,,,,
100273698,INSPEKSI TIER 1 BJ63687,INST1,GD01.06300977,,32730.INSPEKSI1,ULP.32730,WINSP,ULP JENEPONTO,,30/07/2026,,,P_PASAR KARISA,30/07/2026,,,TND,Jul,UP3 BULUKUMBA,GD,INSP,"0,00",,2026,,,,,,,,,,,,
100273944,INSPEKSI TIER 1 BJ63689,INST1,GD01.06300979,,32730.INSPEKSI1,ULP.32730,WINSP,ULP JENEPONTO,,30/07/2026,,,P_PASAR KARISA,30/07/2026,,,TND,Jul,UP3 BULUKUMBA,GD,INSP,"0,00",,2026,,,,,,,,,,,,
100274215,INSPEKSI TIER 1 BJ63690,INST1,GD01.06300980,,32730.INSPEKSI1,ULP.32730,WINSP,ULP JENEPONTO,,30/07/2026,,,P_PASAR KARISA,30/07/2026,,,TND,Jul,UP3 BULUKUMBA,GD,INSP,"0,00",,2026,,,,,,,,,,,,
100274473,INSPEKSI TIER 1 BJ63691,INST1,GD01.06300981,,32730.INSPEKSI1,ULP.32730,WINSP,ULP JENEPONTO,,30/07/2026,,,P_PASAR KARISA,30/07/2026,,,TND,Jul,UP3 BULUKUMBA,GD,INSP,"0,00",,2026,,,,,,,,,,,,
100274627,INSPEKSI TIER 1 BJ63692,INST1,GD01.06300982,,32730.INSPEKSI1,ULP.32730,WINSP,ULP JENEPONTO,,30/07/2026,,,P_PASAR KARISA,30/07/2026,,,TND,Jul,UP3 BULUKUMBA,GD,INSP,"0,00",,2026,,,,,,,,,,,,
100274955,INSPEKSI TIER 1 BJ63693,INST1,GD01.06300983,,32730.INSPEKSI1,ULP.32730,WINSP,ULP JENEPONTO,,30/07/2026,,,P_PASAR KARISA,30/07/2026,,,TND,Jul,UP3 BULUKUMBA,GD,INSP,"0,00",,2026,,,,,,,,,,,,
100275608,INSPEKSI TIER 1 BJ63694,INST1,GD01.06300984,,32730.INSPEKSI1,ULP.32730,WINSP,ULP JENEPONTO,,30/07/2026,,,P_PASAR KARISA,30/07/2026,,,TND,Jul,UP3 BULUKUMBA,GD,INSP,"0,00",,2026,,,,,,,,,,,,
100283022,Perbaikan/Pergantian INSPEKSI TIER 1 SEGMEN TG.KOTA BARAT.0D022.RD016-TG.KOTA BARAT.0D022.RD055,INST1,ULP.32710,4691536,32710.INSPEKSI1,ULP.32710,COMP,ULP PANRITA LOPI,,30/07/2026,,BAIK,P_BINTARORE,03/08/2026,,99521012,TND,Jul,UP3 BULUKUMBA,JTM,TL,"2,05",,2026,,,,,,,,,,,,
100288079,INSPEKSI TIER 1 BJ63696,INST1,GD01.06300986,,32730.INSPEKSI1,ULP.32730,WINSP,ULP JENEPONTO,,30/07/2026,,,P_PASAR KARISA,30/07/2026,,,TND,Jul,UP3 BULUKUMBA,GD,INSP,"0,00",,2026,,,,,,,,,,,,
100289320,INSPEKSI TIER 1 BJ63697,INST1,GD01.06300987,,32730.INSPEKSI1,ULP.32730,WINSP,ULP JENEPONTO,,30/07/2026,,,P_PASAR KARISA,30/07/2026,,,TND,Jul,UP3 BULUKUMBA,GD,INSP,"0,00",,2026,,,,,,,,,,,,
100289376,INSPEKSI TIER 1 BJ63698,INST1,GD01.06300988,,32730.INSPEKSI1,ULP.32730,WINSP,ULP JENEPONTO,,30/07/2026,,,P_PASAR KARISA,30/07/2026,,,TND,Jul,UP3 BULUKUMBA,GD,INSP,"0,00",,2026,,,,,,,,,,,,
100289613,INSPEKSI TIER 1 BJ63699,INST1,GD01.06300989,,32730.INSPEKSI1,ULP.32730,WINSP,ULP JENEPONTO,,30/07/2026,,,P_PASAR KARISA,30/07/2026,,,TND,Jul,UP3 BULUKUMBA,GD,INSP,"0,00",,2026,,,,,,,,,,,,
100290479,INSPEKSI TIER 1 BJ63700,INST1,GD01.06300990,,32730.INSPEKSI1,ULP.32730,WINSP,ULP JENEPONTO,,30/07/2026,,,P_PASAR KARISA,30/07/2026,,,TND,Jul,UP3 BULUKUMBA,GD,INSP,"0,00",,2026,,,,,,,,,,,,
100290536,INSPEKSI TIER 1 BJ63701,INST1,GD01.06300991,,32730.INSPEKSI1,ULP.32730,WINSP,ULP JENEPONTO,,30/07/2026,,,P_PASAR KARISA,30/07/2026,,,TND,Jul,UP3 BULUKUMBA,GD,INSP,"0,00",,2026,,,,,,,,,,,,
100291004,INSPEKSI TIER 1 BJ63702,INST1,GD01.06300992,,32730.INSPEKSI1,ULP.32730,WFOLLOWUP,ULP JENEPONTO,,30/07/2026,,BURUK,P_PASAR KARISA,18/08/2026,,,TND,Jul,UP3 BULUKUMBA,GD,INSP,"0,00",,2026,,,,,,,,,,,,
100292129,INSPEKSI TIER 1 BL03113,INST1,GD01.19602607,,32710.INSPEKSI1,ULP.32710,WFCOMP,ULP PANRITA LOPI,,30/07/2026,,KURANG,P_UJUNGLOE,28/08/2026,,,TND,Jul,UP3 BULUKUMBA,GD,INSP,"0,00",,2026,,,,,,,,,,,,
100292794,INSPEKSI TIER 1 BL01118,INST1,GD01.19602605,,32710.INSPEKSI1,ULP.32710,COMP,ULP PANRITA LOPI,,30/07/2026,,KURANG,P_BINTARORE,03/08/2026,,,TND,Jul,UP3 BULUKUMBA,GD,INSP,"0,00",,2026,,,,,,,,,,,,
100293476,INSPEKSI TIER 1 BL00117,INST1,GD01.06301421,,32710.INSPEKSI1,ULP.32710,WFCOMP,ULP PANRITA LOPI,,30/07/2026,,KURANG,P_SAPIRIA,28/08/2026,,,TND,Jul,UP3 BULUKUMBA,GD,INSP,"0,00",,2026,,,,,,,,,,,,
100293687,INSPEKSI TIER 1 BL01121,INST1,GD01.06301373,,32710.INSPEKSI1,ULP.32710,WFCOMP,ULP PANRITA LOPI,,30/07/2026,,KURANG,P_BINTARORE,28/08/2026,,,TND,Jul,UP3 BULUKUMBA,GD,INSP,"0,00",,2026,,,,,,,,,,,,
100294290,INSPEKSI TIER 1 BL00118,INST1,GD01.06301705,,32710.INSPEKSI1,ULP.32710,WFCOMP,ULP PANRITA LOPI,,30/07/2026,,KURANG,P_MATTEKO,28/08/2026,,,TND,Jul,UP3 BULUKUMBA,GD,INSP,"0,00",,2026,,,,,,,,,,,,
100294453,INSPEKSI TIER 1 BL01014,INST1,GD01.06301708,,32710.INSPEKSI1,ULP.32710,WFCOMP,ULP PANRITA LOPI,,30/07/2026,,KURANG,P_MATTEKO,28/08/2026,,,TND,Jul,UP3 BULUKUMBA,GD,INSP,"0,00",,2026,,,,,,,,,,,,
100295031,INSPEKSI TIER 1 BL02031,INST1,GD01.06302048,,32710.INSPEKSI1,ULP.32710,WFCOMP,ULP PANRITA LOPI,,30/07/2026,,KURANG,P_PAJUKUKANG,28/08/2026,,,TND,Jul,UP3 BULUKUMBA,GD,INSP,"0,00",,2026,,,,,,,,,,,,
100295088,INSPEKSI TIER 1 BL02004,INST1,GD01.06302051,,32710.INSPEKSI1,ULP.32710,COMP,ULP PANRITA LOPI,,30/07/2026,,KURANG,P_PAJUKUKANG,03/08/2026,,,TND,Jul,UP3 BULUKUMBA,GD,INSP,"0,00",,2026,,,,,,,,,,,,
100295698,INSPEKSI TIER 1 BL02007,INST1,GD01.06302054,,32710.INSPEKSI1,ULP.32710,COMP,ULP PANRITA LOPI,,30/07/2026,,KURANG,P_PAJUKUKANG,03/08/2026,,,TND,Jul,UP3 BULUKUMBA,GD,INSP,"0,00",,2026,,,,,,,,,,,,
100295954,INSPEKSI TIER 1 BL02011,INST1,GD01.06302058,,32710.INSPEKSI1,ULP.32710,COMP,ULP PANRITA LOPI,,30/07/2026,,KURANG,P_PAJUKUKANG,03/08/2026,,,TND,Jul,UP3 BULUKUMBA,GD,INSP,"0,00",,2026,,,,,,,,,,,,
100296244,INSPEKSI TIER 1 BL02012,INST1,GD01.06302059,,32710.INSPEKSI1,ULP.32710,COMP,ULP PANRITA LOPI,,30/07/2026,,KURANG,P_PAJUKUKANG,03/08/2026,,,TND,Jul,UP3 BULUKUMBA,GD,INSP,"0,00",,2026,,,,,,,,,,,,
100296278,Perbaikan/Pergantian INSPEKSI TIER 1 BB18042,INST1,GD01.06302237,,32740.INSPEKSI2,ULP.32740,WAPPR,ULP BANTAENG,,30/07/2026,,,P_LINGKAR,30/07/2026,,100148475,TND,Jul,UP3 BULUKUMBA,GD,TL,"0,00",,2026,,,,,,,,,,,,
100296345,INSPEKSI TIER 1 BL02013,INST1,GD01.06302060,,32710.INSPEKSI1,ULP.32710,COMP,ULP PANRITA LOPI,,30/07/2026,,KURANG,P_PAJUKUKANG,03/08/2026,,,TND,Jul,UP3 BULUKUMBA,GD,INSP,"0,00",,2026,,,,,,,,,,,,
100296390,Perbaikan/Pergantian INSPEKSI TIER 1 BB18040,INST1,GD01.06302235,,32740.INSPEKSI2,ULP.32740,WAPPR,ULP BANTAENG,,30/07/2026,,,P_LINGKAR,30/07/2026,,100148716,TND,Jul,UP3 BULUKUMBA,GD,TL,"0,00",,2026,,,,,,,,,,,,
100296444,INSPEKSI TIER 1 BL02014,INST1,GD01.06302061,,32710.INSPEKSI1,ULP.32710,COMP,ULP PANRITA LOPI,,30/07/2026,,KURANG,P_PAJUKUKANG,03/08/2026,,,TND,Jul,UP3 BULUKUMBA,GD,INSP,"0,00",,2026,,,,,,,,,,,,
100296550,Perbaikan/Pergantian INSPEKSI TIER 1 BB18052,INST1,GD01.06302247,,32740.INSPEKSI2,ULP.32740,WAPPR,ULP BANTAENG,,30/07/2026,,,P_LINGKAR,30/07/2026,,100193621,TND,Jul,UP3 BULUKUMBA,GD,TL,"0,00",,2026,,,,,,,,,,,,
100296653,Perbaikan/Pergantian INSPEKSI TIER 1 BB18054,INST1,GD01.06302249,,32740.INSPEKSI2,ULP.32740,WAPPR,ULP BANTAENG,,30/07/2026,,,P_LINGKAR,30/07/2026,,100196293,TND,Jul,UP3 BULUKUMBA,GD,TL,"0,00",,2026,,,,,,,,,,,,
100296933,INSPEKSI TIER 1 BL02015,INST1,GD01.06302063,,32710.INSPEKSI1,ULP.32710,WFCOMP,ULP PANRITA LOPI,,30/07/2026,,KURANG,P_PAJUKUKANG,28/08/2026,,,TND,Jul,UP3 BULUKUMBA,GD,INSP,"0,00",,2026,,,,,,,,,,,,
100297000,INSPEKSI TIER 1 BL02016,INST1,GD01.06302064,,32710.INSPEKSI1,ULP.32710,COMP,ULP PANRITA LOPI,,30/07/2026,,KURANG,P_PAJUKUKANG,03/08/2026,,,TND,Jul,UP3 BULUKUMBA,GD,INSP,"0,00",,2026,,,,,,,,,,,,
100297047,INSPEKSI TIER 1 BL02017,INST1,GD01.06302065,,32710.INSPEKSI1,ULP.32710,COMP,ULP PANRITA LOPI,,30/07/2026,,KURANG,P_PAJUKUKANG,03/08/2026,,,TND,Jul,UP3 BULUKUMBA,GD,INSP,"0,00",,2026,,,,,,,,,,,,
100297134,INSPEKSI TIER 1 BL02020,INST1,GD01.06302068,,32710.INSPEKSI1,ULP.32710,COMP,ULP PANRITA LOPI,,30/07/2026,,KURANG,P_PAJUKUKANG,03/08/2026,,,TND,Jul,UP3 BULUKUMBA,GD,INSP,"0,00",,2026,,,,,,,,,,,,
100297184,INSPEKSI TIER 1 BL02021,INST1,GD01.06302069,,32710.INSPEKSI1,ULP.32710,COMP,ULP PANRITA LOPI,,30/07/2026,,KURANG,P_PAJUKUKANG,03/08/2026,,,TND,Jul,UP3 BULUKUMBA,GD,INSP,"0,00",,2026,,,,,,,,,,,,
100297241,INSPEKSI TIER 1 BL02022,INST1,GD01.06302070,,32710.INSPEKSI1,ULP.32710,COMP,ULP PANRITA LOPI,,30/07/2026,,KURANG,P_PAJUKUKANG,03/08/2026,,,TND,Jul,UP3 BULUKUMBA,GD,INSP,"0,00",,2026,,,,,,,,,,,,
100297289,INSPEKSI TIER 1 BL02025,INST1,GD01.06302073,,32710.INSPEKSI1,ULP.32710,COMP,ULP PANRITA LOPI,,30/07/2026,,KURANG,P_PAJUKUKANG,03/08/2026,,,TND,Jul,UP3 BULUKUMBA,GD,INSP,"0,00",,2026,,,,,,,,,,,,
100301460,Perbaikan/Pergantian INSPEKSI TIER 1 BL03011,INST1,GD01.06302974,,32710.INSPEKSI2,ULP.32710,WINSP,ULP PANRITA LOPI,,30/07/2026,,,P_SAPOLOHE,19/08/2026,,100213174,TND,Jul,UP3 BULUKUMBA,GD,TL,"0,00",,2026,,,,,,,,,,,,
100301508,Perbaikan/Pergantian INSPEKSI TIER 1 BL03072,INST1,GD01.06302996,,32710.INSPEKSI2,ULP.32710,WINSP,ULP PANRITA LOPI,,30/07/2026,,,P_SAPOLOHE,19/08/2026,,100221136,TND,Jul,UP3 BULUKUMBA,GD,TL,"0,00",,2026,,,,,,,,,,,,
100301581,Perbaikan/Pergantian INSPEKSI TIER 1 BL03026,INST1,GD01.06303037,,32710.INSPEKSI2,ULP.32710,WINSP,ULP PANRITA LOPI,,30/07/2026,,,P_UJUNGLOE,19/08/2026,,100224934,TND,Jul,UP3 BULUKUMBA,GD,TL,"0,00",,2026,,,,,,,,,,,,
100301667,Perbaikan/Pergantian INSPEKSI TIER 1 BL03027,INST1,GD01.06303038,,32710.INSPEKSI2,ULP.32710,WINSP,ULP PANRITA LOPI,,30/07/2026,,,P_UJUNGLOE,19/08/2026,,100224987,TND,Jul,UP3 BULUKUMBA,GD,TL,"0,00",,2026,,,,,,,,,,,,
100301699,Perbaikan/Pergantian INSPEKSI TIER 1 BL03073,INST1,GD01.06303040,,32710.INSPEKSI2,ULP.32710,WINSP,ULP PANRITA LOPI,,30/07/2026,,,P_UJUNGLOE,19/08/2026,,100225050,TND,Jul,UP3 BULUKUMBA,GD,TL,"0,00",,2026,,,,,,,,,,,,
100301716,Perbaikan/Pergantian INSPEKSI TIER 1 BL03032,INST1,GD01.06303051,,32710.INSPEKSI2,ULP.32710,WINSP,ULP PANRITA LOPI,,30/07/2026,,,P_UJUNGLOE,19/08/2026,,100225142,TND,Jul,UP3 BULUKUMBA,GD,TL,"0,00",,2026,,,,,,,,,,,,
100301755,Perbaikan/Pergantian INSPEKSI TIER 1 BL01110,INST1,GD01.19602586,,32710.INSPEKSI2,ULP.32710,WINSP,ULP PANRITA LOPI,,30/07/2026,,,P_BINTARORE,19/08/2026,,100225219,TND,Jul,UP3 BULUKUMBA,GD,TL,"0,00",,2026,,,,,,,,,,,,
100301777,Perbaikan/Pergantian INSPEKSI TIER 1 BL02033,INST1,GD01.19602594,,32710.INSPEKSI2,ULP.32710,WINSP,ULP PANRITA LOPI,,30/07/2026,,,P_PAJUKUKANG,19/08/2026,,100225230,TND,Jul,UP3 BULUKUMBA,GD,TL,"0,00",,2026,,,,,,,,,,,,
100301798,Perbaikan/Pergantian INSPEKSI TIER 1 BL03051,INST1,GD01.19602597,,32710.INSPEKSI2,ULP.32710,WINSP,ULP PANRITA LOPI,,30/07/2026,,,P_UJUNGLOE,19/08/2026,,100225241,TND,Jul,UP3 BULUKUMBA,GD,TL,"0,00",,2026,,,,,,,,,,,,
100309972,INSPEKSI TIER 1 BB18065,INST1,GD01.06302260,,32740.INSPEKSI2,ULP.32740,WFOLLOWUP,ULP BANTAENG,,31/07/2026,,BURUK,P_LINGKAR,05/08/2026,,,TND,Jul,UP3 BULUKUMBA,GD,INSP,"0,00",,2026,,,,,,,,,,,,
100309983,INSPEKSI TIER 1 BB18063,INST1,GD01.06302258,,32740.INSPEKSI2,ULP.32740,COMP,ULP BANTAENG,,31/07/2026,,KURANG,P_LINGKAR,06/08/2026,,,TND,Jul,UP3 BULUKUMBA,GD,INSP,"0,00",,2026,,,,,,,,,,,,
100309994,INSPEKSI TIER 1 BB18064,INST1,GD01.06302259,,32740.INSPEKSI2,ULP.32740,WFOLLOWUP,ULP BANTAENG,,31/07/2026,,BURUK,P_LINGKAR,05/08/2026,,,TND,Jul,UP3 BULUKUMBA,GD,INSP,"0,00",,2026,,,,,,,,,,,,
100310005,INSPEKSI TIER 1 BB18066,INST1,GD01.06302261,,32740.INSPEKSI2,ULP.32740,COMP,ULP BANTAENG,,31/07/2026,,KURANG,P_LINGKAR,09/08/2026,,,TND,Jul,UP3 BULUKUMBA,GD,INSP,"0,00",,2026,,,,,,,,,,,,
100310016,INSPEKSI TIER 1 BB18067,INST1,GD01.06302262,,32740.INSPEKSI2,ULP.32740,WFOLLOWUP,ULP BANTAENG,,31/07/2026,,BURUK,P_LINGKAR,05/08/2026,,,TND,Jul,UP3 BULUKUMBA,GD,INSP,"0,00",,2026,,,,,,,,,,,,
100310027,INSPEKSI TIER 1 BB18068,INST1,GD01.06302263,,32740.INSPEKSI2,ULP.32740,WFOLLOWUP,ULP BANTAENG,,31/07/2026,,BURUK,P_LINGKAR,05/08/2026,,,TND,Jul,UP3 BULUKUMBA,GD,INSP,"0,00",,2026,,,,,,,,,,,,
100310038,INSPEKSI TIER 1 BB18069,INST1,GD01.06302264,,32740.INSPEKSI2,ULP.32740,WFOLLOWUP,ULP BANTAENG,,31/07/2026,,BURUK,P_LINGKAR,09/08/2026,,,TND,Jul,UP3 BULUKUMBA,GD,INSP,"0,00",,2026,,,,,,,,,,,,
100315945,INSPEKSI TIER 1 BB18070,INST1,GD01.06302265,,32740.INSPEKSI2,ULP.32740,WFOLLOWUP,ULP BANTAENG,,31/07/2026,,BURUK,P_LINGKAR,09/08/2026,,,TND,Jul,UP3 BULUKUMBA,GD,INSP,"0,00",,2026,,,,,,,,,,,,
100315995,INSPEKSI TIER 1 BB18071,INST1,GD01.06302266,,32740.INSPEKSI2,ULP.32740,WFOLLOWUP,ULP BANTAENG,,31/07/2026,,BURUK,P_LINGKAR,09/08/2026,,,TND,Jul,UP3 BULUKUMBA,GD,INSP,"0,00",,2026,,,,,,,,,,,,
100316064,INSPEKSI TIER 1 BB18072,INST1,GD01.06302267,,32740.INSPEKSI2,ULP.32740,WFOLLOWUP,ULP BANTAENG,,31/07/2026,,BURUK,P_LINGKAR,05/08/2026,,,TND,Jul,UP3 BULUKUMBA,GD,INSP,"0,00",,2026,,,,,,,,,,,,
100316264,INSPEKSI TIER 1 BB18073,INST1,GD01.06302268,,32740.INSPEKSI2,ULP.32740,WFOLLOWUP,ULP BANTAENG,,31/07/2026,,BURUK,P_LINGKAR,12/08/2026,,,TND,Jul,UP3 BULUKUMBA,GD,INSP,"0,00",,2026,,,,,,,,,,,,
100316359,INSPEKSI TIER 1 BB18074,INST1,GD01.06302269,,32740.INSPEKSI2,ULP.32740,WFOLLOWUP,ULP BANTAENG,,31/07/2026,,BURUK,P_LINGKAR,09/08/2026,,,TND,Jul,UP3 BULUKUMBA,GD,INSP,"0,00",,2026,,,,,,,,,,,,
100316483,INSPEKSI TIER 1 BB18075,INST1,GD01.06302270,,32740.INSPEKSI2,ULP.32740,COMP,ULP BANTAENG,,31/07/2026,,CUKUP,P_LINGKAR,12/08/2026,,,TND,Jul,UP3 BULUKUMBA,GD,INSP,"0,00",,2026,,,,,,,,,,,,
100316659,INSPEKSI TIER 1 BB18044,INST1,GD01.06302272,,32740.INSPEKSI2,ULP.32740,WFOLLOWUP,ULP BANTAENG,,31/07/2026,,BURUK,P_LINGKAR,05/08/2026,,,TND,Jul,UP3 BULUKUMBA,GD,INSP,"0,00",,2026,,,,,,,,,,,,
100316684,INSPEKSI TIER 1 BB18078,INST1,GD01.06302273,,32740.INSPEKSI2,ULP.32740,COMP,ULP BANTAENG,,31/07/2026,,CUKUP,P_LINGKAR,05/08/2026,,,TND,Jul,UP3 BULUKUMBA,GD,INSP,"0,00",,2026,,,,,,,,,,,,
100316698,INSPEKSI TIER 1 BB70078,INST1,GD01.06302274,,32740.INSPEKSI2,ULP.32740,COMP,ULP BANTAENG,,31/07/2026,,KURANG,P_LINGKAR,09/08/2026,,,TND,Jul,UP3 BULUKUMBA,GD,INSP,"0,00",,2026,,,,,,,,,,,,
100316729,INSPEKSI TIER 1 BB70079,INST1,GD01.06302275,,32740.INSPEKSI2,ULP.32740,COMP,ULP BANTAENG,,31/07/2026,,KURANG,P_LINGKAR,12/08/2026,,,TND,Jul,UP3 BULUKUMBA,GD,INSP,"0,00",,2026,,,,,,,,,,,,
100316744,INSPEKSI TIER 1 BB70080,INST1,GD01.06302276,,32740.INSPEKSI2,ULP.32740,WFOLLOWUP,ULP BANTAENG,,31/07/2026,,BURUK,P_LINGKAR,09/08/2026,,,TND,Jul,UP3 BULUKUMBA,GD,INSP,"0,00",,2026,,,,,,,,,,,,
100316755,INSPEKSI TIER 1 BB70081,INST1,GD01.06302277,,32740.INSPEKSI2,ULP.32740,COMP,ULP BANTAENG,,31/07/2026,,KURANG,P_LINGKAR,09/08/2026,,,TND,Jul,UP3 BULUKUMBA,GD,INSP,"0,00",,2026,,,,,,,,,,,,
100316766,INSPEKSI TIER 1 BB70082,INST1,GD01.06302278,,32740.INSPEKSI2,ULP.32740,COMP,ULP BANTAENG,,31/07/2026,,KURANG,P_LINGKAR,09/08/2026,,,TND,Jul,UP3 BULUKUMBA,GD,INSP,"0,00",,2026,,,,,,,,,,,,
100316804,INSPEKSI TIER 1 BB70083,INST1,GD01.06302279,,32740.INSPEKSI2,ULP.32740,WFOLLOWUP,ULP BANTAENG,,31/07/2026,,BURUK,P_LINGKAR,09/08/2026,,,TND,Jul,UP3 BULUKUMBA,GD,INSP,"0,00",,2026,,,,,,,,,,,,
100316832,INSPEKSI TIER 1 BB70084,INST1,GD01.06302280,,32740.INSPEKSI2,ULP.32740,COMP,ULP BANTAENG,,31/07/2026,,KURANG,P_LINGKAR,09/08/2026,,,TND,Jul,UP3 BULUKUMBA,GD,INSP,"0,00",,2026,,,,,,,,,,,,
100316854,INSPEKSI TIER 1 BB70085,INST1,GD01.06302281,,32740.INSPEKSI2,ULP.32740,COMP,ULP BANTAENG,,31/07/2026,,KURANG,P_LINGKAR,09/08/2026,,,TND,Jul,UP3 BULUKUMBA,GD,INSP,"0,00",,2026,,,,,,,,,,,,
100317005,INSPEKSI TIER 1 BB70086,INST1,GD01.06302282,,32740.INSPEKSI2,ULP.32740,WFOLLOWUP,ULP BANTAENG,,31/07/2026,,BURUK,P_LINGKAR,09/08/2026,,,TND,Jul,UP3 BULUKUMBA,GD,INSP,"0,00",,2026,,,,,,,,,,,,
100317070,INSPEKSI TIER 1 BB70087,INST1,GD01.06302283,,32740.INSPEKSI2,ULP.32740,WFOLLOWUP,ULP BANTAENG,,31/07/2026,,BURUK,P_LINGKAR,09/08/2026,,,TND,Jul,UP3 BULUKUMBA,GD,INSP,"0,00",,2026,,,,,,,,,,,,
100317119,INSPEKSI TIER 1 BB70088,INST1,GD01.06302284,,32740.INSPEKSI2,ULP.32740,WFOLLOWUP,ULP BANTAENG,,31/07/2026,,BURUK,P_LINGKAR,09/08/2026,,,TND,Jul,UP3 BULUKUMBA,GD,INSP,"0,00",,2026,,,,,,,,,,,,
100318817,INSPEKSI TIER 1 BB70089,INST1,GD01.06302285,,32740.INSPEKSI2,ULP.32740,WFOLLOWUP,ULP BANTAENG,,31/07/2026,,BURUK,P_LINGKAR,09/08/2026,,,TND,Jul,UP3 BULUKUMBA,GD,INSP,"0,00",,2026,,,,,,,,,,,,
100318859,INSPEKSI TIER 1 BB70090,INST1,GD01.06302286,,32740.INSPEKSI2,ULP.32740,WFOLLOWUP,ULP BANTAENG,,31/07/2026,,BURUK,P_LINGKAR,09/08/2026,,,TND,Jul,UP3 BULUKUMBA,GD,INSP,"0,00",,2026,,,,,,,,,,,,
100319369,INSPEKSI TIER 1 BJ 12015,INST1,GD01.06300913,,32730.INSPEKSI2,ULP.32730,WINSP,ULP JENEPONTO,,31/07/2026,,,P_ARUNGKEKE,10/08/2026,,,TND,Jul,UP3 BULUKUMBA,GD,INSP,"0,00",,2026,,,,,,,,,,,,
100405834,INSPEKSI TIER 1 BL01060,INST1,GD01.06302666,,32710.INSPEKSI3,ULP.32710,COMP,ULP PANRITA LOPI,,03/08/2026,,KURANG,P_BINTARORE,06/08/2026,,,TND,Agu,UP3 BULUKUMBA,GD,INSP,"0,00",,2026,,,,,,,,,,,,
100405910,INSPEKSI TIER 1 BL01109,INST1,GD01.06302670,,32710.INSPEKSI3,ULP.32710,COMP,ULP PANRITA LOPI,,03/08/2026,,KURANG,P_BINTARORE,06/08/2026,,,TND,Agu,UP3 BULUKUMBA,GD,INSP,"0,00",,2026,,,,,,,,,,,,
100406289,INSPEKSI TIER 1 BL-03-102,INST1,GD01.06302680,,32710.INSPEKSI3,ULP.32710,COMP,ULP PANRITA LOPI,,03/08/2026,,,P_BINTARORE,06/08/2026,,,TND,Agu,UP3 BULUKUMBA,GD,INSP,"0,00",,2026,,,,,,,,,,,,
100409879,INSPEKSI TIER 1 BL-03-004,INST1,GD01.06302683,,32710.INSPEKSI3,ULP.32710,COMP,ULP PANRITA LOPI,,03/08/2026,,BAIK,P_BINTARORE,06/08/2026,,,TND,Agu,UP3 BULUKUMBA,GD,INSP,"0,00",,2026,,,,,,,,,,,,
100410478,INSPEKSI TIER 1 BL01095,INST1,GD01.06302694,,32710.INSPEKSI3,ULP.32710,COMP,ULP PANRITA LOPI,,03/08/2026,,KURANG,P_BINTARORE,06/08/2026,,,TND,Agu,UP3 BULUKUMBA,GD,INSP,"0,00",,2026,,,,,,,,,,,,
100412392,INSPEKSI TIER 1 BL01083,INST1,GD01.06302698,,32710.INSPEKSI3,ULP.32710,WFOLLOWUP,ULP PANRITA LOPI,,03/08/2026,,BURUK,P_BINTARORE,06/08/2026,,,TND,Agu,UP3 BULUKUMBA,GD,INSP,"0,00",,2026,,,,,,,,,,,,
100412868,INSPEKSI TIER 1 BL01084,INST1,GD01.06302699,,32710.INSPEKSI3,ULP.32710,WFOLLOWUP,ULP PANRITA LOPI,,03/08/2026,,BURUK,P_BINTARORE,06/08/2026,,,TND,Agu,UP3 BULUKUMBA,GD,INSP,"0,00",,2026,,,,,,,,,,,,
100420099,INSPEKSI TIER 1 BL01085,INST1,GD01.06302700,,32710.INSPEKSI3,ULP.32710,COMP,ULP PANRITA LOPI,,03/08/2026,,KURANG,P_BINTARORE,06/08/2026,,,TND,Agu,UP3 BULUKUMBA,GD,INSP,"0,00",,2026,,,,,,,,,,,,
100420396,INSPEKSI TIER 1 BL01086,INST1,GD01.06302701,,32710.INSPEKSI3,ULP.32710,COMP,ULP PANRITA LOPI,,03/08/2026,,KURANG,P_BINTARORE,06/08/2026,,,TND,Agu,UP3 BULUKUMBA,GD,INSP,"0,00",,2026,,,,,,,,,,,,
100421346,INSPEKSI TIER 1 BL01087,INST1,GD01.06302702,,32710.INSPEKSI3,ULP.32710,COMP,ULP PANRITA LOPI,,03/08/2026,,KURANG,P_BINTARORE,06/08/2026,,,TND,Agu,UP3 BULUKUMBA,GD,INSP,"0,00",,2026,,,,,,,,,,,,
100422209,INSPEKSI TIER 1 BK57356,INST1,GD01.06300845,,32720.INSPEKSI3,ULP.32720,COMP,ULP KALUMPANG,,03/08/2026,,KURANG,P_SAPOLOHE,17/08/2026,,,TND,Agu,UP3 BULUKUMBA,GD,INSP,"0,00",,2026,,,,,,,,,,,,
100424069,INSPEKSI TIER 1 BK57362,INST1,GD01.06300851,,32720.INSPEKSI3,ULP.32720,COMP,ULP KALUMPANG,,03/08/2026,,KURANG,P_SAPOLOHE,17/08/2026,,,TND,Agu,UP3 BULUKUMBA,GD,INSP,"0,00",,2026,,,,,,,,,,,,
100427342,INSPEKSI TIER 1 BK58728,INST1,GD01.06300852,,32720.INSPEKSI3,ULP.32720,COMP,ULP KALUMPANG,,03/08/2026,,KURANG,P_SAPOLOHE,17/08/2026,,,TND,Agu,UP3 BULUKUMBA,GD,INSP,"0,00",,2026,,,,,,,,,,,,
100429669,INSPEKSI TIER 1 BK57363,INST1,GD01.06300853,,32720.INSPEKSI3,ULP.32720,WFOLLOWUP,ULP KALUMPANG,,03/08/2026,,BURUK,P_SAPOLOHE,28/08/2026,,,TND,Agu,UP3 BULUKUMBA,GD,INSP,"0,00",,2026,,,,,,,,,,,,
100432321,INSPEKSI TIER 1 BK57365,INST1,GD01.06300854,,32720.INSPEKSI3,ULP.32720,COMP,ULP KALUMPANG,,03/08/2026,,KURANG,P_SAPOLOHE,17/08/2026,,,TND,Agu,UP3 BULUKUMBA,GD,INSP,"0,00",,2026,,,,,,,,,,,,
100434104,INSPEKSI TIER 1 BK57366,INST1,GD01.06300855,,32720.INSPEKSI3,ULP.32720,WFCOMP,ULP KALUMPANG,,03/08/2026,,KURANG,P_SAPOLOHE,27/08/2026,,,TND,Agu,UP3 BULUKUMBA,GD,INSP,"0,00",,2026,,,,,,,,,,,,
100434369,INSPEKSI TIER 1 BK57368,INST1,GD01.06300857,,32720.INSPEKSI3,ULP.32720,WFCOMP,ULP KALUMPANG,,03/08/2026,,KURANG,P_SAPOLOHE,27/08/2026,,,TND,Agu,UP3 BULUKUMBA,GD,INSP,"0,00",,2026,,,,,,,,,,,,
100434651,INSPEKSI TIER 1 BK57370,INST1,GD01.06300859,,32720.INSPEKSI3,ULP.32720,WFCOMP,ULP KALUMPANG,,03/08/2026,,KURANG,P_SAPOLOHE,27/08/2026,,,TND,Agu,UP3 BULUKUMBA,GD,INSP,"0,00",,2026,,,,,,,,,,,,
100434837,INSPEKSI TIER 1 BK57371,INST1,GD01.06300860,,32720.INSPEKSI3,ULP.32720,WFCOMP,ULP KALUMPANG,,03/08/2026,,KURANG,P_SAPOLOHE,27/08/2026,,,TND,Agu,UP3 BULUKUMBA,GD,INSP,"0,00",,2026,,,,,,,,,,,,
100434991,INSPEKSI TIER 1 BK57372,INST1,GD01.06300861,,32720.INSPEKSI3,ULP.32720,WFCOMP,ULP KALUMPANG,,03/08/2026,,KURANG,P_SAPOLOHE,27/08/2026,,,TND,Agu,UP3 BULUKUMBA,GD,INSP,"0,00",,2026,,,,,,,,,,,,
100435498,INSPEKSI TIER 1 BJ63703,INST1,GD01.06300993,,32730.INSPEKSI1,ULP.32730,COMP,ULP JENEPONTO,,03/08/2026,,KURANG,P_PASAR KARISA,18/08/2026,,,TND,Agu,UP3 BULUKUMBA,GD,INSP,"0,00",,2026,,,,,,,,,,,,
100435914,INSPEKSI TIER 1 BJ63704,INST1,GD01.06300994,,32730.INSPEKSI1,ULP.32730,WFOLLOWUP,ULP JENEPONTO,,03/08/2026,,BURUK,P_PASAR KARISA,18/08/2026,,,TND,Agu,UP3 BULUKUMBA,GD,INSP,"0,00",,2026,,,,,,,,,,,,
100436214,INSPEKSI TIER 1 BJ63705,INST1,GD01.06300995,,32730.INSPEKSI1,ULP.32730,WFOLLOWUP,ULP JENEPONTO,,03/08/2026,,BURUK,P_PASAR KARISA,18/08/2026,,,TND,Agu,UP3 BULUKUMBA,GD,INSP,"0,00",,2026,,,,,,,,,,,,
100436580,INSPEKSI TIER 1 BJ63706,INST1,GD01.06300996,,32730.INSPEKSI1,ULP.32730,COMP,ULP JENEPONTO,,03/08/2026,,CUKUP,P_PASAR KARISA,18/08/2026,,,TND,Agu,UP3 BULUKUMBA,GD,INSP,"0,00",,2026,,,,,,,,,,,,
100436837,INSPEKSI TIER 1 BJ63707,INST1,GD01.06300997,,32730.INSPEKSI1,ULP.32730,COMP,ULP JENEPONTO,,03/08/2026,,KURANG,P_PASAR KARISA,18/08/2026,,,TND,Agu,UP3 BULUKUMBA,GD,INSP,"0,00",,2026,,,,,,,,,,,,
100437202,INSPEKSI TIER 1 BJ63708,INST1,GD01.06300998,,32730.INSPEKSI1,ULP.32730,COMP,ULP JENEPONTO,,03/08/2026,,KURANG,P_PASAR KARISA,18/08/2026,,,TND,Agu,UP3 BULUKUMBA,GD,INSP,"0,00",,2026,,,,,,,,,,,,
100437635,INSPEKSI TIER 1 BJ63709,INST1,GD01.06300999,,32730.INSPEKSI1,ULP.32730,INPRG,ULP JENEPONTO,,03/08/2026,,,P_PASAR KARISA,19/08/2026,,,TND,Agu,UP3 BULUKUMBA,GD,INSP,"0,00",,2026,,,,,,,,,,,,
100437922,INSPEKSI TIER 1 BJ63710,INST1,GD01.06301000,,32730.INSPEKSI1,ULP.32730,INPRG,ULP JENEPONTO,,03/08/2026,,,P_PASAR KARISA,19/08/2026,,,TND,Agu,UP3 BULUKUMBA,GD,INSP,"0,00",,2026,,,,,,,,,,,,
100438475,INSPEKSI TIER 1 BJ63711,INST1,GD01.06301001,,32730.INSPEKSI1,ULP.32730,INPRG,ULP JENEPONTO,,03/08/2026,,,P_PASAR KARISA,19/08/2026,,,TND,Agu,UP3 BULUKUMBA,GD,INSP,"0,00",,2026,,,,,,,,,,,,
100438747,INSPEKSI TIER 1 BJ63712,INST1,GD01.06301002,,32730.INSPEKSI1,ULP.32730,INPRG,ULP JENEPONTO,,03/08/2026,,,P_PASAR KARISA,19/08/2026,,,TND,Agu,UP3 BULUKUMBA,GD,INSP,"0,00",,2026,,,,,,,,,,,,
100447365,INSPEKSI TIER 1 BB70091,INST1,GD01.06302287,,32740.INSPEKSI2,ULP.32740,WFOLLOWUP,ULP BANTAENG,,03/08/2026,,BURUK,P_LINGKAR,09/08/2026,,,TND,Agu,UP3 BULUKUMBA,GD,INSP,"0,00",,2026,,,,,,,,,,,,
100448377,INSPEKSI TIER 1 BB70092,INST1,GD01.06302288,,32740.INSPEKSI2,ULP.32740,COMP,ULP BANTAENG,,03/08/2026,,KURANG,P_LINGKAR,09/08/2026,,,TND,Agu,UP3 BULUKUMBA,GD,INSP,"0,00",,2026,,,,,,,,,,,,
100485126,Perbaikan/Pergantian INSPEKSI TIER 1 BL03113,INST1,GD01.19602607,,32710.INSPEKSI1,ULP.32710,COMP,ULP PANRITA LOPI,,03/08/2026,,KURANG,P_UJUNGLOE,28/08/2026,,100292129,TND,Agu,UP3 BULUKUMBA,GD,TL,"0,00",,2026,,,,,,,,,,,,
100485198,Perbaikan/Pergantian INSPEKSI TIER 1 BL01121,INST1,GD01.06301373,,32710.INSPEKSI1,ULP.32710,COMP,ULP PANRITA LOPI,,03/08/2026,,KURANG,P_BINTARORE,28/08/2026,,100293687,TND,Agu,UP3 BULUKUMBA,GD,TL,"0,00",,2026,,,,,,,,,,,,
100485316,Perbaikan/Pergantian INSPEKSI TIER 1 BL00118,INST1,GD01.06301705,,32710.INSPEKSI1,ULP.32710,COMP,ULP PANRITA LOPI,,03/08/2026,,KURANG,P_MATTEKO,28/08/2026,,100294290,TND,Agu,UP3 BULUKUMBA,GD,TL,"0,00",,2026,,,,,,,,,,,,
100485406,Perbaikan/Pergantian INSPEKSI TIER 1 BL01014,INST1,GD01.06301708,,32710.INSPEKSI1,ULP.32710,COMP,ULP PANRITA LOPI,,03/08/2026,,KURANG,P_MATTEKO,28/08/2026,,100294453,TND,Agu,UP3 BULUKUMBA,GD,TL,"0,00",,2026,,,,,,,,,,,,
100485668,Perbaikan/Pergantian INSPEKSI TIER 1 BL02031,INST1,GD01.06302048,,32710.INSPEKSI1,ULP.32710,COMP,ULP PANRITA LOPI,,03/08/2026,,KURANG,P_PAJUKUKANG,28/08/2026,,100295031,TND,Agu,UP3 BULUKUMBA,GD,TL,"0,00",,2026,,,,,,,,,,,,
100486318,Perbaikan/Pergantian INSPEKSI TIER 1 BL02015,INST1,GD01.06302063,,32710.INSPEKSI1,ULP.32710,COMP,ULP PANRITA LOPI,,03/08/2026,,KURANG,P_PAJUKUKANG,28/08/2026,,100296933,TND,Agu,UP3 BULUKUMBA,GD,TL,"0,00",,2026,,,,,,,,,,,,
100495607,INSPEKSI TIER 1 BB70095,INST1,GD01.06302291,,32740.INSPEKSI2,ULP.32740,WFOLLOWUP,ULP BANTAENG,,03/08/2026,,BURUK,P_LINGKAR,09/08/2026,,,TND,Agu,UP3 BULUKUMBA,GD,INSP,"0,00",,2026,,,,,,,,,,,,
100496404,INSPEKSI TIER 1 BB70096,INST1,GD01.06302292,,32740.INSPEKSI2,ULP.32740,WFOLLOWUP,ULP BANTAENG,,03/08/2026,,BURUK,P_LINGKAR,09/08/2026,,,TND,Agu,UP3 BULUKUMBA,GD,INSP,"0,00",,2026,,,,,,,,,,,,
100515277,INSPEKSI TIER 1 BB70097,INST1,GD01.06302293,,32740.INSPEKSI2,ULP.32740,WFOLLOWUP,ULP BANTAENG,,03/08/2026,,BURUK,P_LINGKAR,09/08/2026,,,TND,Agu,UP3 BULUKUMBA,GD,INSP,"0,00",,2026,,,,,,,,,,,,
100516418,INSPEKSI TIER 1 BB70098,INST1,GD01.06302294,,32740.INSPEKSI2,ULP.32740,COMP,ULP BANTAENG,,03/08/2026,,KURANG,P_LINGKAR,09/08/2026,,,TND,Agu,UP3 BULUKUMBA,GD,INSP,"0,00",,2026,,,,,,,,,,,,
100518813,INSPEKSI TIER 1 BB70100,INST1,GD01.06302296,,32740.INSPEKSI2,ULP.32740,COMP,ULP BANTAENG,,03/08/2026,,CUKUP,P_LINGKAR,12/08/2026,,,TND,Agu,UP3 BULUKUMBA,GD,INSP,"0,00",,2026,,,,,,,,,,,,
100530391,INSPEKSI TIER 1 BB70101,INST1,GD01.06302297,,32740.INSPEKSI2,ULP.32740,COMP,ULP BANTAENG,,03/08/2026,,CUKUP,P_LINGKAR,12/08/2026,,,TND,Agu,UP3 BULUKUMBA,GD,INSP,"0,00",,2026,,,,,,,,,,,,
100534646,INSPEKSI TIER 1 BB70102,INST1,GD01.06302298,,32740.INSPEKSI2,ULP.32740,COMP,ULP BANTAENG,,03/08/2026,,CUKUP,P_LINGKAR,12/08/2026,,,TND,Agu,UP3 BULUKUMBA,GD,INSP,"0,00",,2026,,,,,,,,,,,,
100534902,INSPEKSI TIER 1 BB70103,INST1,GD01.06302299,,32740.INSPEKSI2,ULP.32740,COMP,ULP BANTAENG,,03/08/2026,,KURANG,P_LINGKAR,09/08/2026,,,TND,Agu,UP3 BULUKUMBA,GD,INSP,"0,00",,2026,,,,,,,,,,,,
100536103,INSPEKSI TIER 1 BB70104,INST1,GD01.06302300,,32740.INSPEKSI2,ULP.32740,COMP,ULP BANTAENG,,03/08/2026,,KURANG,P_LINGKAR,09/08/2026,,,TND,Agu,UP3 BULUKUMBA,GD,INSP,"0,00",,2026,,,,,,,,,,,,
100549750,Perbaikan/Pergantian INSPEKSI TIER 1 BT01516,INST1,GD01.06300442,,32770.INSPEKSI1,ULP.32770,COMP,ULP TANETE,,03/08/2026,,KURANG,P_BINTARORE,27/08/2026,,100181472,TND,Agu,UP3 BULUKUMBA,GD,TL,"0,00",,2026,,,,,,,,,,,,
100550480,Perbaikan/Pergantian INSPEKSI TIER 1 BT01523,INST1,GD01.06300448,,32770.INSPEKSI1,ULP.32770,COMP,ULP TANETE,,03/08/2026,,KURANG,P_BINTARORE,27/08/2026,,100186080,TND,Agu,UP3 BULUKUMBA,GD,TL,"0,00",,2026,,,,,,,,,,,,
100550717,Perbaikan/Pergantian INSPEKSI TIER 1 BT01524,INST1,GD01.06300449,,32770.INSPEKSI1,ULP.32770,COMP,ULP TANETE,,03/08/2026,,KURANG,P_BINTARORE,27/08/2026,,100186178,TND,Agu,UP3 BULUKUMBA,GD,TL,"0,00",,2026,,,,,,,,,,,,
100550829,Perbaikan/Pergantian INSPEKSI TIER 1 BT01525,INST1,GD01.06300450,,32770.INSPEKSI1,ULP.32770,COMP,ULP TANETE,,03/08/2026,,KURANG,P_BINTARORE,27/08/2026,,100186238,TND,Agu,UP3 BULUKUMBA,GD,TL,"0,00",,2026,,,,,,,,,,,,
100558196,INSPEKSI TIER 1 BJ63713,INST1,GD01.06301003,,32730.INSPEKSI1,ULP.32730,INPRG,ULP JENEPONTO,,03/08/2026,,,P_PASAR KARISA,19/08/2026,,,TND,Agu,UP3 BULUKUMBA,GD,INSP,"0,00",,2026,,,,,,,,,,,,
100609432,INSPEKSI TIER 1 BJ63714,INST1,GD01.06301004,,32730.INSPEKSI1,ULP.32730,INPRG,ULP JENEPONTO,,04/08/2026,,,P_PASAR KARISA,19/08/2026,,,TND,Agu,UP3 BULUKUMBA,GD,INSP,"0,00",,2026,,,,,,,,,,,,
100710459,INSPEKSI TIER 1 BJ63715,INST1,GD01.06301005,,32730.INSPEKSI1,ULP.32730,INPRG,ULP JENEPONTO,,04/08/2026,,,P_PASAR KARISA,19/08/2026,,,TND,Agu,UP3 BULUKUMBA,GD,INSP,"0,00",,2026,,,,,,,,,,,,
100710645,INSPEKSI TIER 1 BJ63716,INST1,GD01.06301006,,32730.INSPEKSI1,ULP.32730,INPRG,ULP JENEPONTO,,04/08/2026,,,P_PASAR KARISA,19/08/2026,,,TND,Agu,UP3 BULUKUMBA,GD,INSP,"0,00",,2026,,,,,,,,,,,,
100710984,INSPEKSI TIER 1 BJ63717,INST1,GD01.06301007,,32730.INSPEKSI1,ULP.32730,WINSP,ULP JENEPONTO,,04/08/2026,,,P_PASAR KARISA,10/08/2026,,,TND,Agu,UP3 BULUKUMBA,GD,INSP,"0,00",,2026,,,,,,,,,,,,
100714120,INSPEKSI TIER 1 BJ63718,INST1,GD01.06301008,,32730.INSPEKSI1,ULP.32730,INPRG,ULP JENEPONTO,,04/08/2026,,,P_PASAR KARISA,19/08/2026,,,TND,Agu,UP3 BULUKUMBA,GD,INSP,"0,00",,2026,,,,,,,,,,,,
100715398,INSPEKSI TIER 1 BJ63719,INST1,GD01.06301009,,32730.INSPEKSI1,ULP.32730,INPRG,ULP JENEPONTO,,04/08/2026,,,P_PASAR KARISA,19/08/2026,,,TND,Agu,UP3 BULUKUMBA,GD,INSP,"0,00",,2026,,,,,,,,,,,,
100736429,INSPEKSI TIER 1 BJ63720,INST1,GD01.06301010,,32730.INSPEKSI1,ULP.32730,INPRG,ULP JENEPONTO,,04/08/2026,,,P_PASAR KARISA,19/08/2026,,,TND,Agu,UP3 BULUKUMBA,GD,INSP,"0,00",,2026,,,,,,,,,,,,
100737081,INSPEKSI TIER 1 BJ63722,INST1,GD01.06301012,,32730.INSPEKSI1,ULP.32730,WFOLLOWUP,ULP JENEPONTO,,04/08/2026,,BURUK,P_PASAR KARISA,24/08/2026,,,TND,Agu,UP3 BULUKUMBA,GD,INSP,"0,00",,2026,,,,,,,,,,,,
100768831,Perbaikan/Pergantian INSPEKSI TIER 1 BL00117,INST1,GD01.06301421,,32710.INSPEKSI1,ULP.32710,COMP,ULP PANRITA LOPI,,05/08/2026,,KURANG,P_SAPIRIA,28/08/2026,,100293476,TND,Agu,UP3 BULUKUMBA,GD,TL,"0,00",,2026,,,,,,,,,,,,
100777226,Perbaikan/Pergantian INSPEKSI TIER 1 BB18044,INST1,GD01.06302272,,32740.INSPEKSI2,ULP.32740,WAPPR,ULP BANTAENG,,05/08/2026,,,P_LINGKAR,05/08/2026,,100316659,TND,Agu,UP3 BULUKUMBA,GD,TL,"0,00",,2026,,,,,,,,,,,,
100777299,Perbaikan/Pergantian INSPEKSI TIER 1 BB18072,INST1,GD01.06302267,,32740.INSPEKSI2,ULP.32740,WAPPR,ULP BANTAENG,,05/08/2026,,,P_LINGKAR,05/08/2026,,100316064,TND,Agu,UP3 BULUKUMBA,GD,TL,"0,00",,2026,,,,,,,,,,,,
100792945,INSPEKSI TIER 1 BJ63723,INST1,GD01.06301013,,32730.INSPEKSI2,ULP.32730,WFOLLOWUP,ULP JENEPONTO,,05/08/2026,,BURUK,P_PASAR KARISA,28/08/2026,,,TND,Agu,UP3 BULUKUMBA,GD,INSP,"0,00",,2026,,,,,,,,,,,,
100810022,Perbaikan/Pergantian INSPEKSI TIER 1 BB18068,INST1,GD01.06302263,,32740.INSPEKSI2,ULP.32740,WAPPR,ULP BANTAENG,,05/08/2026,,,P_LINGKAR,05/08/2026,,100310027,TND,Agu,UP3 BULUKUMBA,GD,TL,"0,00",,2026,,,,,,,,,,,,
100810035,Perbaikan/Pergantian INSPEKSI TIER 1 BB18067,INST1,GD01.06302262,,32740.INSPEKSI2,ULP.32740,WAPPR,ULP BANTAENG,,05/08/2026,,,P_LINGKAR,05/08/2026,,100310016,TND,Agu,UP3 BULUKUMBA,GD,TL,"0,00",,2026,,,,,,,,,,,,
100810195,Perbaikan/Pergantian INSPEKSI TIER 1 BB18065,INST1,GD01.06302260,,32740.INSPEKSI2,ULP.32740,WAPPR,ULP BANTAENG,,05/08/2026,,,P_LINGKAR,05/08/2026,,100309972,TND,Agu,UP3 BULUKUMBA,GD,TL,"0,00",,2026,,,,,,,,,,,,
100810559,Perbaikan/Pergantian INSPEKSI TIER 1 BB18064,INST1,GD01.06302259,,32740.INSPEKSI2,ULP.32740,WAPPR,ULP BANTAENG,,05/08/2026,,,P_LINGKAR,05/08/2026,,100309994,TND,Agu,UP3 BULUKUMBA,GD,TL,"0,00",,2026,,,,,,,,,,,,
100816288,Perbaikan/Pergantian INSPEKSI TIER 1 BS08019,INST1,GD01.06301787,,32760.INSPEKSI2,ULP.32760,WREVIEW,ULP SINJAI,,06/08/2026,,,P_MATUMPU,10/08/2026,,100179716,TND,Agu,UP3 BULUKUMBA,GD,TL,"0,00",,2026,,,,,,,,,,,,
100819145,Perbaikan/Pergantian INSPEKSI TIER 1 BL01083,INST1,GD01.06302698,,32710.INSPEKSI3,ULP.32710,WINSP,ULP PANRITA LOPI,,06/08/2026,,,P_BINTARORE,19/08/2026,,100412392,TND,Agu,UP3 BULUKUMBA,GD,TL,"0,00",,2026,,,,,,,,,,,,
100819174,Perbaikan/Pergantian INSPEKSI TIER 1 BL01084,INST1,GD01.06302699,,32710.INSPEKSI3,ULP.32710,WINSP,ULP PANRITA LOPI,,06/08/2026,,,P_BINTARORE,19/08/2026,,100412868,TND,Agu,UP3 BULUKUMBA,GD,TL,"0,00",,2026,,,,,,,,,,,,
100885195,INSPEKSI TIER 1 BL04004,INST1,GD01.06301763,,32710.INSPEKSI1,ULP.32710,WFCOMP,ULP PANRITA LOPI,,06/08/2026,,KURANG,P_MATTEKO,28/08/2026,,,TND,Agu,UP3 BULUKUMBA,GD,INSP,"0,00",,2026,,,,,,,,,,,,
100888021,INSPEKSI TIER 1 BT08506,INST1,GD01.06300477,183353,32710.INSPEKSI1,ULP.32710,COMP,ULP PANRITA LOPI,,06/08/2026,,KURANG,P_BINTARORE,07/08/2026,,,TND,Agu,UP3 BULUKUMBA,GD,INSP,"0,00",,2026,,,,,,,,,,,,
100892453,INSPEKSI TIER 1 BL03018,INST1,GD01.06303042,,32710.INSPEKSI1,ULP.32710,COMP,ULP PANRITA LOPI,,06/08/2026,,KURANG,P_UJUNGLOE,10/08/2026,,,TND,Agu,UP3 BULUKUMBA,GD,INSP,"0,00",,2026,,,,,,,,,,,,
100896608,INSPEKSI TIER 1 BL01088,INST1,GD01.06302703,,32710.INSPEKSI1,ULP.32710,COMP,ULP PANRITA LOPI,,06/08/2026,,KURANG,P_BINTARORE,07/08/2026,,,TND,Agu,UP3 BULUKUMBA,GD,INSP,"0,00",,2026,,,,,,,,,,,,
100896925,INSPEKSI TIER 1 BL01089,INST1,GD01.06302704,,32710.INSPEKSI1,ULP.32710,COMP,ULP PANRITA LOPI,,06/08/2026,,KURANG,P_BINTARORE,07/08/2026,,,TND,Agu,UP3 BULUKUMBA,GD,INSP,"0,00",,2026,,,,,,,,,,,,
100897229,INSPEKSI TIER 1 BL01093,INST1,GD01.06302705,,32710.INSPEKSI1,ULP.32710,COMP,ULP PANRITA LOPI,,06/08/2026,,KURANG,P_BINTARORE,07/08/2026,,,TND,Agu,UP3 BULUKUMBA,GD,INSP,"0,00",,2026,,,,,,,,,,,,
100897419,INSPEKSI TIER 1 BL01094,INST1,GD01.06302706,,32710.INSPEKSI1,ULP.32710,COMP,ULP PANRITA LOPI,,06/08/2026,,KURANG,P_BINTARORE,07/08/2026,,,TND,Agu,UP3 BULUKUMBA,GD,INSP,"0,00",,2026,,,,,,,,,,,,
100897622,INSPEKSI TIER 1 BL01090,INST1,GD01.06302707,,32710.INSPEKSI1,ULP.32710,COMP,ULP PANRITA LOPI,,06/08/2026,,KURANG,P_BINTARORE,07/08/2026,,,TND,Agu,UP3 BULUKUMBA,GD,INSP,"0,00",,2026,,,,,,,,,,,,
100897895,INSPEKSI TIER 1 BL01091,INST1,GD01.06302708,,32710.INSPEKSI1,ULP.32710,COMP,ULP PANRITA LOPI,,06/08/2026,,KURANG,P_BINTARORE,07/08/2026,,,TND,Agu,UP3 BULUKUMBA,GD,INSP,"0,00",,2026,,,,,,,,,,,,
100898111,INSPEKSI TIER 1 BL01092,INST1,GD01.06302709,,32710.INSPEKSI1,ULP.32710,COMP,ULP PANRITA LOPI,,06/08/2026,,KURANG,P_BINTARORE,07/08/2026,,,TND,Agu,UP3 BULUKUMBA,GD,INSP,"0,00",,2026,,,,,,,,,,,,
100898345,INSPEKSI TIER 1 BL01074,INST1,GD01.06302710,,32710.INSPEKSI1,ULP.32710,COMP,ULP PANRITA LOPI,,06/08/2026,,KURANG,P_BINTARORE,07/08/2026,,,TND,Agu,UP3 BULUKUMBA,GD,INSP,"0,00",,2026,,,,,,,,,,,,
100898826,INSPEKSI TIER 1 BL01075,INST1,GD01.06302711,,32710.INSPEKSI1,ULP.32710,COMP,ULP PANRITA LOPI,,06/08/2026,,KURANG,P_BINTARORE,10/08/2026,,,TND,Agu,UP3 BULUKUMBA,GD,INSP,"0,00",,2026,,,,,,,,,,,,
100899292,INSPEKSI TIER 1 BL01076,INST1,GD01.06302712,,32710.INSPEKSI1,ULP.32710,WFCOMP,ULP PANRITA LOPI,,06/08/2026,,KURANG,P_BINTARORE,28/08/2026,,,TND,Agu,UP3 BULUKUMBA,GD,INSP,"0,00",,2026,,,,,,,,,,,,
100899472,INSPEKSI TIER 1 BL01077,INST1,GD01.06302713,,32710.INSPEKSI1,ULP.32710,COMP,ULP PANRITA LOPI,,06/08/2026,,KURANG,P_BINTARORE,10/08/2026,,,TND,Agu,UP3 BULUKUMBA,GD,INSP,"0,00",,2026,,,,,,,,,,,,
100899835,INSPEKSI TIER 1 BL01078,INST1,GD01.06302714,,32710.INSPEKSI1,ULP.32710,COMP,ULP PANRITA LOPI,,06/08/2026,,KURANG,P_BINTARORE,10/08/2026,,,TND,Agu,UP3 BULUKUMBA,GD,INSP,"0,00",,2026,,,,,,,,,,,,
100900105,INSPEKSI TIER 1 BL01081,INST1,GD01.06302716,,32710.INSPEKSI1,ULP.32710,COMP,ULP PANRITA LOPI,,06/08/2026,,KURANG,P_BINTARORE,10/08/2026,,,TND,Agu,UP3 BULUKUMBA,GD,INSP,"0,00",,2026,,,,,,,,,,,,
100901554,INSPEKSI TIER 1 BL01082,INST1,GD01.06302717,,32710.INSPEKSI1,ULP.32710,WFCOMP,ULP PANRITA LOPI,,06/08/2026,,KURANG,P_BINTARORE,28/08/2026,,,TND,Agu,UP3 BULUKUMBA,GD,INSP,"0,00",,2026,,,,,,,,,,,,
100902412,INSPEKSI TIER 1 BL01079,INST1,GD01.06302718,,32710.INSPEKSI1,ULP.32710,WFCOMP,ULP PANRITA LOPI,,06/08/2026,,KURANG,P_BINTARORE,28/08/2026,,,TND,Agu,UP3 BULUKUMBA,GD,INSP,"0,00",,2026,,,,,,,,,,,,
100903379,INSPEKSI TIER 1 BL-03-093,INST1,GD01.06302719,,32710.INSPEKSI1,ULP.32710,COMP,ULP PANRITA LOPI,,06/08/2026,,KURANG,P_BINTARORE,10/08/2026,,,TND,Agu,UP3 BULUKUMBA,GD,INSP,"0,00",,2026,,,,,,,,,,,,
100904230,INSPEKSI TIER 1 BL-03-092,INST1,GD01.06302720,,32710.INSPEKSI1,ULP.32710,COMP,ULP PANRITA LOPI,,06/08/2026,,KURANG,P_BINTARORE,10/08/2026,,,TND,Agu,UP3 BULUKUMBA,GD,INSP,"0,00",,2026,,,,,,,,,,,,
100905160,INSPEKSI TIER 1 BS59014,INST1,GD01.06302738,,32760.INSPEKSI2,ULP.32760,COMP,ULP SINJAI,,06/08/2026,,BAIK,P_LITHA,10/08/2026,,,TND,Agu,UP3 BULUKUMBA,GD,INSP,"0,00",,2026,,,,,,,,,,,,
100908411,INSPEKSI TIER 1 BS59015,INST1,GD01.06302739,,32760.INSPEKSI2,ULP.32760,COMP,ULP SINJAI,,06/08/2026,,CUKUP,P_LITHA,10/08/2026,,,TND,Agu,UP3 BULUKUMBA,GD,INSP,"0,00",,2026,,,,,,,,,,,,
100908477,INSPEKSI TIER 1 BS59017,INST1,GD01.06302741,,32760.INSPEKSI2,ULP.32760,COMP,ULP SINJAI,,06/08/2026,,KURANG,P_LITHA,10/08/2026,,,TND,Agu,UP3 BULUKUMBA,GD,INSP,"0,00",,2026,,,,,,,,,,,,
100908531,INSPEKSI TIER 1 BS59018,INST1,GD01.06302742,,32760.INSPEKSI2,ULP.32760,COMP,ULP SINJAI,,06/08/2026,,KURANG,P_LITHA,11/08/2026,,,TND,Agu,UP3 BULUKUMBA,GD,INSP,"0,00",,2026,,,,,,,,,,,,
100908647,INSPEKSI TIER 1 BS59019,INST1,GD01.06302744,,32760.INSPEKSI2,ULP.32760,WFCOMP,ULP SINJAI,,06/08/2026,,BAIK,P_LITHA,26/08/2026,,,TND,Agu,UP3 BULUKUMBA,GD,INSP,"0,00",,2026,,,,,,,,,,,,
100908720,INSPEKSI TIER 1 BS59020,INST1,GD01.06302745,,32760.INSPEKSI2,ULP.32760,COMP,ULP SINJAI,,06/08/2026,,KURANG,P_LITHA,11/08/2026,,,TND,Agu,UP3 BULUKUMBA,GD,INSP,"0,00",,2026,,,,,,,,,,,,
100908803,INSPEKSI TIER 1 BS59021,INST1,GD01.06302746,,32760.INSPEKSI2,ULP.32760,COMP,ULP SINJAI,,06/08/2026,,CUKUP,P_LITHA,11/08/2026,,,TND,Agu,UP3 BULUKUMBA,GD,INSP,"0,00",,2026,,,,,,,,,,,,
100908902,INSPEKSI TIER 1 BS59022,INST1,GD01.06302747,,32760.INSPEKSI2,ULP.32760,COMP,ULP SINJAI,,06/08/2026,,CUKUP,P_LITHA,11/08/2026,,,TND,Agu,UP3 BULUKUMBA,GD,INSP,"0,00",,2026,,,,,,,,,,,,
100909004,INSPEKSI TIER 1 BS59023,INST1,GD01.06302748,,32760.INSPEKSI2,ULP.32760,COMP,ULP SINJAI,,06/08/2026,,CUKUP,P_LITHA,11/08/2026,,,TND,Agu,UP3 BULUKUMBA,GD,INSP,"0,00",,2026,,,,,,,,,,,,
100909228,INSPEKSI TIER 1 BS59072,INST1,GD01.06302800,,32760.INSPEKSI2,ULP.32760,COMP,ULP SINJAI,,06/08/2026,,KURANG,P_LITHA,11/08/2026,,,TND,Agu,UP3 BULUKUMBA,GD,INSP,"0,00",,2026,,,,,,,,,,,,
100909381,INSPEKSI TIER 1 BS59073,INST1,GD01.06302801,,32760.INSPEKSI2,ULP.32760,COMP,ULP SINJAI,,06/08/2026,,KURANG,P_LITHA,11/08/2026,,,TND,Agu,UP3 BULUKUMBA,GD,INSP,"0,00",,2026,,,,,,,,,,,,
100910086,INSPEKSI TIER 1 BS59074,INST1,GD01.06302802,,32760.INSPEKSI2,ULP.32760,COMP,ULP SINJAI,,06/08/2026,,KURANG,P_LITHA,11/08/2026,,,TND,Agu,UP3 BULUKUMBA,GD,INSP,"0,00",,2026,,,,,,,,,,,,
100910926,INSPEKSI TIER 1 BS59075,INST1,GD01.06302803,,32760.INSPEKSI2,ULP.32760,COMP,ULP SINJAI,,06/08/2026,,KURANG,P_LITHA,11/08/2026,,,TND,Agu,UP3 BULUKUMBA,GD,INSP,"0,00",,2026,,,,,,,,,,,,
100911176,INSPEKSI TIER 1 BS59076,INST1,GD01.06302804,,32760.INSPEKSI2,ULP.32760,COMP,ULP SINJAI,,06/08/2026,,KURANG,P_LITHA,11/08/2026,,,TND,Agu,UP3 BULUKUMBA,GD,INSP,"0,00",,2026,,,,,,,,,,,,
100911281,INSPEKSI TIER 1 BS08000,INST1,GD01.06301767,,7417.INSPEKTOR.SINJAI2,ULP.32760,WINSP,ULP SINJAI,,06/08/2026,,,P_MATUMPU,07/08/2026,,,TND,Agu,UP3 BULUKUMBA,GD,INSP,"0,00",,2026,,,,,,,,,,,,
100911293,INSPEKSI TIER 1 BS08001,INST1,GD01.06301769,,32760.INSPEKSI2,ULP.32760,COMP,ULP SINJAI,,06/08/2026,,KURANG,P_MATUMPU,11/08/2026,,,TND,Agu,UP3 BULUKUMBA,GD,INSP,"0,00",,2026,,,,,,,,,,,,
100911302,INSPEKSI TIER 1 BS08004,INST1,GD01.06301773,,32760.INSPEKSI2,ULP.32760,COMP,ULP SINJAI,,06/08/2026,,KURANG,P_MATUMPU,10/08/2026,,,TND,Agu,UP3 BULUKUMBA,GD,INSP,"0,00",,2026,,,,,,,,,,,,
100911313,INSPEKSI TIER 1 BS08006,INST1,GD01.06301775,,32760.INSPEKSI2,ULP.32760,COMP,ULP SINJAI,,06/08/2026,,KURANG,P_MATUMPU,10/08/2026,,,TND,Agu,UP3 BULUKUMBA,GD,INSP,"0,00",,2026,,,,,,,,,,,,
100911322,INSPEKSI TIER 1 BS08008,INST1,GD01.06301777,,32760.INSPEKSI2,ULP.32760,COMP,ULP SINJAI,,06/08/2026,,CUKUP,P_MATUMPU,10/08/2026,,,TND,Agu,UP3 BULUKUMBA,GD,INSP,"0,00",,2026,,,,,,,,,,,,
100911333,INSPEKSI TIER 1 BS08009,INST1,GD01.06301778,,32760.INSPEKSI2,ULP.32760,COMP,ULP SINJAI,,06/08/2026,,KURANG,P_MATUMPU,10/08/2026,,,TND,Agu,UP3 BULUKUMBA,GD,INSP,"0,00",,2026,,,,,,,,,,,,
100911348,INSPEKSI TIER 1 BS08010,INST1,GD01.06301779,,32760.INSPEKSI2,ULP.32760,COMP,ULP SINJAI,,06/08/2026,,KURANG,P_MATUMPU,10/08/2026,,,TND,Agu,UP3 BULUKUMBA,GD,INSP,"0,00",,2026,,,,,,,,,,,,
100911357,INSPEKSI TIER 1 BS08012,INST1,GD01.06301781,,32760.INSPEKSI2,ULP.32760,COMP,ULP SINJAI,,06/08/2026,,KURANG,P_MATUMPU,11/08/2026,,,TND,Agu,UP3 BULUKUMBA,GD,INSP,"0,00",,2026,,,,,,,,,,,,
100911970,INSPEKSI TIER 1 BR16000,INST1,GD01.06301551,,32750.INSPEKSI1,ULP.32750,WFOLLOWUP,ULP SELAYAR,,06/08/2026,,BURUK,P_EREMATA,19/08/2026,,,TND,Agu,UP3 BULUKUMBA,GD,INSP,"0,00",,2026,,,,,,,,,,,,
100911983,INSPEKSI TIER 1 BR70116,INST1,GD01.06301554,,32750.INSPEKSI1,ULP.32750,WFOLLOWUP,ULP SELAYAR,,06/08/2026,,BURUK,P_EREMATA,19/08/2026,,,TND,Agu,UP3 BULUKUMBA,GD,INSP,"0,00",,2026,,,,,,,,,,,,
100911996,INSPEKSI TIER 1 BR16007A,INST1,GD01.06301559,,32750.INSPEKSI1,ULP.32750,COMP,ULP SELAYAR,,06/08/2026,,KURANG,P_EREMATA,19/08/2026,,,TND,Agu,UP3 BULUKUMBA,GD,INSP,"0,00",,2026,,,,,,,,,,,,
100912008,INSPEKSI TIER 1 BR70061,INST1,GD01.06301582,,32750.INSPEKSI1,ULP.32750,COMP,ULP SELAYAR,,06/08/2026,,KURANG,P_TIELINE SELAYAR 1,12/08/2026,,,TND,Agu,UP3 BULUKUMBA,GD,INSP,"0,00",,2026,,,,,,,,,,,,
100912019,INSPEKSI TIER 1 BR70062,INST1,GD01.06301583,,32750.INSPEKSI1,ULP.32750,COMP,ULP SELAYAR,,06/08/2026,,CUKUP,P_TIELINE SELAYAR 1,12/08/2026,,,TND,Agu,UP3 BULUKUMBA,GD,INSP,"0,00",,2026,,,,,,,,,,,,
100912030,INSPEKSI TIER 1 BX00001,INST1,GD01.06301604,,32750.INSPEKSI1,ULP.32750,COMP,ULP SELAYAR,,06/08/2026,,KURANG,P_TIELINE SELAYAR 1,12/08/2026,,,TND,Agu,UP3 BULUKUMBA,GD,INSP,"0,00",,2026,,,,,,,,,,,,
100912048,INSPEKSI TIER 1 BR67341,INST1,GD01.06301622,,32750.INSPEKSI1,ULP.32750,COMP,ULP SELAYAR,,06/08/2026,,KURANG,P_TIELINE SELAYAR 1,12/08/2026,,,TND,Agu,UP3 BULUKUMBA,GD,INSP,"0,00",,2026,,,,,,,,,,,,
100912588,INSPEKSI TIER 1 BX0004,INST1,GD01.06301625,,32750.INSPEKSI1,ULP.32750,COMP,ULP SELAYAR,,06/08/2026,,KURANG,P_TIELINE SELAYAR 1,12/08/2026,,,TND,Agu,UP3 BULUKUMBA,GD,INSP,"0,00",,2026,,,,,,,,,,,,
100913379,INSPEKSI TIER 1 BX003,INST1,GD01.06301511,,32750.INSPEKSI1,ULP.32750,INPRG,ULP SELAYAR,,06/08/2026,,,P_BONTOMANAI,11/08/2026,,,TND,Agu,UP3 BULUKUMBA,GD,INSP,"0,00",,2026,,,,,,,,,,,,
100913509,INSPEKSI TIER 1 BR70053,INST1,GD01.06301571,,32750.INSPEKSI1,ULP.32750,WFOLLOWUP,ULP SELAYAR,,06/08/2026,,BURUK,P_TIELINE SELAYAR 1,24/08/2026,,,TND,Agu,UP3 BULUKUMBA,GD,INSP,"0,00",,2026,,,,,,,,,,,,
100913560,INSPEKSI TIER 1 BR70054,INST1,GD01.06301572,,32750.INSPEKSI1,ULP.32750,WFOLLOWUP,ULP SELAYAR,,06/08/2026,,BURUK,P_TIELINE SELAYAR 1,24/08/2026,,,TND,Agu,UP3 BULUKUMBA,GD,INSP,"0,00",,2026,,,,,,,,,,,,
100913747,INSPEKSI TIER 1 BR15029,INST1,GD01.06301675,,32750.INSPEKSI1,ULP.32750,COMP,ULP SELAYAR,,06/08/2026,,KURANG,P_BONTOMATENE,14/08/2026,,,TND,Agu,UP3 BULUKUMBA,GD,INSP,"0,00",,2026,,,,,,,,,,,,
100914516,INSPEKSI TIER 1 BR15030,INST1,GD01.06301676,,32750.INSPEKSI1,ULP.32750,COMP,ULP SELAYAR,,06/08/2026,,CUKUP,P_BONTOMATENE,14/08/2026,,,TND,Agu,UP3 BULUKUMBA,GD,INSP,"0,00",,2026,,,,,,,,,,,,
100914590,INSPEKSI TIER 1 BR15031,INST1,GD01.06301677,,32750.INSPEKSI1,ULP.32750,COMP,ULP SELAYAR,,06/08/2026,,KURANG,P_BONTOMATENE,14/08/2026,,,TND,Agu,UP3 BULUKUMBA,GD,INSP,"0,00",,2026,,,,,,,,,,,,
100914608,INSPEKSI TIER 1 BR15032,INST1,GD01.06301678,,32750.INSPEKSI1,ULP.32750,COMP,ULP SELAYAR,,06/08/2026,,KURANG,P_BONTOMATENE,14/08/2026,,,TND,Agu,UP3 BULUKUMBA,GD,INSP,"0,00",,2026,,,,,,,,,,,,
100914621,INSPEKSI TIER 1 BR15033,INST1,GD01.06301679,,32750.INSPEKSI1,ULP.32750,WFOLLOWUP,ULP SELAYAR,,06/08/2026,,BURUK,P_BONTOMATENE,14/08/2026,,,TND,Agu,UP3 BULUKUMBA,GD,INSP,"0,00",,2026,,,,,,,,,,,,
100915272,INSPEKSI TIER 1 BR15034,INST1,GD01.06301680,,32750.INSPEKSI1,ULP.32750,COMP,ULP SELAYAR,,06/08/2026,,KURANG,P_BONTOMATENE,14/08/2026,,,TND,Agu,UP3 BULUKUMBA,GD,INSP,"0,00",,2026,,,,,,,,,,,,
100915403,INSPEKSI TIER 1 BR15035,INST1,GD01.06301681,,32750.INSPEKSI1,ULP.32750,COMP,ULP SELAYAR,,06/08/2026,,KURANG,P_BONTOMATENE,14/08/2026,,,TND,Agu,UP3 BULUKUMBA,GD,INSP,"0,00",,2026,,,,,,,,,,,,
100915614,INSPEKSI TIER 1 BR15025,INST1,GD01.06301654,,32750.INSPEKSI1,ULP.32750,COMP,ULP SELAYAR,,06/08/2026,,KURANG,P_BONTOMATENE,14/08/2026,,,TND,Agu,UP3 BULUKUMBA,GD,INSP,"0,00",,2026,,,,,,,,,,,,
100915755,INSPEKSI TIER 1 BR15026,INST1,GD01.06301655,,32750.INSPEKSI1,ULP.32750,COMP,ULP SELAYAR,,06/08/2026,,KURANG,P_BONTOMATENE,14/08/2026,,,TND,Agu,UP3 BULUKUMBA,GD,INSP,"0,00",,2026,,,,,,,,,,,,
100916013,INSPEKSI TIER 1 BR15062,INST1,GD01.06301653,,32750.INSPEKSI1,ULP.32750,WFOLLOWUP,ULP SELAYAR,,06/08/2026,,BURUK,P_BONTOMATENE,24/08/2026,,,TND,Agu,UP3 BULUKUMBA,GD,INSP,"0,00",,2026,,,,,,,,,,,,
100916083,INSPEKSI TIER 1 GT SISIPAN BONELOHE,INST1,GD01.06301652,,32750.INSPEKSI1,ULP.32750,WFOLLOWUP,ULP SELAYAR,,06/08/2026,,BURUK,P_BONTOMATENE,24/08/2026,,,TND,Agu,UP3 BULUKUMBA,GD,INSP,"0,00",,2026,,,,,,,,,,,,
100916530,INSPEKSI TIER 1 BB70105,INST1,GD01.06302301,,32740.INSPEKSI2,ULP.32740,WFOLLOWUP,ULP BANTAENG,,06/08/2026,,BURUK,P_LINGKAR,09/08/2026,,,TND,Agu,UP3 BULUKUMBA,GD,INSP,"0,00",,2026,,,,,,,,,,,,
100916541,INSPEKSI TIER 1 BB70106,INST1,GD01.06302302,,32740.INSPEKSI2,ULP.32740,WFOLLOWUP,ULP BANTAENG,,06/08/2026,,BURUK,P_LINGKAR,09/08/2026,,,TND,Agu,UP3 BULUKUMBA,GD,INSP,"0,00",,2026,,,,,,,,,,,,
100916552,INSPEKSI TIER 1 BB70107,INST1,GD01.06302303,,32740.INSPEKSI2,ULP.32740,WFOLLOWUP,ULP BANTAENG,,06/08/2026,,BURUK,P_LINGKAR,09/08/2026,,,TND,Agu,UP3 BULUKUMBA,GD,INSP,"0,00",,2026,,,,,,,,,,,,
100916563,INSPEKSI TIER 1 BB70108,INST1,GD01.06302304,,32740.INSPEKSI2,ULP.32740,WFOLLOWUP,ULP BANTAENG,,06/08/2026,,BURUK,P_LINGKAR,09/08/2026,,,TND,Agu,UP3 BULUKUMBA,GD,INSP,"0,00",,2026,,,,,,,,,,,,
100916575,INSPEKSI TIER 1 BB70109,INST1,GD01.06302305,,32740.INSPEKSI2,ULP.32740,WFOLLOWUP,ULP BANTAENG,,06/08/2026,,BURUK,P_LINGKAR,09/08/2026,,,TND,Agu,UP3 BULUKUMBA,GD,INSP,"0,00",,2026,,,,,,,,,,,,
100916586,INSPEKSI TIER 1 BB70110,INST1,GD01.06302306,,32740.INSPEKSI2,ULP.32740,WFOLLOWUP,ULP BANTAENG,,06/08/2026,,BURUK,P_LINGKAR,09/08/2026,,,TND,Agu,UP3 BULUKUMBA,GD,INSP,"0,00",,2026,,,,,,,,,,,,
100916597,INSPEKSI TIER 1 BB70111,INST1,GD01.06302307,,32740.INSPEKSI2,ULP.32740,COMP,ULP BANTAENG,,06/08/2026,,KURANG,P_LINGKAR,09/08/2026,,,TND,Agu,UP3 BULUKUMBA,GD,INSP,"0,00",,2026,,,,,,,,,,,,
100916608,INSPEKSI TIER 1 BB70118,INST1,GD01.06302313,,32740.INSPEKSI2,ULP.32740,COMP,ULP BANTAENG,,06/08/2026,,CUKUP,P_LINGKAR,09/08/2026,,,TND,Agu,UP3 BULUKUMBA,GD,INSP,"0,00",,2026,,,,,,,,,,,,
100916619,INSPEKSI TIER 1 BB70119,INST1,GD01.06302314,,32740.INSPEKSI2,ULP.32740,COMP,ULP BANTAENG,,06/08/2026,,KURANG,P_LINGKAR,09/08/2026,,,TND,Agu,UP3 BULUKUMBA,GD,INSP,"0,00",,2026,,,,,,,,,,,,
100916630,INSPEKSI TIER 1 BB70120,INST1,GD01.06302315,,32740.INSPEKSI2,ULP.32740,COMP,ULP BANTAENG,,06/08/2026,,KURANG,P_LINGKAR,09/08/2026,,,TND,Agu,UP3 BULUKUMBA,GD,INSP,"0,00",,2026,,,,,,,,,,,,
100916641,INSPEKSI TIER 1 BB70121,INST1,GD01.06302316,,32740.INSPEKSI2,ULP.32740,COMP,ULP BANTAENG,,06/08/2026,,KURANG,P_LINGKAR,12/08/2026,,,TND,Agu,UP3 BULUKUMBA,GD,INSP,"0,00",,2026,,,,,,,,,,,,
100916652,INSPEKSI TIER 1 BB70122,INST1,GD01.06302317,,32740.INSPEKSI2,ULP.32740,INPRG,ULP BANTAENG,,06/08/2026,,,P_LINGKAR,26/08/2026,,,TND,Agu,UP3 BULUKUMBA,GD,INSP,"0,00",,2026,,,,,,,,,,,,
100916663,INSPEKSI TIER 1 BB70123,INST1,GD01.06302318,,32740.INSPEKSI2,ULP.32740,INPRG,ULP BANTAENG,,06/08/2026,,,P_LINGKAR,26/08/2026,,,TND,Agu,UP3 BULUKUMBA,GD,INSP,"0,00",,2026,,,,,,,,,,,,
100916674,INSPEKSI TIER 1 BB70124,INST1,GD01.06302319,,32740.INSPEKSI2,ULP.32740,INPRG,ULP BANTAENG,,06/08/2026,,,P_LINGKAR,26/08/2026,,,TND,Agu,UP3 BULUKUMBA,GD,INSP,"0,00",,2026,,,,,,,,,,,,
100916685,INSPEKSI TIER 1 BB70125,INST1,GD01.06302320,,32740.INSPEKSI2,ULP.32740,INPRG,ULP BANTAENG,,06/08/2026,,,P_LINGKAR,26/08/2026,,,TND,Agu,UP3 BULUKUMBA,GD,INSP,"0,00",,2026,,,,,,,,,,,,
100916696,INSPEKSI TIER 1 BB70126,INST1,GD01.06302321,,32740.INSPEKSI2,ULP.32740,INPRG,ULP BANTAENG,,06/08/2026,,,P_LINGKAR,26/08/2026,,,TND,Agu,UP3 BULUKUMBA,GD,INSP,"0,00",,2026,,,,,,,,,,,,
100916707,INSPEKSI TIER 1 BB70127,INST1,GD01.06302322,,32740.INSPEKSI2,ULP.32740,INPRG,ULP BANTAENG,,06/08/2026,,,P_LINGKAR,26/08/2026,,,TND,Agu,UP3 BULUKUMBA,GD,INSP,"0,00",,2026,,,,,,,,,,,,
100916718,INSPEKSI TIER 1 BB70128,INST1,GD01.06302323,,32740.INSPEKSI2,ULP.32740,COMP,ULP BANTAENG,,06/08/2026,,KURANG,P_LINGKAR,09/08/2026,,,TND,Agu,UP3 BULUKUMBA,GD,INSP,"0,00",,2026,,,,,,,,,,,,
100916729,INSPEKSI TIER 1 BB70129,INST1,GD01.06302324,,32740.INSPEKSI2,ULP.32740,INPRG,ULP BANTAENG,,06/08/2026,,,P_LINGKAR,26/08/2026,,,TND,Agu,UP3 BULUKUMBA,GD,INSP,"0,00",,2026,,,,,,,,,,,,
100916740,INSPEKSI TIER 1 BB70130,INST1,GD01.06302325,,32740.INSPEKSI2,ULP.32740,INPRG,ULP BANTAENG,,06/08/2026,,,P_LINGKAR,26/08/2026,,,TND,Agu,UP3 BULUKUMBA,GD,INSP,"0,00",,2026,,,,,,,,,,,,
100916751,INSPEKSI TIER 1 BB70131,INST1,GD01.06302326,,32740.INSPEKSI2,ULP.32740,INPRG,ULP BANTAENG,,06/08/2026,,,P_LINGKAR,26/08/2026,,,TND,Agu,UP3 BULUKUMBA,GD,INSP,"0,00",,2026,,,,,,,,,,,,
100916762,INSPEKSI TIER 1 BB70132,INST1,GD01.06302327,,32740.INSPEKSI2,ULP.32740,INPRG,ULP BANTAENG,,06/08/2026,,,P_LINGKAR,26/08/2026,,,TND,Agu,UP3 BULUKUMBA,GD,INSP,"0,00",,2026,,,,,,,,,,,,
100916773,INSPEKSI TIER 1 BT50086,INST1,GD01.06300519,,32770.INSPEKSI1,ULP.32770,COMP,ULP TANETE,,06/08/2026,8/11/26 6:33,KURANG,P_BINTARORE,17/08/2026,,,TND,Agu,UP3 BULUKUMBA,GD,INSP,"0,00",,2026,,,,,,,,,,,,
100916784,INSPEKSI TIER 1 BT08500,INST1,GD01.06300483,,32770.INSPEKSI1,ULP.32770,WFCOMP,ULP TANETE,,06/08/2026,8/11/26 6:32,KURANG,P_BINTARORE,21/08/2026,,,TND,Agu,UP3 BULUKUMBA,GD,INSP,"0,00",,2026,,,,,,,,,,,,
100916795,INSPEKSI TIER 1 BT50008,INST1,GD01.06300491,,32770.INSPEKSI1,ULP.32770,WFCOMP,ULP TANETE,,06/08/2026,8/11/26 6:31,KURANG,P_BINTARORE,27/08/2026,,,TND,Agu,UP3 BULUKUMBA,GD,INSP,"0,00",,2026,,,,,,,,,,,,
100916837,INSPEKSI TIER 1 BT50009,INST1,GD01.06300492,,32770.INSPEKSI1,ULP.32770,WFCOMP,ULP TANETE,,06/08/2026,8/11/26 6:31,KURANG,P_BINTARORE,27/08/2026,,,TND,Agu,UP3 BULUKUMBA,GD,INSP,"0,00",,2026,,,,,,,,,,,,
100916859,INSPEKSI TIER 1 BT50081,INST1,GD01.06300514,,32770.INSPEKSI1,ULP.32770,COMP,ULP TANETE,,06/08/2026,8/11/26 6:30,KURANG,P_BINTARORE,17/08/2026,,,TND,Agu,UP3 BULUKUMBA,GD,INSP,"0,00",,2026,,,,,,,,,,,,
100916895,INSPEKSI TIER 1 BT50082,INST1,GD01.06300515,,32770.INSPEKSI1,ULP.32770,WFCOMP,ULP TANETE,,07/08/2026,8/11/26 6:30,CUKUP,P_BINTARORE,27/08/2026,,,TND,Agu,UP3 BULUKUMBA,GD,INSP,"0,00",,2026,,,,,,,,,,,,
100916905,INSPEKSI TIER 1 BT50083,INST1,GD01.06300516,,32770.INSPEKSI1,ULP.32770,WFCOMP,ULP TANETE,,07/08/2026,8/11/26 6:29,KURANG,P_BINTARORE,27/08/2026,,,TND,Agu,UP3 BULUKUMBA,GD,INSP,"0,00",,2026,,,,,,,,,,,,
100916914,INSPEKSI TIER 1 BT50084,INST1,GD01.06300517,,32770.INSPEKSI1,ULP.32770,WFCOMP,ULP TANETE,,07/08/2026,8/11/26 6:29,KURANG,P_BINTARORE,27/08/2026,,,TND,Agu,UP3 BULUKUMBA,GD,INSP,"0,00",,2026,,,,,,,,,,,,
100916924,INSPEKSI TIER 1 BT50085,INST1,GD01.06300518,,32770.INSPEKSI1,ULP.32770,COMP,ULP TANETE,,07/08/2026,8/11/26 6:28,KURANG,P_BINTARORE,17/08/2026,,,TND,Agu,UP3 BULUKUMBA,GD,INSP,"0,00",,2026,,,,,,,,,,,,
100916960,INSPEKSI TIER 1 BT50087,INST1,GD01.06300520,,32770.INSPEKSI1,ULP.32770,COMP,ULP TANETE,,07/08/2026,8/11/26 6:28,BAIK,P_BINTARORE,17/08/2026,,,TND,Agu,UP3 BULUKUMBA,GD,INSP,"0,00",,2026,,,,,,,,,,,,
100916979,INSPEKSI TIER 1 BT51503,INST1,GD01.06300521,,32770.INSPEKSI1,ULP.32770,WFCOMP,ULP TANETE,,07/08/2026,8/11/26 6:27,KURANG,P_BINTARORE,27/08/2026,,,TND,Agu,UP3 BULUKUMBA,GD,INSP,"0,00",,2026,,,,,,,,,,,,
100917000,INSPEKSI TIER 1 BT50034,INST1,GD01.06300525,,32770.INSPEKSI1,ULP.32770,WFCOMP,ULP TANETE,,07/08/2026,8/11/26 6:26,KURANG,P_BINTARORE,27/08/2026,,,TND,Agu,UP3 BULUKUMBA,GD,INSP,"0,00",,2026,,,,,,,,,,,,
100917018,INSPEKSI TIER 1 BT50036,INST1,GD01.06300527,,32770.INSPEKSI1,ULP.32770,WFCOMP,ULP TANETE,,07/08/2026,8/11/26 6:26,KURANG,P_BINTARORE,24/08/2026,,,TND,Agu,UP3 BULUKUMBA,GD,INSP,"0,00",,2026,,,,,,,,,,,,
100917035,INSPEKSI TIER 1 BT50037,INST1,GD01.06300528,,32770.INSPEKSI1,ULP.32770,COMP,ULP TANETE,,07/08/2026,8/11/26 6:25,KURANG,P_BINTARORE,17/08/2026,,,TND,Agu,UP3 BULUKUMBA,GD,INSP,"0,00",,2026,,,,,,,,,,,,
100917057,INSPEKSI TIER 1 BT50038,INST1,GD01.06300529,,32770.INSPEKSI1,ULP.32770,COMP,ULP TANETE,,07/08/2026,8/11/26 6:25,KURANG,P_BINTARORE,21/08/2026,,,TND,Agu,UP3 BULUKUMBA,GD,INSP,"0,00",,2026,,,,,,,,,,,,
100917081,INSPEKSI TIER 1 BT50039,INST1,GD01.06300530,,32770.INSPEKSI1,ULP.32770,WFCOMP,ULP TANETE,,07/08/2026,8/11/26 6:24,CUKUP,P_BINTARORE,27/08/2026,,,TND,Agu,UP3 BULUKUMBA,GD,INSP,"0,00",,2026,,,,,,,,,,,,
100917091,INSPEKSI TIER 1 BT50040,INST1,GD01.06300531,,32770.INSPEKSI1,ULP.32770,COMP,ULP TANETE,,07/08/2026,8/11/26 6:23,KURANG,P_BINTARORE,21/08/2026,,,TND,Agu,UP3 BULUKUMBA,GD,INSP,"0,00",,2026,,,,,,,,,,,,
100917102,INSPEKSI TIER 1 BT50041,INST1,GD01.06300532,,32770.INSPEKSI1,ULP.32770,WFCOMP,ULP TANETE,,07/08/2026,8/11/26 6:22,KURANG,P_BINTARORE,27/08/2026,,,TND,Agu,UP3 BULUKUMBA,GD,INSP,"0,00",,2026,,,,,,,,,,,,
100917111,INSPEKSI TIER 1 BT50042,INST1,GD01.06300533,,32770.INSPEKSI1,ULP.32770,COMP,ULP TANETE,,07/08/2026,8/11/26 5:16,KURANG,P_BINTARORE,21/08/2026,,,TND,Agu,UP3 BULUKUMBA,GD,INSP,"0,00",,2026,,,,,,,,,,,,
100917122,INSPEKSI TIER 1 BT50043,INST1,GD01.06300534,,32770.INSPEKSI1,ULP.32770,WFCOMP,ULP TANETE,,07/08/2026,8/11/26 5:16,KURANG,P_BINTARORE,27/08/2026,,,TND,Agu,UP3 BULUKUMBA,GD,INSP,"0,00",,2026,,,,,,,,,,,,
100917131,INSPEKSI TIER 1 BT50044,INST1,GD01.06300535,,32770.INSPEKSI1,ULP.32770,WFCOMP,ULP TANETE,,07/08/2026,8/11/26 5:15,KURANG,P_BINTARORE,27/08/2026,,,TND,Agu,UP3 BULUKUMBA,GD,INSP,"0,00",,2026,,,,,,,,,,,,
100917143,INSPEKSI TIER 1 BT50045,INST1,GD01.06300536,,32770.INSPEKSI1,ULP.32770,WFCOMP,ULP TANETE,,07/08/2026,8/11/26 5:14,KURANG,P_BINTARORE,27/08/2026,,,TND,Agu,UP3 BULUKUMBA,GD,INSP,"0,00",,2026,,,,,,,,,,,,
100917205,INSPEKSI TIER 1 BJ63680,INST1,GD01.06300970,,32730.INSPEKSI1,ULP.32730,WINSP,ULP JENEPONTO,,07/08/2026,,,P_PASAR KARISA,10/08/2026,,,TND,Agu,UP3 BULUKUMBA,GD,INSP,"0,00",,2026,,,,,,,,,,,,
100917227,INSPEKSI TIER 1 BJ63721,INST1,GD01.06301011,,32730.INSPEKSI1,ULP.32730,WFOLLOWUP,ULP JENEPONTO,,07/08/2026,,BURUK,P_PASAR KARISA,24/08/2026,,,TND,Agu,UP3 BULUKUMBA,GD,INSP,"0,00",,2026,,,,,,,,,,,,
100917237,INSPEKSI TIER 1 BJ63724,INST1,GD01.06301014,,32730.INSPEKSI1,ULP.32730,COMP,ULP JENEPONTO,,07/08/2026,,KURANG,P_PASAR KARISA,24/08/2026,,,TND,Agu,UP3 BULUKUMBA,GD,INSP,"0,00",,2026,,,,,,,,,,,,
100917247,INSPEKSI TIER 1 BJ63725,INST1,GD01.06301015,,32730.INSPEKSI1,ULP.32730,COMP,ULP JENEPONTO,,07/08/2026,,KURANG,P_PASAR KARISA,24/08/2026,,,TND,Agu,UP3 BULUKUMBA,GD,INSP,"0,00",,2026,,,,,,,,,,,,
100917257,INSPEKSI TIER 1 BJ63726,INST1,GD01.06301016,,32730.INSPEKSI1,ULP.32730,WFOLLOWUP,ULP JENEPONTO,,07/08/2026,,BURUK,P_PASAR KARISA,24/08/2026,,,TND,Agu,UP3 BULUKUMBA,GD,INSP,"0,00",,2026,,,,,,,,,,,,
100917267,INSPEKSI TIER 1 BJ63727,INST1,GD01.06301017,,32730.INSPEKSI1,ULP.32730,COMP,ULP JENEPONTO,,07/08/2026,,KURANG,P_PASAR KARISA,24/08/2026,,,TND,Agu,UP3 BULUKUMBA,GD,INSP,"0,00",,2026,,,,,,,,,,,,
100917277,INSPEKSI TIER 1 BJ11001,INST1,GD01.06301018,,32730.INSPEKSI1,ULP.32730,WFOLLOWUP,ULP JENEPONTO,,07/08/2026,,BURUK,P_BATANG,18/08/2026,,,TND,Agu,UP3 BULUKUMBA,GD,INSP,"0,00",,2026,,,,,,,,,,,,
100917288,INSPEKSI TIER 1 BJ11003,INST1,GD01.06301020,,32730.INSPEKSI1,ULP.32730,WFOLLOWUP,ULP JENEPONTO,,07/08/2026,,BURUK,P_BATANG,18/08/2026,,,TND,Agu,UP3 BULUKUMBA,GD,INSP,"0,00",,2026,,,,,,,,,,,,
100917299,INSPEKSI TIER 1 BJ11004,INST1,GD01.06301021,,32730.INSPEKSI1,ULP.32730,WFOLLOWUP,ULP JENEPONTO,,07/08/2026,,BURUK,P_BATANG,18/08/2026,,,TND,Agu,UP3 BULUKUMBA,GD,INSP,"0,00",,2026,,,,,,,,,,,,
100917310,INSPEKSI TIER 1 BJ11005,INST1,GD01.06301022,,32730.INSPEKSI1,ULP.32730,WFOLLOWUP,ULP JENEPONTO,,07/08/2026,,BURUK,P_BATANG,18/08/2026,,,TND,Agu,UP3 BULUKUMBA,GD,INSP,"0,00",,2026,,,,,,,,,,,,
100917319,INSPEKSI TIER 1 BJ11006,INST1,GD01.06301023,,32730.INSPEKSI1,ULP.32730,WFOLLOWUP,ULP JENEPONTO,,07/08/2026,,BURUK,P_BATANG,18/08/2026,,,TND,Agu,UP3 BULUKUMBA,GD,INSP,"0,00",,2026,,,,,,,,,,,,
100917328,INSPEKSI TIER 1 BJ11007,INST1,GD01.06301024,,32730.INSPEKSI1,ULP.32730,WFOLLOWUP,ULP JENEPONTO,,07/08/2026,,BURUK,P_BATANG,18/08/2026,,,TND,Agu,UP3 BULUKUMBA,GD,INSP,"0,00",,2026,,,,,,,,,,,,
100917337,INSPEKSI TIER 1 BJ11008,INST1,GD01.06301025,,32730.INSPEKSI1,ULP.32730,WFOLLOWUP,ULP JENEPONTO,,07/08/2026,,BURUK,P_BATANG,18/08/2026,,,TND,Agu,UP3 BULUKUMBA,GD,INSP,"0,00",,2026,,,,,,,,,,,,
100917346,INSPEKSI TIER 1 BJ11009,INST1,GD01.06301026,,32730.INSPEKSI1,ULP.32730,WFOLLOWUP,ULP JENEPONTO,,07/08/2026,,BURUK,P_BATANG,18/08/2026,,,TND,Agu,UP3 BULUKUMBA,GD,INSP,"0,00",,2026,,,,,,,,,,,,
100917355,INSPEKSI TIER 1 BJ11010,INST1,GD01.06301027,,32730.INSPEKSI1,ULP.32730,COMP,ULP JENEPONTO,,07/08/2026,,KURANG,P_BATANG,18/08/2026,,,TND,Agu,UP3 BULUKUMBA,GD,INSP,"0,00",,2026,,,,,,,,,,,,
100917364,INSPEKSI TIER 1 BJ11011,INST1,GD01.06301028,,32730.INSPEKSI1,ULP.32730,COMP,ULP JENEPONTO,,07/08/2026,,KURANG,P_BATANG,18/08/2026,,,TND,Agu,UP3 BULUKUMBA,GD,INSP,"0,00",,2026,,,,,,,,,,,,
100917373,INSPEKSI TIER 1 BJ11012,INST1,GD01.06301029,,32730.INSPEKSI1,ULP.32730,WFOLLOWUP,ULP JENEPONTO,,07/08/2026,,BURUK,P_BATANG,18/08/2026,,,TND,Agu,UP3 BULUKUMBA,GD,INSP,"0,00",,2026,,,,,,,,,,,,
100917396,INSPEKSI TIER 1 BJ11013,INST1,GD01.06301030,,32730.INSPEKSI1,ULP.32730,WFOLLOWUP,ULP JENEPONTO,,07/08/2026,,BURUK,P_BATANG,18/08/2026,,,TND,Agu,UP3 BULUKUMBA,GD,INSP,"0,00",,2026,,,,,,,,,,,,
100917487,INSPEKSI TIER 1 BJ11014,INST1,GD01.06301031,,32730.INSPEKSI1,ULP.32730,COMP,ULP JENEPONTO,,07/08/2026,,KURANG,P_BATANG,18/08/2026,,,TND,Agu,UP3 BULUKUMBA,GD,INSP,"0,00",,2026,,,,,,,,,,,,
100917496,INSPEKSI TIER 1 BJ11015,INST1,GD01.06301032,,32730.INSPEKSI1,ULP.32730,WFOLLOWUP,ULP JENEPONTO,,07/08/2026,,BURUK,P_BATANG,18/08/2026,,,TND,Agu,UP3 BULUKUMBA,GD,INSP,"0,00",,2026,,,,,,,,,,,,
100917505,INSPEKSI TIER 1 BJ11016,INST1,GD01.06301033,,32730.INSPEKSI1,ULP.32730,WFOLLOWUP,ULP JENEPONTO,,07/08/2026,,BURUK,P_BATANG,18/08/2026,,,TND,Agu,UP3 BULUKUMBA,GD,INSP,"0,00",,2026,,,,,,,,,,,,
100917514,INSPEKSI TIER 1 BJ11017,INST1,GD01.06301034,,32730.INSPEKSI1,ULP.32730,WFOLLOWUP,ULP JENEPONTO,,07/08/2026,,BURUK,P_BATANG,18/08/2026,,,TND,Agu,UP3 BULUKUMBA,GD,INSP,"0,00",,2026,,,,,,,,,,,,
100955877,Perbaikan/Pergantian INSPEKSI TIER 1 BL04004,INST1,GD01.06301763,,32710.INSPEKSI1,ULP.32710,COMP,ULP PANRITA LOPI,,07/08/2026,,KURANG,P_MATTEKO,28/08/2026,,100885195,TND,Agu,UP3 BULUKUMBA,GD,TL,"0,00",,2026,,,,,,,,,,,,
100972038,INSPEKSI TIER 1 BK58720,INST1,GD01.06300817,,32720.INSPEKSI2,ULP.32720,WFOLLOWUP,ULP KALUMPANG,,07/08/2026,,BURUK,P_SAPOLOHE,28/08/2026,,,TND,Agu,UP3 BULUKUMBA,GD,INSP,"0,00",,2026,,,,,,,,,,,,
100972360,INSPEKSI TIER 1 BK57383,INST1,GD01.06300875,,32720.INSPEKSI2,ULP.32720,WFOLLOWUP,ULP KALUMPANG,,07/08/2026,,BURUK,P_SAPOLOHE,28/08/2026,,,TND,Agu,UP3 BULUKUMBA,GD,INSP,"0,00",,2026,,,,,,,,,,,,
100972753,INSPEKSI TIER 1 BK57387,INST1,GD01.06300876,,32720.INSPEKSI3,ULP.32720,COMP,ULP KALUMPANG,,07/08/2026,,KURANG,P_SAPOLOHE,17/08/2026,,,TND,Agu,UP3 BULUKUMBA,GD,INSP,"0,00",,2026,,,,,,,,,,,,
100972921,INSPEKSI TIER 1 BK57388,INST1,GD01.06300878,,32720.INSPEKSI3,ULP.32720,COMP,ULP KALUMPANG,,07/08/2026,,KURANG,P_SAPOLOHE,17/08/2026,,,TND,Agu,UP3 BULUKUMBA,GD,INSP,"0,00",,2026,,,,,,,,,,,,
100973036,INSPEKSI TIER 1 BK57394,INST1,GD01.06300884,,32720.INSPEKSI3,ULP.32720,COMP,ULP KALUMPANG,,07/08/2026,,KURANG,P_SAPOLOHE,17/08/2026,,,TND,Agu,UP3 BULUKUMBA,GD,INSP,"0,00",,2026,,,,,,,,,,,,
100973127,INSPEKSI TIER 1 BK57405,INST1,GD01.06300893,,32720.INSPEKSI3,ULP.32720,WFCOMP,ULP KALUMPANG,,07/08/2026,,KURANG,P_SAPOLOHE,27/08/2026,,,TND,Agu,UP3 BULUKUMBA,GD,INSP,"0,00",,2026,,,,,,,,,,,,
100973292,INSPEKSI TIER 1 BK05002,INST1,GD01.19602609,,32720.INSPEKSI3,ULP.32720,COMP,ULP KALUMPANG,,07/08/2026,,KURANG,P_SAPOLOHE,17/08/2026,,,TND,Agu,UP3 BULUKUMBA,GD,INSP,"0,00",,2026,,,,,,,,,,,,
100974201,INSPEKSI TIER 1 BT08513,INST1,GD01.06300470,,32720.INSPEKSI3,ULP.32720,WINSP,ULP KALUMPANG,,07/08/2026,,,P_BINTARORE,10/08/2026,,,TND,Agu,UP3 BULUKUMBA,GD,INSP,"0,00",,2026,,,,,,,,,,,,
100985116,INSPEKSI TIER 1 BT50011,INST1,GD01.06300494,,32720.INSPEKSI3,ULP.32720,WINSP,ULP KALUMPANG,,07/08/2026,,,P_BINTARORE,10/08/2026,,,TND,Agu,UP3 BULUKUMBA,GD,INSP,"0,00",,2026,,,,,,,,,,,,
100986241,INSPEKSI TIER 1 BT50049,INST1,GD01.06300541,,32720.INSPEKSI3,ULP.32720,COMP,ULP KALUMPANG,,07/08/2026,,CUKUP,P_BINTARORE,28/08/2026,,,TND,Agu,UP3 BULUKUMBA,GD,INSP,"0,00",,2026,,,,,,,,,,,,
100986846,INSPEKSI TIER 1 BT50063,INST1,GD01.06300557,,32720.INSPEKSI3,ULP.32720,WINSP,ULP KALUMPANG,,07/08/2026,,,P_BINTARORE,17/08/2026,,,TND,Agu,UP3 BULUKUMBA,GD,INSP,"0,00",,2026,,,,,,,,,,,,
100987255,INSPEKSI TIER 1 BK03901,INST1,GD01.06300715,,32720.INSPEKSI2,ULP.32720,WFOLLOWUP,ULP KALUMPANG,,07/08/2026,,BURUK,P_UJUNGLOE,28/08/2026,,,TND,Agu,UP3 BULUKUMBA,GD,INSP,"0,00",,2026,,,,,,,,,,,,
100987379,INSPEKSI TIER 1 BK03900,INST1,GD01.06300716,,32720.INSPEKSI2,ULP.32720,WFOLLOWUP,ULP KALUMPANG,,07/08/2026,,BURUK,P_UJUNGLOE,28/08/2026,,,TND,Agu,UP3 BULUKUMBA,GD,INSP,"0,00",,2026,,,,,,,,,,,,
100987650,INSPEKSI TIER 1 BK56013,INST1,GD01.06300730,,32720.INSPEKSI2,ULP.32720,COMP,ULP KALUMPANG,,07/08/2026,,BAIK,P_SAPOLOHE,28/08/2026,,,TND,Agu,UP3 BULUKUMBA,GD,INSP,"0,00",,2026,,,,,,,,,,,,
100987808,INSPEKSI TIER 1 BK56019,INST1,GD01.06300739,,32720.INSPEKSI3,ULP.32720,COMP,ULP KALUMPANG,,07/08/2026,,KURANG,P_SAPOLOHE,17/08/2026,,,TND,Agu,UP3 BULUKUMBA,GD,INSP,"0,00",,2026,,,,,,,,,,,,
100988088,INSPEKSI TIER 1 BK58691,INST1,GD01.06300788,,32720.INSPEKSI2,ULP.32720,COMP,ULP KALUMPANG,,07/08/2026,,KURANG,P_SAPOLOHE,28/08/2026,,,TND,Agu,UP3 BULUKUMBA,GD,INSP,"0,00",,2026,,,,,,,,,,,,
100988164,INSPEKSI TIER 1 BK58692,INST1,GD01.06300789,,32720.INSPEKSI2,ULP.32720,COMP,ULP KALUMPANG,,07/08/2026,,BAIK,P_SAPOLOHE,28/08/2026,,,TND,Agu,UP3 BULUKUMBA,GD,INSP,"0,00",,2026,,,,,,,,,,,,
100988490,INSPEKSI TIER 1 BK58694,INST1,GD01.06300791,,32720.INSPEKSI2,ULP.32720,WFOLLOWUP,ULP KALUMPANG,,07/08/2026,,BURUK,P_SAPOLOHE,28/08/2026,,,TND,Agu,UP3 BULUKUMBA,GD,INSP,"0,00",,2026,,,,,,,,,,,,
100990356,INSPEKSI TIER 1 BK58693,INST1,GD01.06300790,,32720.INSPEKSI3,ULP.32720,INPRG,ULP KALUMPANG,,07/08/2026,,,P_SAPOLOHE,27/08/2026,,,TND,Agu,UP3 BULUKUMBA,GD,INSP,"0,00",,2026,,,,,,,,,,,,
101003312,Perbaikan/Pergantian INSPEKSI TIER 1 BB18061,INST1,GD01.06302256,,32740.INSPEKSI2,ULP.32740,WAPPR,ULP BANTAENG,,09/08/2026,,,P_LINGKAR,09/08/2026,,100199118,TND,Agu,UP3 BULUKUMBA,GD,TL,"0,00",,2026,,,,,,,,,,,,
101003317,Perbaikan/Pergantian INSPEKSI TIER 1 BB18060,INST1,GD01.06302255,,32740.INSPEKSI2,ULP.32740,WAPPR,ULP BANTAENG,,09/08/2026,,,P_LINGKAR,09/08/2026,,100198966,TND,Agu,UP3 BULUKUMBA,GD,TL,"0,00",,2026,,,,,,,,,,,,
101003322,Perbaikan/Pergantian INSPEKSI TIER 1 BB18071,INST1,GD01.06302266,,32740.INSPEKSI2,ULP.32740,WAPPR,ULP BANTAENG,,09/08/2026,,,P_LINGKAR,09/08/2026,,100315995,TND,Agu,UP3 BULUKUMBA,GD,TL,"0,00",,2026,,,,,,,,,,,,
101003327,Perbaikan/Pergantian INSPEKSI TIER 1 BB18070,INST1,GD01.06302265,,32740.INSPEKSI2,ULP.32740,WAPPR,ULP BANTAENG,,09/08/2026,,,P_LINGKAR,09/08/2026,,100315945,TND,Agu,UP3 BULUKUMBA,GD,TL,"0,00",,2026,,,,,,,,,,,,
101003332,Perbaikan/Pergantian INSPEKSI TIER 1 BB18069,INST1,GD01.06302264,,32740.INSPEKSI2,ULP.32740,WAPPR,ULP BANTAENG,,09/08/2026,,,P_LINGKAR,09/08/2026,,100310038,TND,Agu,UP3 BULUKUMBA,GD,TL,"0,00",,2026,,,,,,,,,,,,
101011359,Perbaikan/Pergantian INSPEKSI TIER 1 BB70097,INST1,GD01.06302293,,32740.INSPEKSI2,ULP.32740,WAPPR,ULP BANTAENG,,09/08/2026,,,P_LINGKAR,09/08/2026,,100515277,TND,Agu,UP3 BULUKUMBA,GD,TL,"0,00",,2026,,,,,,,,,,,,
101011364,Perbaikan/Pergantian INSPEKSI TIER 1 BB70091,INST1,GD01.06302287,,32740.INSPEKSI2,ULP.32740,WAPPR,ULP BANTAENG,,09/08/2026,,,P_LINGKAR,09/08/2026,,100447365,TND,Agu,UP3 BULUKUMBA,GD,TL,"0,00",,2026,,,,,,,,,,,,
101011369,Perbaikan/Pergantian INSPEKSI TIER 1 BB70095,INST1,GD01.06302291,,32740.INSPEKSI2,ULP.32740,WAPPR,ULP BANTAENG,,09/08/2026,,,P_LINGKAR,09/08/2026,,100495607,TND,Agu,UP3 BULUKUMBA,GD,TL,"0,00",,2026,,,,,,,,,,,,
101011374,Perbaikan/Pergantian INSPEKSI TIER 1 BB70096,INST1,GD01.06302292,,32740.INSPEKSI2,ULP.32740,WAPPR,ULP BANTAENG,,09/08/2026,,,P_LINGKAR,09/08/2026,,100496404,TND,Agu,UP3 BULUKUMBA,GD,TL,"0,00",,2026,,,,,,,,,,,,
101011379,Perbaikan/Pergantian INSPEKSI TIER 1 BB70086,INST1,GD01.06302282,,32740.INSPEKSI2,ULP.32740,WAPPR,ULP BANTAENG,,09/08/2026,,,P_LINGKAR,09/08/2026,,100317005,TND,Agu,UP3 BULUKUMBA,GD,TL,"0,00",,2026,,,,,,,,,,,,
101011384,Perbaikan/Pergantian INSPEKSI TIER 1 BB70087,INST1,GD01.06302283,,32740.INSPEKSI2,ULP.32740,WAPPR,ULP BANTAENG,,09/08/2026,,,P_LINGKAR,09/08/2026,,100317070,TND,Agu,UP3 BULUKUMBA,GD,TL,"0,00",,2026,,,,,,,,,,,,
101011389,Perbaikan/Pergantian INSPEKSI TIER 1 BB70088,INST1,GD01.06302284,,32740.INSPEKSI2,ULP.32740,WAPPR,ULP BANTAENG,,09/08/2026,,,P_LINGKAR,09/08/2026,,100317119,TND,Agu,UP3 BULUKUMBA,GD,TL,"0,00",,2026,,,,,,,,,,,,
101011394,Perbaikan/Pergantian INSPEKSI TIER 1 BB70089,INST1,GD01.06302285,,32740.INSPEKSI2,ULP.32740,WAPPR,ULP BANTAENG,,09/08/2026,,,P_LINGKAR,09/08/2026,,100318817,TND,Agu,UP3 BULUKUMBA,GD,TL,"0,00",,2026,,,,,,,,,,,,
101011399,Perbaikan/Pergantian INSPEKSI TIER 1 BB70090,INST1,GD01.06302286,,32740.INSPEKSI2,ULP.32740,WAPPR,ULP BANTAENG,,09/08/2026,,,P_LINGKAR,09/08/2026,,100318859,TND,Agu,UP3 BULUKUMBA,GD,TL,"0,00",,2026,,,,,,,,,,,,
101011404,Perbaikan/Pergantian INSPEKSI TIER 1 BB70083,INST1,GD01.06302279,,32740.INSPEKSI2,ULP.32740,WAPPR,ULP BANTAENG,,09/08/2026,,,P_LINGKAR,09/08/2026,,100316804,TND,Agu,UP3 BULUKUMBA,GD,TL,"0,00",,2026,,,,,,,,,,,,
101011409,Perbaikan/Pergantian INSPEKSI TIER 1 BB70080,INST1,GD01.06302276,,32740.INSPEKSI2,ULP.32740,WAPPR,ULP BANTAENG,,09/08/2026,,,P_LINGKAR,09/08/2026,,100316744,TND,Agu,UP3 BULUKUMBA,GD,TL,"0,00",,2026,,,,,,,,,,,,
101011414,Perbaikan/Pergantian INSPEKSI TIER 1 BB18074,INST1,GD01.06302269,,32740.INSPEKSI2,ULP.32740,WAPPR,ULP BANTAENG,,09/08/2026,,,P_LINGKAR,09/08/2026,,100316359,TND,Agu,UP3 BULUKUMBA,GD,TL,"0,00",,2026,,,,,,,,,,,,
101028666,Perbaikan/Pergantian INSPEKSI TIER 1 BB70109,INST1,GD01.06302305,,32740.INSPEKSI2,ULP.32740,WAPPR,ULP BANTAENG,,09/08/2026,,,P_LINGKAR,09/08/2026,,100916575,TND,Agu,UP3 BULUKUMBA,GD,TL,"0,00",,2026,,,,,,,,,,,,
101028671,Perbaikan/Pergantian INSPEKSI TIER 1 BB70108,INST1,GD01.06302304,,32740.INSPEKSI2,ULP.32740,WAPPR,ULP BANTAENG,,09/08/2026,,,P_LINGKAR,09/08/2026,,100916563,TND,Agu,UP3 BULUKUMBA,GD,TL,"0,00",,2026,,,,,,,,,,,,
101028676,Perbaikan/Pergantian INSPEKSI TIER 1 BB70110,INST1,GD01.06302306,,32740.INSPEKSI2,ULP.32740,WAPPR,ULP BANTAENG,,09/08/2026,,,P_LINGKAR,09/08/2026,,100916586,TND,Agu,UP3 BULUKUMBA,GD,TL,"0,00",,2026,,,,,,,,,,,,
101028685,Perbaikan/Pergantian INSPEKSI TIER 1 BB70105,INST1,GD01.06302301,,32740.INSPEKSI2,ULP.32740,WAPPR,ULP BANTAENG,,09/08/2026,,,P_LINGKAR,09/08/2026,,100916530,TND,Agu,UP3 BULUKUMBA,GD,TL,"0,00",,2026,,,,,,,,,,,,
101028690,Perbaikan/Pergantian INSPEKSI TIER 1 BB70106,INST1,GD01.06302302,,32740.INSPEKSI2,ULP.32740,WAPPR,ULP BANTAENG,,09/08/2026,,,P_LINGKAR,09/08/2026,,100916541,TND,Agu,UP3 BULUKUMBA,GD,TL,"0,00",,2026,,,,,,,,,,,,
101028695,Perbaikan/Pergantian INSPEKSI TIER 1 BB70107,INST1,GD01.06302303,,32740.INSPEKSI2,ULP.32740,WAPPR,ULP BANTAENG,,09/08/2026,,,P_LINGKAR,09/08/2026,,100916552,TND,Agu,UP3 BULUKUMBA,GD,TL,"0,00",,2026,,,,,,,,,,,,
101089206,Perbaikan/Pergantian INSPEKSI TIER 1 BL01076,INST1,GD01.06302712,,32710.INSPEKSI1,ULP.32710,COMP,ULP PANRITA LOPI,,10/08/2026,,KURANG,P_BINTARORE,28/08/2026,,100899292,TND,Agu,UP3 BULUKUMBA,GD,TL,"0,00",,2026,,,,,,,,,,,,
101089353,Perbaikan/Pergantian INSPEKSI TIER 1 BL01082,INST1,GD01.06302717,,32710.INSPEKSI1,ULP.32710,COMP,ULP PANRITA LOPI,,10/08/2026,,KURANG,P_BINTARORE,28/08/2026,,100901554,TND,Agu,UP3 BULUKUMBA,GD,TL,"0,00",,2026,,,,,,,,,,,,
101089419,Perbaikan/Pergantian INSPEKSI TIER 1 BL01079,INST1,GD01.06302718,,32710.INSPEKSI1,ULP.32710,COMP,ULP PANRITA LOPI,,10/08/2026,,KURANG,P_BINTARORE,28/08/2026,,100902412,TND,Agu,UP3 BULUKUMBA,GD,TL,"0,00",,2026,,,,,,,,,,,,
101089651,INSPEKSI TIER 1 BR15060,INST1,GD01.06301648,,32750.INSPEKSI2,ULP.32750,WFOLLOWUP,ULP SELAYAR,,10/08/2026,,BURUK,P_BONTOMATENE,28/08/2026,,,TND,Agu,UP3 BULUKUMBA,GD,INSP,"0,00",,2026,,,,,,,,,,,,
101090151,INSPEKSI TIER 1 BR15059,INST1,GD01.06301649,,32750.INSPEKSI2,ULP.32750,WFOLLOWUP,ULP SELAYAR,,10/08/2026,,BURUK,P_BONTOMATENE,28/08/2026,,,TND,Agu,UP3 BULUKUMBA,GD,INSP,"0,00",,2026,,,,,,,,,,,,
101090881,INSPEKSI TIER 1 BR15058,INST1,GD01.06301650,,32750.INSPEKSI2,ULP.32750,COMP,ULP SELAYAR,,10/08/2026,,KURANG,P_BONTOMATENE,28/08/2026,,,TND,Agu,UP3 BULUKUMBA,GD,INSP,"0,00",,2026,,,,,,,,,,,,
101092608,INSPEKSI TIER 1 BR15061,INST1,GD01.06301651,,32750.INSPEKSI2,ULP.32750,INPRG,ULP SELAYAR,,10/08/2026,,,P_BONTOMATENE,14/08/2026,,,TND,Agu,UP3 BULUKUMBA,GD,INSP,"0,00",,2026,,,,,,,,,,,,
101093243,INSPEKSI TIER 1 BR70156,INST1,GD01.06301541,,32750.INSPEKSI2,ULP.32750,INPRG,ULP SELAYAR,,10/08/2026,,,P_BONTOBUKI,14/08/2026,,,TND,Agu,UP3 BULUKUMBA,GD,INSP,"0,00",,2026,,,,,,,,,,,,
101093308,INSPEKSI TIER 1 BR70157,INST1,GD01.06301542,,32750.INSPEKSI2,ULP.32750,INPRG,ULP SELAYAR,,10/08/2026,,,P_BONTOBUKI,14/08/2026,,,TND,Agu,UP3 BULUKUMBA,GD,INSP,"0,00",,2026,,,,,,,,,,,,
101093971,INSPEKSI TIER 1 BR70071,INST1,GD01.06301592,,32750.INSPEKSI2,ULP.32750,WFOLLOWUP,ULP SELAYAR,,10/08/2026,,BURUK,P_TIELINE SELAYAR 1,28/08/2026,,,TND,Agu,UP3 BULUKUMBA,GD,INSP,"0,00",,2026,,,,,,,,,,,,
101094899,INSPEKSI TIER 1 BR70072,INST1,GD01.06301593,,32750.INSPEKSI2,ULP.32750,WFOLLOWUP,ULP SELAYAR,,10/08/2026,,BURUK,P_TIELINE SELAYAR 1,28/08/2026,,,TND,Agu,UP3 BULUKUMBA,GD,INSP,"0,00",,2026,,,,,,,,,,,,
101095148,INSPEKSI TIER 1 BR67334,INST1,GD01.06301610,,32750.INSPEKSI2,ULP.32750,COMP,ULP SELAYAR,,10/08/2026,,KURANG,P_TIELINE SELAYAR 1,28/08/2026,,,TND,Agu,UP3 BULUKUMBA,GD,INSP,"0,00",,2026,,,,,,,,,,,,
101095276,INSPEKSI TIER 1 BR67331,INST1,GD01.06301613,,32750.INSPEKSI2,ULP.32750,COMP,ULP SELAYAR,,10/08/2026,,KURANG,P_TIELINE SELAYAR 1,28/08/2026,,,TND,Agu,UP3 BULUKUMBA,GD,INSP,"0,00",,2026,,,,,,,,,,,,
101096073,INSPEKSI TIER 1 BR15022,INST1,GD01.06301640,,32750.INSPEKSI2,ULP.32750,WFOLLOWUP,ULP SELAYAR,,10/08/2026,,BURUK,P_BONTOMATENE,28/08/2026,,,TND,Agu,UP3 BULUKUMBA,GD,INSP,"0,00",,2026,,,,,,,,,,,,
101096298,INSPEKSI TIER 1 BR15057,INST1,GD01.06301647,,32750.INSPEKSI2,ULP.32750,WFOLLOWUP,ULP SELAYAR,,10/08/2026,,BURUK,P_BONTOMATENE,28/08/2026,,,TND,Agu,UP3 BULUKUMBA,GD,INSP,"0,00",,2026,,,,,,,,,,,,
101097843,INSPEKSI TIER 1 SSTBBK750.GT0234,INST1,GD01.62259657,91938430,32750.INSPEKSI2,ULP.32750,COMP,ULP SELAYAR,,10/08/2026,,BAIK,P_TIELINE SELAYAR 1,28/08/2026,,,TND,Agu,UP3 BULUKUMBA,GD,INSP,"0,00",,2026,,,,,,,,,,,,
101097921,INSPEKSI TIER 1 BR70158,INST1,GD01.06301543,,32750.INSPEKSI2,ULP.32750,INPRG,ULP SELAYAR,,10/08/2026,,,P_BONTOBUKI,14/08/2026,,,TND,Agu,UP3 BULUKUMBA,GD,INSP,"0,00",,2026,,,,,,,,,,,,
101097933,INSPEKSI TIER 1 BR70159,INST1,GD01.06301544,,32750.INSPEKSI2,ULP.32750,INPRG,ULP SELAYAR,,10/08/2026,,,P_BONTOBUKI,14/08/2026,,,TND,Agu,UP3 BULUKUMBA,GD,INSP,"0,00",,2026,,,,,,,,,,,,
101098152,INSPEKSI TIER 1 BR70160,INST1,GD01.06301545,,32750.INSPEKSI2,ULP.32750,INPRG,ULP SELAYAR,,10/08/2026,,,P_BONTOBUKI,14/08/2026,,,TND,Agu,UP3 BULUKUMBA,GD,INSP,"0,00",,2026,,,,,,,,,,,,
101098214,INSPEKSI TIER 1 BR70161,INST1,GD01.06301546,,32750.INSPEKSI2,ULP.32750,INPRG,ULP SELAYAR,,10/08/2026,,,P_BONTOBUKI,14/08/2026,,,TND,Agu,UP3 BULUKUMBA,GD,INSP,"0,00",,2026,,,,,,,,,,,,
101098226,INSPEKSI TIER 1 BR70162,INST1,GD01.06301547,,32750.INSPEKSI2,ULP.32750,INPRG,ULP SELAYAR,,10/08/2026,,,P_BONTOBUKI,14/08/2026,,,TND,Agu,UP3 BULUKUMBA,GD,INSP,"0,00",,2026,,,,,,,,,,,,
101098241,INSPEKSI TIER 1 BR16001,INST1,GD01.06301552,,32750.INSPEKSI2,ULP.32750,INPRG,ULP SELAYAR,,10/08/2026,,,P_EREMATA,14/08/2026,,,TND,Agu,UP3 BULUKUMBA,GD,INSP,"0,00",,2026,,,,,,,,,,,,
101098254,INSPEKSI TIER 1 BR16002,INST1,GD01.06301553,,32750.INSPEKSI2,ULP.32750,INPRG,ULP SELAYAR,,10/08/2026,,,P_EREMATA,14/08/2026,,,TND,Agu,UP3 BULUKUMBA,GD,INSP,"0,00",,2026,,,,,,,,,,,,
101098296,INSPEKSI TIER 1 BR16003,INST1,GD01.06301555,,32750.INSPEKSI2,ULP.32750,INPRG,ULP SELAYAR,,10/08/2026,,,P_EREMATA,14/08/2026,,,TND,Agu,UP3 BULUKUMBA,GD,INSP,"0,00",,2026,,,,,,,,,,,,
101098312,INSPEKSI TIER 1 BR16005,INST1,GD01.06301556,,32750.INSPEKSI2,ULP.32750,INPRG,ULP SELAYAR,,10/08/2026,,,P_EREMATA,14/08/2026,,,TND,Agu,UP3 BULUKUMBA,GD,INSP,"0,00",,2026,,,,,,,,,,,,
101098328,INSPEKSI TIER 1 BR70165,INST1,GD01.06301550,,32750.INSPEKSI2,ULP.32750,INPRG,ULP SELAYAR,,10/08/2026,,,P_BONTOBUKI,14/08/2026,,,TND,Agu,UP3 BULUKUMBA,GD,INSP,"0,00",,2026,,,,,,,,,,,,
101100397,INSPEKSI TIER 1 BS59002,INST1,GD01.06302726,,32760.INSPEKSI2,ULP.32760,COMP,ULP SINJAI,,10/08/2026,,KURANG,P_LITHA,13/08/2026,,,TND,Agu,UP3 BULUKUMBA,GD,INSP,"0,00",,2026,,,,,,,,,,,,
101100425,INSPEKSI TIER 1 BS59003,INST1,GD01.06302727,,32760.INSPEKSI2,ULP.32760,COMP,ULP SINJAI,,10/08/2026,,KURANG,P_LITHA,13/08/2026,,,TND,Agu,UP3 BULUKUMBA,GD,INSP,"0,00",,2026,,,,,,,,,,,,
101100449,INSPEKSI TIER 1 BS59005,INST1,GD01.06302729,,32760.INSPEKSI2,ULP.32760,COMP,ULP SINJAI,,10/08/2026,,BAIK,P_LITHA,13/08/2026,,,TND,Agu,UP3 BULUKUMBA,GD,INSP,"0,00",,2026,,,,,,,,,,,,
101100471,INSPEKSI TIER 1 BS59007,INST1,GD01.06302731,,32760.INSPEKSI2,ULP.32760,COMP,ULP SINJAI,,10/08/2026,,KURANG,P_LITHA,14/08/2026,,,TND,Agu,UP3 BULUKUMBA,GD,INSP,"0,00",,2026,,,,,,,,,,,,
101100490,INSPEKSI TIER 1 BS59011,INST1,GD01.06302735,,32760.INSPEKSI2,ULP.32760,COMP,ULP SINJAI,,10/08/2026,,KURANG,P_LITHA,13/08/2026,,,TND,Agu,UP3 BULUKUMBA,GD,INSP,"0,00",,2026,,,,,,,,,,,,
101100513,INSPEKSI TIER 1 BS59012,INST1,GD01.06302736,,32760.INSPEKSI2,ULP.32760,COMP,ULP SINJAI,,10/08/2026,,CUKUP,P_LITHA,13/08/2026,,,TND,Agu,UP3 BULUKUMBA,GD,INSP,"0,00",,2026,,,,,,,,,,,,
101100557,INSPEKSI TIER 1 BS59-208,INST1,GD01.06302743,,32760.INSPEKSI2,ULP.32760,COMP,ULP SINJAI,,10/08/2026,,CUKUP,P_LITHA,13/08/2026,,,TND,Agu,UP3 BULUKUMBA,GD,INSP,"0,00",,2026,,,,,,,,,,,,
101100618,INSPEKSI TIER 1 BS59-025,INST1,GD01.06302750,,32760.INSPEKSI2,ULP.32760,COMP,ULP SINJAI,,10/08/2026,,KURANG,P_LITHA,13/08/2026,,,TND,Agu,UP3 BULUKUMBA,GD,INSP,"0,00",,2026,,,,,,,,,,,,
101100649,INSPEKSI TIER 1 BS59-026,INST1,GD01.06302751,,32760.INSPEKSI2,ULP.32760,COMP,ULP SINJAI,,10/08/2026,,BAIK,P_LITHA,13/08/2026,,,TND,Agu,UP3 BULUKUMBA,GD,INSP,"0,00",,2026,,,,,,,,,,,,
101100765,INSPEKSI TIER 1 BS59-027,INST1,GD01.06302752,,32760.INSPEKSI2,ULP.32760,COMP,ULP SINJAI,,10/08/2026,,CUKUP,P_LITHA,17/08/2026,,,TND,Agu,UP3 BULUKUMBA,GD,INSP,"0,00",,2026,,,,,,,,,,,,
101100950,INSPEKSI TIER 1 BS59-028,INST1,GD01.06302753,,32760.INSPEKSI2,ULP.32760,COMP,ULP SINJAI,,10/08/2026,,CUKUP,P_LITHA,17/08/2026,,,TND,Agu,UP3 BULUKUMBA,GD,INSP,"0,00",,2026,,,,,,,,,,,,
101101007,INSPEKSI TIER 1 BS59-029,INST1,GD01.06302754,,32760.INSPEKSI2,ULP.32760,COMP,ULP SINJAI,,10/08/2026,,KURANG,P_LITHA,13/08/2026,,,TND,Agu,UP3 BULUKUMBA,GD,INSP,"0,00",,2026,,,,,,,,,,,,
101101046,INSPEKSI TIER 1 BS59-030,INST1,GD01.06302755,,32760.INSPEKSI2,ULP.32760,COMP,ULP SINJAI,,10/08/2026,,KURANG,P_LITHA,17/08/2026,,,TND,Agu,UP3 BULUKUMBA,GD,INSP,"0,00",,2026,,,,,,,,,,,,
101101072,INSPEKSI TIER 1 BS59-033,INST1,GD01.06302758,,32760.INSPEKSI2,ULP.32760,COMP,ULP SINJAI,,10/08/2026,,BAIK,P_LITHA,17/08/2026,,,TND,Agu,UP3 BULUKUMBA,GD,INSP,"0,00",,2026,,,,,,,,,,,,
101101082,INSPEKSI TIER 1 BS59-034,INST1,GD01.06302759,,32760.INSPEKSI2,ULP.32760,COMP,ULP SINJAI,,10/08/2026,,BAIK,P_LITHA,17/08/2026,,,TND,Agu,UP3 BULUKUMBA,GD,INSP,"0,00",,2026,,,,,,,,,,,,
101101216,INSPEKSI TIER 1 BS59-035,INST1,GD01.06302760,,32760.INSPEKSI2,ULP.32760,COMP,ULP SINJAI,,10/08/2026,,CUKUP,P_LITHA,17/08/2026,,,TND,Agu,UP3 BULUKUMBA,GD,INSP,"0,00",,2026,,,,,,,,,,,,
101101955,INSPEKSI TIER 1 BS59-036,INST1,GD01.06302761,,32760.INSPEKSI2,ULP.32760,COMP,ULP SINJAI,,10/08/2026,,BAIK,P_LITHA,17/08/2026,,,TND,Agu,UP3 BULUKUMBA,GD,INSP,"0,00",,2026,,,,,,,,,,,,
101102019,INSPEKSI TIER 1 BS59-037,INST1,GD01.06302762,,32760.INSPEKSI2,ULP.32760,COMP,ULP SINJAI,,10/08/2026,,BAIK,P_LITHA,17/08/2026,,,TND,Agu,UP3 BULUKUMBA,GD,INSP,"0,00",,2026,,,,,,,,,,,,
101102069,INSPEKSI TIER 1 BS59-038,INST1,GD01.06302763,,32760.INSPEKSI2,ULP.32760,COMP,ULP SINJAI,,10/08/2026,,KURANG,P_LITHA,17/08/2026,,,TND,Agu,UP3 BULUKUMBA,GD,INSP,"0,00",,2026,,,,,,,,,,,,
101102124,INSPEKSI TIER 1 BS59-039,INST1,GD01.06302764,,32760.INSPEKSI2,ULP.32760,COMP,ULP SINJAI,,10/08/2026,,BAIK,P_LITHA,17/08/2026,,,TND,Agu,UP3 BULUKUMBA,GD,INSP,"0,00",,2026,,,,,,,,,,,,
101102171,INSPEKSI TIER 1 BS59-040,INST1,GD01.06302765,,32760.INSPEKSI2,ULP.32760,COMP,ULP SINJAI,,10/08/2026,,BAIK,P_LITHA,17/08/2026,,,TND,Agu,UP3 BULUKUMBA,GD,INSP,"0,00",,2026,,,,,,,,,,,,
101102218,INSPEKSI TIER 1 BS59-041,INST1,GD01.06302766,,32760.INSPEKSI2,ULP.32760,COMP,ULP SINJAI,,10/08/2026,,KURANG,P_LITHA,17/08/2026,,,TND,Agu,UP3 BULUKUMBA,GD,INSP,"0,00",,2026,,,,,,,,,,,,
101102257,INSPEKSI TIER 1 BS59-042,INST1,GD01.06302767,,32760.INSPEKSI2,ULP.32760,COMP,ULP SINJAI,,10/08/2026,,CUKUP,P_LITHA,13/08/2026,,,TND,Agu,UP3 BULUKUMBA,GD,INSP,"0,00",,2026,,,,,,,,,,,,
101102299,INSPEKSI TIER 1 BS59-044,INST1,GD01.06302769,,32760.INSPEKSI2,ULP.32760,COMP,ULP SINJAI,,10/08/2026,,KURANG,P_LITHA,13/08/2026,,,TND,Agu,UP3 BULUKUMBA,GD,INSP,"0,00",,2026,,,,,,,,,,,,
101102341,INSPEKSI TIER 1 BS59-045,INST1,GD01.06302770,,32760.INSPEKSI2,ULP.32760,COMP,ULP SINJAI,,10/08/2026,,KURANG,P_LITHA,13/08/2026,,,TND,Agu,UP3 BULUKUMBA,GD,INSP,"0,00",,2026,,,,,,,,,,,,
101102377,INSPEKSI TIER 1 BS59-046,INST1,GD01.06302772,,32760.INSPEKSI2,ULP.32760,COMP,ULP SINJAI,,10/08/2026,,KURANG,P_LITHA,13/08/2026,,,TND,Agu,UP3 BULUKUMBA,GD,INSP,"0,00",,2026,,,,,,,,,,,,
101102416,INSPEKSI TIER 1 BS59-047,INST1,GD01.06302773,,32760.INSPEKSI2,ULP.32760,COMP,ULP SINJAI,,10/08/2026,,BAIK,P_LITHA,17/08/2026,,,TND,Agu,UP3 BULUKUMBA,GD,INSP,"0,00",,2026,,,,,,,,,,,,
101102463,INSPEKSI TIER 1 BS59-048,INST1,GD01.06302774,,32760.INSPEKSI2,ULP.32760,COMP,ULP SINJAI,,10/08/2026,,BAIK,P_LITHA,17/08/2026,,,TND,Agu,UP3 BULUKUMBA,GD,INSP,"0,00",,2026,,,,,,,,,,,,
101102505,INSPEKSI TIER 1 BS59-049,INST1,GD01.06302775,,32760.INSPEKSI2,ULP.32760,COMP,ULP SINJAI,,10/08/2026,,BAIK,P_LITHA,13/08/2026,,,TND,Agu,UP3 BULUKUMBA,GD,INSP,"0,00",,2026,,,,,,,,,,,,
101102583,INSPEKSI TIER 1 BS59-050,INST1,GD01.06302776,,32760.INSPEKSI2,ULP.32760,COMP,ULP SINJAI,,10/08/2026,,CUKUP,P_LITHA,13/08/2026,,,TND,Agu,UP3 BULUKUMBA,GD,INSP,"0,00",,2026,,,,,,,,,,,,
101102638,INSPEKSI TIER 1 BS59-051,INST1,GD01.06302777,,32760.INSPEKSI2,ULP.32760,COMP,ULP SINJAI,,10/08/2026,,CUKUP,P_LITHA,13/08/2026,,,TND,Agu,UP3 BULUKUMBA,GD,INSP,"0,00",,2026,,,,,,,,,,,,
101102687,INSPEKSI TIER 1 BS59-052,INST1,GD01.06302778,,32760.INSPEKSI2,ULP.32760,COMP,ULP SINJAI,,10/08/2026,,CUKUP,P_LITHA,13/08/2026,,,TND,Agu,UP3 BULUKUMBA,GD,INSP,"0,00",,2026,,,,,,,,,,,,
101102792,INSPEKSI TIER 1 BS59-203,INST1,GD01.06302779,,32760.INSPEKSI2,ULP.32760,COMP,ULP SINJAI,,10/08/2026,,CUKUP,P_LITHA,13/08/2026,,,TND,Agu,UP3 BULUKUMBA,GD,INSP,"0,00",,2026,,,,,,,,,,,,
101102890,INSPEKSI TIER 1 BS59-053,INST1,GD01.06302780,,32760.INSPEKSI2,ULP.32760,COMP,ULP SINJAI,,10/08/2026,,CUKUP,P_LITHA,13/08/2026,,,TND,Agu,UP3 BULUKUMBA,GD,INSP,"0,00",,2026,,,,,,,,,,,,
101102961,INSPEKSI TIER 1 BS59-054,INST1,GD01.06302781,,32760.INSPEKSI2,ULP.32760,COMP,ULP SINJAI,,10/08/2026,,CUKUP,P_LITHA,13/08/2026,,,TND,Agu,UP3 BULUKUMBA,GD,INSP,"0,00",,2026,,,,,,,,,,,,
101103007,INSPEKSI TIER 1 BS59-056,INST1,GD01.06302783,,32760.INSPEKSI2,ULP.32760,COMP,ULP SINJAI,,10/08/2026,,CUKUP,P_LITHA,13/08/2026,,,TND,Agu,UP3 BULUKUMBA,GD,INSP,"0,00",,2026,,,,,,,,,,,,
101103048,INSPEKSI TIER 1 BS59-057,INST1,GD01.06302784,,32760.INSPEKSI2,ULP.32760,COMP,ULP SINJAI,,10/08/2026,,CUKUP,P_LITHA,13/08/2026,,,TND,Agu,UP3 BULUKUMBA,GD,INSP,"0,00",,2026,,,,,,,,,,,,
101103094,INSPEKSI TIER 1 BS59-058,INST1,GD01.06302785,,32760.INSPEKSI2,ULP.32760,COMP,ULP SINJAI,,10/08/2026,,CUKUP,P_LITHA,13/08/2026,,,TND,Agu,UP3 BULUKUMBA,GD,INSP,"0,00",,2026,,,,,,,,,,,,
101103135,INSPEKSI TIER 1 BS59-059,INST1,GD01.06302786,,32760.INSPEKSI2,ULP.32760,COMP,ULP SINJAI,,10/08/2026,,BAIK,P_LITHA,13/08/2026,,,TND,Agu,UP3 BULUKUMBA,GD,INSP,"0,00",,2026,,,,,,,,,,,,
101104266,INSPEKSI TIER 1 BL02027,INST1,GD01.06302075,,32710.INSPEKSI2,ULP.32710,COMP,ULP PANRITA LOPI,,10/08/2026,,KURANG,P_PAJUKUKANG,18/08/2026,,,TND,Agu,UP3 BULUKUMBA,GD,INSP,"0,00",,2026,,,,,,,,,,,,
101104394,INSPEKSI TIER 1 BL00003,INST1,GD01.06302082,,32710.INSPEKSI2,ULP.32710,COMP,ULP PANRITA LOPI,,10/08/2026,,KURANG,P_SAPIRIA,18/08/2026,,,TND,Agu,UP3 BULUKUMBA,GD,INSP,"0,00",,2026,,,,,,,,,,,,
101104449,INSPEKSI TIER 1 BL00062,INST1,GD01.06302083,,32710.INSPEKSI2,ULP.32710,COMP,ULP PANRITA LOPI,,10/08/2026,,KURANG,P_SAPIRIA,18/08/2026,,,TND,Agu,UP3 BULUKUMBA,GD,INSP,"0,00",,2026,,,,,,,,,,,,
101104475,INSPEKSI TIER 1 BL00004,INST1,GD01.06302084,,32710.INSPEKSI2,ULP.32710,COMP,ULP PANRITA LOPI,,10/08/2026,,KURANG,P_SAPIRIA,18/08/2026,,,TND,Agu,UP3 BULUKUMBA,GD,INSP,"0,00",,2026,,,,,,,,,,,,
101104512,INSPEKSI TIER 1 BL00005,INST1,GD01.06302085,,32710.INSPEKSI2,ULP.32710,COMP,ULP PANRITA LOPI,,10/08/2026,,KURANG,P_SAPIRIA,18/08/2026,,,TND,Agu,UP3 BULUKUMBA,GD,INSP,"0,00",,2026,,,,,,,,,,,,
101104685,INSPEKSI TIER 1 BL00006,INST1,GD01.06302086,,32710.INSPEKSI2,ULP.32710,COMP,ULP PANRITA LOPI,,10/08/2026,,KURANG,P_SAPIRIA,18/08/2026,,,TND,Agu,UP3 BULUKUMBA,GD,INSP,"0,00",,2026,,,,,,,,,,,,
101104696,INSPEKSI TIER 1 BL00007,INST1,GD01.06302087,,32710.INSPEKSI2,ULP.32710,COMP,ULP PANRITA LOPI,,10/08/2026,,KURANG,P_SAPIRIA,18/08/2026,,,TND,Agu,UP3 BULUKUMBA,GD,INSP,"0,00",,2026,,,,,,,,,,,,
101104718,INSPEKSI TIER 1 BL00106,INST1,GD01.06302088,,32710.INSPEKSI2,ULP.32710,COMP,ULP PANRITA LOPI,,10/08/2026,,KURANG,P_SAPIRIA,18/08/2026,,,TND,Agu,UP3 BULUKUMBA,GD,INSP,"0,00",,2026,,,,,,,,,,,,
101104729,INSPEKSI TIER 1 BL00107,INST1,GD01.06302090,,32710.INSPEKSI2,ULP.32710,WFOLLOWUP,ULP PANRITA LOPI,,10/08/2026,,BURUK,P_SAPIRIA,18/08/2026,,,TND,Agu,UP3 BULUKUMBA,GD,INSP,"0,00",,2026,,,,,,,,,,,,
101104740,INSPEKSI TIER 1 BL00064,INST1,GD01.06302092,,32710.INSPEKSI2,ULP.32710,COMP,ULP PANRITA LOPI,,10/08/2026,,KURANG,P_SAPIRIA,14/08/2026,,,TND,Agu,UP3 BULUKUMBA,GD,INSP,"0,00",,2026,,,,,,,,,,,,
101104751,INSPEKSI TIER 1 BL00063,INST1,GD01.06302093,,32710.INSPEKSI2,ULP.32710,COMP,ULP PANRITA LOPI,,10/08/2026,,KURANG,P_SAPIRIA,18/08/2026,,,TND,Agu,UP3 BULUKUMBA,GD,INSP,"0,00",,2026,,,,,,,,,,,,
101104762,INSPEKSI TIER 1 BL00108,INST1,GD01.06302094,,32710.INSPEKSI2,ULP.32710,WFOLLOWUP,ULP PANRITA LOPI,,10/08/2026,,BURUK,P_SAPIRIA,14/08/2026,,,TND,Agu,UP3 BULUKUMBA,GD,INSP,"0,00",,2026,,,,,,,,,,,,
101104773,INSPEKSI TIER 1 BL00061,INST1,GD01.06302096,,32710.INSPEKSI2,ULP.32710,COMP,ULP PANRITA LOPI,,10/08/2026,,KURANG,P_SAPIRIA,14/08/2026,,,TND,Agu,UP3 BULUKUMBA,GD,INSP,"0,00",,2026,,,,,,,,,,,,
101104784,INSPEKSI TIER 1 BL00059,INST1,GD01.06302098,,32710.INSPEKSI2,ULP.32710,WFOLLOWUP,ULP PANRITA LOPI,,10/08/2026,,BURUK,P_SAPIRIA,18/08/2026,,,TND,Agu,UP3 BULUKUMBA,GD,INSP,"0,00",,2026,,,,,,,,,,,,
101104795,INSPEKSI TIER 1 BL00060,INST1,GD01.06302099,,32710.INSPEKSI2,ULP.32710,COMP,ULP PANRITA LOPI,,10/08/2026,,KURANG,P_SAPIRIA,14/08/2026,,,TND,Agu,UP3 BULUKUMBA,GD,INSP,"0,00",,2026,,,,,,,,,,,,
101104806,INSPEKSI TIER 1 BL00018,INST1,GD01.06302103,,32710.INSPEKSI2,ULP.32710,COMP,ULP PANRITA LOPI,,10/08/2026,,KURANG,P_SAPIRIA,14/08/2026,,,TND,Agu,UP3 BULUKUMBA,GD,INSP,"0,00",,2026,,,,,,,,,,,,
101104817,INSPEKSI TIER 1 BL00009,INST1,GD01.06302104,,32710.INSPEKSI2,ULP.32710,COMP,ULP PANRITA LOPI,,10/08/2026,,KURANG,P_SAPIRIA,14/08/2026,,,TND,Agu,UP3 BULUKUMBA,GD,INSP,"0,00",,2026,,,,,,,,,,,,
101104828,INSPEKSI TIER 1 BL00010,INST1,GD01.06302105,,32710.INSPEKSI2,ULP.32710,COMP,ULP PANRITA LOPI,,10/08/2026,,KURANG,P_SAPIRIA,14/08/2026,,,TND,Agu,UP3 BULUKUMBA,GD,INSP,"0,00",,2026,,,,,,,,,,,,
101104839,INSPEKSI TIER 1 BL00011,INST1,GD01.06302106,,32710.INSPEKSI2,ULP.32710,COMP,ULP PANRITA LOPI,,10/08/2026,,KURANG,P_SAPIRIA,14/08/2026,,,TND,Agu,UP3 BULUKUMBA,GD,INSP,"0,00",,2026,,,,,,,,,,,,
101104848,INSPEKSI TIER 1 BL00012,INST1,GD01.06302107,,32710.INSPEKSI2,ULP.32710,COMP,ULP PANRITA LOPI,,10/08/2026,,KURANG,P_SAPIRIA,18/08/2026,,,TND,Agu,UP3 BULUKUMBA,GD,INSP,"0,00",,2026,,,,,,,,,,,,
101104857,INSPEKSI TIER 1 BL00013,INST1,GD01.06302108,,32710.INSPEKSI2,ULP.32710,COMP,ULP PANRITA LOPI,,10/08/2026,,KURANG,P_SAPIRIA,18/08/2026,,,TND,Agu,UP3 BULUKUMBA,GD,INSP,"0,00",,2026,,,,,,,,,,,,
101104866,INSPEKSI TIER 1 BL00104,INST1,GD01.06302113,,32710.INSPEKSI2,ULP.32710,COMP,ULP PANRITA LOPI,,10/08/2026,,KURANG,P_SAPIRIA,14/08/2026,,,TND,Agu,UP3 BULUKUMBA,GD,INSP,"0,00",,2026,,,,,,,,,,,,
101104877,INSPEKSI TIER 1 BL00019,INST1,GD01.06302117,,32710.INSPEKSI2,ULP.32710,COMP,ULP PANRITA LOPI,,10/08/2026,,KURANG,P_SAPIRIA,14/08/2026,,,TND,Agu,UP3 BULUKUMBA,GD,INSP,"0,00",,2026,,,,,,,,,,,,
101104888,INSPEKSI TIER 1 BL00021,INST1,GD01.06302118,,32710.INSPEKSI2,ULP.32710,COMP,ULP PANRITA LOPI,,10/08/2026,,KURANG,P_SAPIRIA,14/08/2026,,,TND,Agu,UP3 BULUKUMBA,GD,INSP,"0,00",,2026,,,,,,,,,,,,
101104899,INSPEKSI TIER 1 BL00054,INST1,GD01.06302120,,32710.INSPEKSI2,ULP.32710,WFOLLOWUP,ULP PANRITA LOPI,,10/08/2026,,BURUK,P_SAPIRIA,14/08/2026,,,TND,Agu,UP3 BULUKUMBA,GD,INSP,"0,00",,2026,,,,,,,,,,,,
101104910,INSPEKSI TIER 1 BL00023,INST1,GD01.06302121,,32710.INSPEKSI2,ULP.32710,COMP,ULP PANRITA LOPI,,10/08/2026,,KURANG,P_SAPIRIA,14/08/2026,,,TND,Agu,UP3 BULUKUMBA,GD,INSP,"0,00",,2026,,,,,,,,,,,,
101104921,INSPEKSI TIER 1 BL00055,INST1,GD01.06302123,,32710.INSPEKSI1,ULP.32710,WFCOMP,ULP PANRITA LOPI,,10/08/2026,,KURANG,P_SAPIRIA,28/08/2026,,,TND,Agu,UP3 BULUKUMBA,GD,INSP,"0,00",,2026,,,,,,,,,,,,
101104932,INSPEKSI TIER 1 BL00025,INST1,GD01.06302124,,32710.INSPEKSI1,ULP.32710,COMP,ULP PANRITA LOPI,,10/08/2026,,KURANG,P_SAPIRIA,12/08/2026,,,TND,Agu,UP3 BULUKUMBA,GD,INSP,"0,00",,2026,,,,,,,,,,,,
101104943,INSPEKSI TIER 1 BL00026,INST1,GD01.06302125,,32710.INSPEKSI1,ULP.32710,WFOLLOWUP,ULP PANRITA LOPI,,10/08/2026,,BURUK,P_SAPIRIA,12/08/2026,,,TND,Agu,UP3 BULUKUMBA,GD,INSP,"0,00",,2026,,,,,,,,,,,,
101104954,INSPEKSI TIER 1 BL00027,INST1,GD01.06302126,,32710.INSPEKSI1,ULP.32710,WFOLLOWUP,ULP PANRITA LOPI,,10/08/2026,,BURUK,P_SAPIRIA,12/08/2026,,,TND,Agu,UP3 BULUKUMBA,GD,INSP,"0,00",,2026,,,,,,,,,,,,
101104965,INSPEKSI TIER 1 BL00028,INST1,GD01.06302127,,32710.INSPEKSI1,ULP.32710,WFOLLOWUP,ULP PANRITA LOPI,,10/08/2026,,BURUK,P_SAPIRIA,12/08/2026,,,TND,Agu,UP3 BULUKUMBA,GD,INSP,"0,00",,2026,,,,,,,,,,,,
101104976,INSPEKSI TIER 1 BL00056,INST1,GD01.06302128,,32710.INSPEKSI1,ULP.32710,COMP,ULP PANRITA LOPI,,10/08/2026,,KURANG,P_SAPIRIA,12/08/2026,,,TND,Agu,UP3 BULUKUMBA,GD,INSP,"0,00",,2026,,,,,,,,,,,,
101104987,INSPEKSI TIER 1 BL00113,INST1,GD01.06302129,,32710.INSPEKSI1,ULP.32710,COMP,ULP PANRITA LOPI,,10/08/2026,,KURANG,P_SAPIRIA,12/08/2026,,,TND,Agu,UP3 BULUKUMBA,GD,INSP,"0,00",,2026,,,,,,,,,,,,
101104998,INSPEKSI TIER 1 BL00029,INST1,GD01.06302130,,32710.INSPEKSI1,ULP.32710,COMP,ULP PANRITA LOPI,,10/08/2026,,KURANG,P_SAPIRIA,12/08/2026,,,TND,Agu,UP3 BULUKUMBA,GD,INSP,"0,00",,2026,,,,,,,,,,,,
101105009,INSPEKSI TIER 1 BL00030,INST1,GD01.06302131,,32710.INSPEKSI1,ULP.32710,WFOLLOWUP,ULP PANRITA LOPI,,10/08/2026,,BURUK,P_SAPIRIA,12/08/2026,,,TND,Agu,UP3 BULUKUMBA,GD,INSP,"0,00",,2026,,,,,,,,,,,,
101105020,INSPEKSI TIER 1 BL00031,INST1,GD01.06302132,,32710.INSPEKSI1,ULP.32710,COMP,ULP PANRITA LOPI,,10/08/2026,,KURANG,P_SAPIRIA,12/08/2026,,,TND,Agu,UP3 BULUKUMBA,GD,INSP,"0,00",,2026,,,,,,,,,,,,
101105031,INSPEKSI TIER 1 BL00109,INST1,GD01.06302133,,32710.INSPEKSI1,ULP.32710,COMP,ULP PANRITA LOPI,,10/08/2026,,KURANG,P_SAPIRIA,12/08/2026,,,TND,Agu,UP3 BULUKUMBA,GD,INSP,"0,00",,2026,,,,,,,,,,,,
101105042,INSPEKSI TIER 1 BL00042,INST1,GD01.06302135,,32710.INSPEKSI1,ULP.32710,WFOLLOWUP,ULP PANRITA LOPI,,10/08/2026,,BURUK,P_SAPIRIA,12/08/2026,,,TND,Agu,UP3 BULUKUMBA,GD,INSP,"0,00",,2026,,,,,,,,,,,,
101105051,INSPEKSI TIER 1 BL00043,INST1,GD01.06302136,,32710.INSPEKSI1,ULP.32710,COMP,ULP PANRITA LOPI,,10/08/2026,,BAIK,P_SAPIRIA,12/08/2026,,,TND,Agu,UP3 BULUKUMBA,GD,INSP,"0,00",,2026,,,,,,,,,,,,
101105060,INSPEKSI TIER 1 BL00044,INST1,GD01.06302137,,32710.INSPEKSI1,ULP.32710,COMP,ULP PANRITA LOPI,,10/08/2026,,KURANG,P_SAPIRIA,12/08/2026,,,TND,Agu,UP3 BULUKUMBA,GD,INSP,"0,00",,2026,,,,,,,,,,,,
101105069,INSPEKSI TIER 1 BL00045,INST1,GD01.06302138,,32710.INSPEKSI1,ULP.32710,WREVIEW,ULP PANRITA LOPI,,10/08/2026,,,P_SAPIRIA,12/08/2026,,,TND,Agu,UP3 BULUKUMBA,GD,INSP,"0,00",,2026,,,,,,,,,,,,
101105078,INSPEKSI TIER 1 BL00046,INST1,GD01.06302139,,32710.INSPEKSI1,ULP.32710,WFCOMP,ULP PANRITA LOPI,,10/08/2026,,KURANG,P_SAPIRIA,28/08/2026,,,TND,Agu,UP3 BULUKUMBA,GD,INSP,"0,00",,2026,,,,,,,,,,,,
101105089,INSPEKSI TIER 1 BL00047,INST1,GD01.06302140,,32710.INSPEKSI1,ULP.32710,WFOLLOWUP,ULP PANRITA LOPI,,10/08/2026,,BURUK,P_SAPIRIA,12/08/2026,,,TND,Agu,UP3 BULUKUMBA,GD,INSP,"0,00",,2026,,,,,,,,,,,,
101105098,INSPEKSI TIER 1 BL00048,INST1,GD01.06302141,,32710.INSPEKSI1,ULP.32710,WFOLLOWUP,ULP PANRITA LOPI,,10/08/2026,,BURUK,P_SAPIRIA,12/08/2026,,,TND,Agu,UP3 BULUKUMBA,GD,INSP,"0,00",,2026,,,,,,,,,,,,
101105131,INSPEKSI TIER 1 BL00049,INST1,GD01.06302142,,32710.INSPEKSI1,ULP.32710,WFOLLOWUP,ULP PANRITA LOPI,,10/08/2026,,BURUK,P_SAPIRIA,12/08/2026,,,TND,Agu,UP3 BULUKUMBA,GD,INSP,"0,00",,2026,,,,,,,,,,,,
101105168,INSPEKSI TIER 1 BL00050,INST1,GD01.06302143,,32710.INSPEKSI1,ULP.32710,WFOLLOWUP,ULP PANRITA LOPI,,10/08/2026,,BURUK,P_SAPIRIA,12/08/2026,,,TND,Agu,UP3 BULUKUMBA,GD,INSP,"0,00",,2026,,,,,,,,,,,,
101105220,INSPEKSI TIER 1 BL00051,INST1,GD01.06302144,,32710.INSPEKSI1,ULP.32710,WFOLLOWUP,ULP PANRITA LOPI,,10/08/2026,,BURUK,P_SAPIRIA,12/08/2026,,,TND,Agu,UP3 BULUKUMBA,GD,INSP,"0,00",,2026,,,,,,,,,,,,
101105270,INSPEKSI TIER 1 BL00067,INST1,GD01.06302147,,32710.INSPEKSI1,ULP.32710,WFOLLOWUP,ULP PANRITA LOPI,,10/08/2026,,BURUK,P_SAPIRIA,12/08/2026,,,TND,Agu,UP3 BULUKUMBA,GD,INSP,"0,00",,2026,,,,,,,,,,,,
101105315,INSPEKSI TIER 1 BL00068,INST1,GD01.06302148,,32710.INSPEKSI1,ULP.32710,COMP,ULP PANRITA LOPI,,10/08/2026,,BAIK,P_SAPIRIA,12/08/2026,,,TND,Agu,UP3 BULUKUMBA,GD,INSP,"0,00",,2026,,,,,,,,,,,,
101105348,INSPEKSI TIER 1 BL00069,INST1,GD01.06302149,,32710.INSPEKSI1,ULP.32710,WFOLLOWUP,ULP PANRITA LOPI,,10/08/2026,,BURUK,P_SAPIRIA,12/08/2026,,,TND,Agu,UP3 BULUKUMBA,GD,INSP,"0,00",,2026,,,,,,,,,,,,
101105385,INSPEKSI TIER 1 BL00070,INST1,GD01.06302150,,32710.INSPEKSI1,ULP.32710,COMP,ULP PANRITA LOPI,,10/08/2026,,KURANG,P_SAPIRIA,12/08/2026,,,TND,Agu,UP3 BULUKUMBA,GD,INSP,"0,00",,2026,,,,,,,,,,,,
101105426,INSPEKSI TIER 1 BL00072,INST1,GD01.06302152,,32710.INSPEKSI1,ULP.32710,COMP,ULP PANRITA LOPI,,10/08/2026,,KURANG,P_SAPIRIA,12/08/2026,,,TND,Agu,UP3 BULUKUMBA,GD,INSP,"0,00",,2026,,,,,,,,,,,,
101105593,Perbaikan/Pergantian INSPEKSI TIER 1 BT01530,INST1,GD01.06300455,,32770.INSPEKSI1,ULP.32770,COMP,ULP TANETE,,10/08/2026,,KURANG,P_BINTARORE,12/08/2026,,100233877,TND,Agu,UP3 BULUKUMBA,GD,TL,"0,00",,2026,,,,,,,,,,,,
101105617,Perbaikan/Pergantian INSPEKSI TIER 1 BS59019,INST1,GD01.06302744,,32760.INSPEKSI2,ULP.32760,COMP,ULP SINJAI,,11/08/2026,,BAIK,P_LITHA,26/08/2026,,100908647,TND,Agu,UP3 BULUKUMBA,GD,TL,"0,00",,2026,,,,,,,,,,,,
101116147,INSPEKSI TIER 1 BB18014,INST1,GD01.06302208,,32740.INSPEKSI2,ULP.32740,INPRG,ULP BANTAENG,,11/08/2026,,,P_LEMBANG,26/08/2026,,,TND,Agu,UP3 BULUKUMBA,GD,INSP,"0,00",,2026,,,,,,,,,,,,
101116319,INSPEKSI TIER 1 BB71582,INST1,GD01.06302357,,32740.INSPEKSI2,ULP.32740,COMP,ULP BANTAENG,,11/08/2026,,KURANG,P_LEMBANG,21/08/2026,,,TND,Agu,UP3 BULUKUMBA,GD,INSP,"0,00",,2026,,,,,,,,,,,,
101116442,INSPEKSI TIER 1 BB72506,INST1,GD01.06302359,,32740.INSPEKSI2,ULP.32740,WFCOMP,ULP BANTAENG,,11/08/2026,,BAIK,P_LEMBANG,26/08/2026,,,TND,Agu,UP3 BULUKUMBA,GD,INSP,"0,00",,2026,,,,,,,,,,,,
101116638,INSPEKSI TIER 1 BB72508,INST1,GD01.06302361,,32740.INSPEKSI2,ULP.32740,WFCOMP,ULP BANTAENG,,11/08/2026,,KURANG,P_LEMBANG,26/08/2026,,,TND,Agu,UP3 BULUKUMBA,GD,INSP,"0,00",,2026,,,,,,,,,,,,
101118185,INSPEKSI TIER 1 BB72573,INST1,GD01.06302430,,32740.INSPEKSI2,ULP.32740,INPRG,ULP BANTAENG,,11/08/2026,,,P_LEMBANG,26/08/2026,,,TND,Agu,UP3 BULUKUMBA,GD,INSP,"0,00",,2026,,,,,,,,,,,,
101119224,INSPEKSI TIER 1 BB19009,INST1,GD01.06302598,,32740.INSPEKSI2,ULP.32740,INPRG,ULP BANTAENG,,11/08/2026,,,P_LEMBANG,21/08/2026,,,TND,Agu,UP3 BULUKUMBA,GD,INSP,"0,00",,2026,,,,,,,,,,,,
101120240,INSPEKSI TIER 1 BB19000,INST1,GD01.19602649,,32740.INSPEKSI2,ULP.32740,INPRG,ULP BANTAENG,,11/08/2026,,,P_LEMBANG,21/08/2026,,,TND,Agu,UP3 BULUKUMBA,GD,INSP,"0,00",,2026,,,,,,,,,,,,
101120739,INSPEKSI TIER 1 BB72504,INST1,GD01.19602652,,32740.INSPEKSI2,ULP.32740,COMP,ULP BANTAENG,,11/08/2026,,KURANG,P_LEMBANG,21/08/2026,,,TND,Agu,UP3 BULUKUMBA,GD,INSP,"0,00",,2026,,,,,,,,,,,,
101123217,INSPEKSI TIER 1 BB70093,INST1,GD01.06302289,,32740.INSPEKSI2,ULP.32740,INPRG,ULP BANTAENG,,11/08/2026,,,P_LINGKAR,21/08/2026,,,TND,Agu,UP3 BULUKUMBA,GD,INSP,"0,00",,2026,,,,,,,,,,,,
101123394,INSPEKSI TIER 1 BB71580,INST1,GD01.19602665,,32740.INSPEKSI2,ULP.32740,INPRG,ULP BANTAENG,,11/08/2026,,,P_LEMBANG,21/08/2026,,,TND,Agu,UP3 BULUKUMBA,GD,INSP,"0,00",,2026,,,,,,,,,,,,
101123869,INSPEKSI TIER 1 BB70133,INST1,GD01.06302328,,32740.INSPEKSI2,ULP.32740,INPRG,ULP BANTAENG,,11/08/2026,,,P_LINGKAR,26/08/2026,,,TND,Agu,UP3 BULUKUMBA,GD,INSP,"0,00",,2026,,,,,,,,,,,,
101124019,INSPEKSI TIER 1 BB70134,INST1,GD01.06302329,,32740.INSPEKSI2,ULP.32740,INPRG,ULP BANTAENG,,11/08/2026,,,P_LINGKAR,26/08/2026,,,TND,Agu,UP3 BULUKUMBA,GD,INSP,"0,00",,2026,,,,,,,,,,,,
101124221,INSPEKSI TIER 1 BB70135,INST1,GD01.06302330,,32740.INSPEKSI2,ULP.32740,INPRG,ULP BANTAENG,,11/08/2026,,,P_LINGKAR,26/08/2026,,,TND,Agu,UP3 BULUKUMBA,GD,INSP,"0,00",,2026,,,,,,,,,,,,
101124556,INSPEKSI TIER 1 BB70136,INST1,GD01.06302331,,32740.INSPEKSI2,ULP.32740,INPRG,ULP BANTAENG,,11/08/2026,,,P_LINGKAR,26/08/2026,,,TND,Agu,UP3 BULUKUMBA,GD,INSP,"0,00",,2026,,,,,,,,,,,,
101124974,INSPEKSI TIER 1 BB70137,INST1,GD01.06302332,,32740.INSPEKSI2,ULP.32740,INPRG,ULP BANTAENG,,11/08/2026,,,P_LINGKAR,26/08/2026,,,TND,Agu,UP3 BULUKUMBA,GD,INSP,"0,00",,2026,,,,,,,,,,,,
101125172,INSPEKSI TIER 1 BB70138,INST1,GD01.06302333,,32740.INSPEKSI2,ULP.32740,INPRG,ULP BANTAENG,,11/08/2026,,,P_LINGKAR,26/08/2026,,,TND,Agu,UP3 BULUKUMBA,GD,INSP,"0,00",,2026,,,,,,,,,,,,
101125653,INSPEKSI TIER 1 BB70139,INST1,GD01.06302334,,32740.INSPEKSI2,ULP.32740,INPRG,ULP BANTAENG,,11/08/2026,,,P_LINGKAR,26/08/2026,,,TND,Agu,UP3 BULUKUMBA,GD,INSP,"0,00",,2026,,,,,,,,,,,,
101125818,INSPEKSI TIER 1 BB18080,INST1,GD01.06302336,,32740.INSPEKSI2,ULP.32740,INPRG,ULP BANTAENG,,11/08/2026,,,P_LINGKAR,26/08/2026,,,TND,Agu,UP3 BULUKUMBA,GD,INSP,"0,00",,2026,,,,,,,,,,,,
101125964,INSPEKSI TIER 1 BB66902,INST1,GD01.06302339,,32740.INSPEKSI2,ULP.32740,INPRG,ULP BANTAENG,,11/08/2026,,,P_TOLO,26/08/2026,,,TND,Agu,UP3 BULUKUMBA,GD,INSP,"0,00",,2026,,,,,,,,,,,,
101126085,INSPEKSI TIER 1 BB66903,INST1,GD01.06302340,,32740.INSPEKSI2,ULP.32740,INPRG,ULP BANTAENG,,11/08/2026,,,P_TOLO,26/08/2026,,,TND,Agu,UP3 BULUKUMBA,GD,INSP,"0,00",,2026,,,,,,,,,,,,
101126290,INSPEKSI TIER 1 BB66905,INST1,GD01.06302342,,32740.INSPEKSI2,ULP.32740,WINSP,ULP BANTAENG,,11/08/2026,,,P_TOLO,12/08/2026,,,TND,Agu,UP3 BULUKUMBA,GD,INSP,"0,00",,2026,,,,,,,,,,,,
101126436,INSPEKSI TIER 1 BB66906,INST1,GD01.06302343,,32740.INSPEKSI2,ULP.32740,INPRG,ULP BANTAENG,,11/08/2026,,,P_TOLO,26/08/2026,,,TND,Agu,UP3 BULUKUMBA,GD,INSP,"0,00",,2026,,,,,,,,,,,,
101126610,INSPEKSI TIER 1 BB66907,INST1,GD01.06302344,,32740.INSPEKSI2,ULP.32740,INPRG,ULP BANTAENG,,11/08/2026,,,P_TOLO,26/08/2026,,,TND,Agu,UP3 BULUKUMBA,GD,INSP,"0,00",,2026,,,,,,,,,,,,
101126829,INSPEKSI TIER 1 BB66908,INST1,GD01.06302345,,32740.INSPEKSI2,ULP.32740,INPRG,ULP BANTAENG,,11/08/2026,,,P_TOLO,26/08/2026,,,TND,Agu,UP3 BULUKUMBA,GD,INSP,"0,00",,2026,,,,,,,,,,,,
101127147,INSPEKSI TIER 1 BB66909,INST1,GD01.06302346,,32740.INSPEKSI2,ULP.32740,INPRG,ULP BANTAENG,,11/08/2026,,,P_TOLO,26/08/2026,,,TND,Agu,UP3 BULUKUMBA,GD,INSP,"0,00",,2026,,,,,,,,,,,,
101127298,INSPEKSI TIER 1 BB66910,INST1,GD01.06302347,,32740.INSPEKSI2,ULP.32740,INPRG,ULP BANTAENG,,11/08/2026,,,P_TOLO,26/08/2026,,,TND,Agu,UP3 BULUKUMBA,GD,INSP,"0,00",,2026,,,,,,,,,,,,
101127448,INSPEKSI TIER 1 BB66911,INST1,GD01.06302348,,32740.INSPEKSI2,ULP.32740,COMP,ULP BANTAENG,,11/08/2026,,CUKUP,P_TOLO,27/08/2026,,,TND,Agu,UP3 BULUKUMBA,GD,INSP,"0,00",,2026,,,,,,,,,,,,
101127546,INSPEKSI TIER 1 BB66912,INST1,GD01.06302349,,32740.INSPEKSI2,ULP.32740,WREVIEW,ULP BANTAENG,,11/08/2026,,,P_TOLO,27/08/2026,,,TND,Agu,UP3 BULUKUMBA,GD,INSP,"0,00",,2026,,,,,,,,,,,,
101127759,INSPEKSI TIER 1 BB66913,INST1,GD01.06302350,,32740.INSPEKSI2,ULP.32740,COMP,ULP BANTAENG,,11/08/2026,,KURANG,P_TOLO,27/08/2026,,,TND,Agu,UP3 BULUKUMBA,GD,INSP,"0,00",,2026,,,,,,,,,,,,
101127980,INSPEKSI TIER 1 BB66914,INST1,GD01.06302351,,32740.INSPEKSI2,ULP.32740,COMP,ULP BANTAENG,,11/08/2026,,CUKUP,P_TOLO,27/08/2026,,,TND,Agu,UP3 BULUKUMBA,GD,INSP,"0,00",,2026,,,,,,,,,,,,
101128770,INSPEKSI TIER 1 BB72526,INST1,GD01.06302378,,32740.INSPEKSI2,ULP.32740,COMP,ULP BANTAENG,,11/08/2026,,KURANG,P_LEMBANG,27/08/2026,,,TND,Agu,UP3 BULUKUMBA,GD,INSP,"0,00",,2026,,,,,,,,,,,,
101128921,INSPEKSI TIER 1 BB72527,INST1,GD01.06302379,,32740.INSPEKSI2,ULP.32740,WFOLLOWUP,ULP BANTAENG,,11/08/2026,,BURUK,P_LEMBANG,27/08/2026,,,TND,Agu,UP3 BULUKUMBA,GD,INSP,"0,00",,2026,,,,,,,,,,,,
101129237,INSPEKSI TIER 1 BB72528,INST1,GD01.06302380,,32740.INSPEKSI2,ULP.32740,WFOLLOWUP,ULP BANTAENG,,11/08/2026,,BURUK,P_LEMBANG,27/08/2026,,,TND,Agu,UP3 BULUKUMBA,GD,INSP,"0,00",,2026,,,,,,,,,,,,
101129398,INSPEKSI TIER 1 BB72529,INST1,GD01.06302381,,32740.INSPEKSI2,ULP.32740,WFOLLOWUP,ULP BANTAENG,,11/08/2026,,BURUK,P_LEMBANG,27/08/2026,,,TND,Agu,UP3 BULUKUMBA,GD,INSP,"0,00",,2026,,,,,,,,,,,,
101129960,INSPEKSI TIER 1 BB71584,INST1,GD01.06302382,,32740.INSPEKSI2,ULP.32740,WFOLLOWUP,ULP BANTAENG,,11/08/2026,,BURUK,P_LEMBANG,27/08/2026,,,TND,Agu,UP3 BULUKUMBA,GD,INSP,"0,00",,2026,,,,,,,,,,,,
101130165,INSPEKSI TIER 1 Bb72529,INST1,GD01.06302383,,32740.INSPEKSI2,ULP.32740,WFOLLOWUP,ULP BANTAENG,,11/08/2026,,BURUK,P_LEMBANG,27/08/2026,,,TND,Agu,UP3 BULUKUMBA,GD,INSP,"0,00",,2026,,,,,,,,,,,,
101130373,INSPEKSI TIER 1 BB72531,INST1,GD01.06302385,,32740.INSPEKSI2,ULP.32740,INPRG,ULP BANTAENG,,11/08/2026,,,P_LEMBANG,26/08/2026,,,TND,Agu,UP3 BULUKUMBA,GD,INSP,"0,00",,2026,,,,,,,,,,,,
101130435,INSPEKSI TIER 1 BB72532,INST1,GD01.06302386,,32740.INSPEKSI2,ULP.32740,INPRG,ULP BANTAENG,,11/08/2026,,,P_LEMBANG,26/08/2026,,,TND,Agu,UP3 BULUKUMBA,GD,INSP,"0,00",,2026,,,,,,,,,,,,
101130505,INSPEKSI TIER 1 BB72533,INST1,GD01.06302387,,32740.INSPEKSI2,ULP.32740,COMP,ULP BANTAENG,,11/08/2026,,KURANG,P_LEMBANG,27/08/2026,,,TND,Agu,UP3 BULUKUMBA,GD,INSP,"0,00",,2026,,,,,,,,,,,,
101130585,INSPEKSI TIER 1 BB72534,INST1,GD01.06302388,,32740.INSPEKSI2,ULP.32740,WFOLLOWUP,ULP BANTAENG,,11/08/2026,,BURUK,P_LEMBANG,27/08/2026,,,TND,Agu,UP3 BULUKUMBA,GD,INSP,"0,00",,2026,,,,,,,,,,,,
101130696,INSPEKSI TIER 1 BB72535,INST1,GD01.06302389,,32740.INSPEKSI2,ULP.32740,COMP,ULP BANTAENG,,11/08/2026,,KURANG,P_LEMBANG,27/08/2026,,,TND,Agu,UP3 BULUKUMBA,GD,INSP,"0,00",,2026,,,,,,,,,,,,
101130789,INSPEKSI TIER 1 BB72536,INST1,GD01.06302390,,32740.INSPEKSI2,ULP.32740,INPRG,ULP BANTAENG,,11/08/2026,,,P_LEMBANG,26/08/2026,,,TND,Agu,UP3 BULUKUMBA,GD,INSP,"0,00",,2026,,,,,,,,,,,,
101130880,INSPEKSI TIER 1 BB72537,INST1,GD01.06302391,,32740.INSPEKSI2,ULP.32740,WFOLLOWUP,ULP BANTAENG,,11/08/2026,,BURUK,P_LEMBANG,27/08/2026,,,TND,Agu,UP3 BULUKUMBA,GD,INSP,"0,00",,2026,,,,,,,,,,,,
101131159,INSPEKSI TIER 1 BB72538,INST1,GD01.06302392,,32740.INSPEKSI2,ULP.32740,COMP,ULP BANTAENG,,11/08/2026,,KURANG,P_LEMBANG,27/08/2026,,,TND,Agu,UP3 BULUKUMBA,GD,INSP,"0,00",,2026,,,,,,,,,,,,
101131508,INSPEKSI TIER 1 BB72539,INST1,GD01.06302393,,32740.INSPEKSI2,ULP.32740,INPRG,ULP BANTAENG,,11/08/2026,,,P_LEMBANG,26/08/2026,,,TND,Agu,UP3 BULUKUMBA,GD,INSP,"0,00",,2026,,,,,,,,,,,,
101131915,INSPEKSI TIER 1 BB72540,INST1,GD01.06302394,,32740.INSPEKSI2,ULP.32740,WFOLLOWUP,ULP BANTAENG,,11/08/2026,,BURUK,P_LEMBANG,27/08/2026,,,TND,Agu,UP3 BULUKUMBA,GD,INSP,"0,00",,2026,,,,,,,,,,,,
101132105,INSPEKSI TIER 1 BB72541,INST1,GD01.06302395,,32740.INSPEKSI2,ULP.32740,COMP,ULP BANTAENG,,11/08/2026,,CUKUP,P_LEMBANG,27/08/2026,,,TND,Agu,UP3 BULUKUMBA,GD,INSP,"0,00",,2026,,,,,,,,,,,,
101132320,INSPEKSI TIER 1 BB72542,INST1,GD01.06302396,,32740.INSPEKSI2,ULP.32740,COMP,ULP BANTAENG,,11/08/2026,,KURANG,P_LEMBANG,27/08/2026,,,TND,Agu,UP3 BULUKUMBA,GD,INSP,"0,00",,2026,,,,,,,,,,,,
101132491,INSPEKSI TIER 1 BB72543,INST1,GD01.06302397,,32740.INSPEKSI2,ULP.32740,WFOLLOWUP,ULP BANTAENG,,11/08/2026,,BURUK,P_LEMBANG,27/08/2026,,,TND,Agu,UP3 BULUKUMBA,GD,INSP,"0,00",,2026,,,,,,,,,,,,
101132986,INSPEKSI TIER 1 BB72544,INST1,GD01.06302398,,32740.INSPEKSI2,ULP.32740,WFOLLOWUP,ULP BANTAENG,,11/08/2026,,BURUK,P_LEMBANG,27/08/2026,,,TND,Agu,UP3 BULUKUMBA,GD,INSP,"0,00",,2026,,,,,,,,,,,,
101172703,Perbaikan/Pergantian INSPEKSI TIER 1 BB18050,INST1,GD01.06302245,,32740.INSPEKSI2,ULP.32740,WAPPR,ULP BANTAENG,,12/08/2026,,,P_LINGKAR,12/08/2026,,100191991,TND,Agu,UP3 BULUKUMBA,GD,TL,"0,00",,2026,,,,,,,,,,,,
101172760,Perbaikan/Pergantian INSPEKSI TIER 1 BB18073,INST1,GD01.06302268,,32740.INSPEKSI2,ULP.32740,WAPPR,ULP BANTAENG,,12/08/2026,,,P_LINGKAR,12/08/2026,,100316264,TND,Agu,UP3 BULUKUMBA,GD,TL,"0,00",,2026,,,,,,,,,,,,
101173268,Perbaikan/Pergantian INSPEKSI TIER 1 BL00055,INST1,GD01.06302123,,32710.INSPEKSI1,ULP.32710,COMP,ULP PANRITA LOPI,,12/08/2026,,KURANG,P_SAPIRIA,28/08/2026,,101104921,TND,Agu,UP3 BULUKUMBA,GD,TL,"0,00",,2026,,,,,,,,,,,,
101173324,Perbaikan/Pergantian INSPEKSI TIER 1 BL00026,INST1,GD01.06302125,,32710.INSPEKSI1,ULP.32710,WOREJECT,ULP PANRITA LOPI,,12/08/2026,,BURUK,P_SAPIRIA,28/08/2026,,101104943,TND,Agu,UP3 BULUKUMBA,GD,TL,"0,00",,2026,,,,,,,,,,,,
101173464,Perbaikan/Pergantian INSPEKSI TIER 1 BL00027,INST1,GD01.06302126,,32710.INSPEKSI1,ULP.32710,WOREJECT,ULP PANRITA LOPI,,12/08/2026,,BURUK,P_SAPIRIA,28/08/2026,,101104954,TND,Agu,UP3 BULUKUMBA,GD,TL,"0,00",,2026,,,,,,,,,,,,
101173765,Perbaikan/Pergantian INSPEKSI TIER 1 BL00028,INST1,GD01.06302127,,32710.INSPEKSI1,ULP.32710,WREVIEW,ULP PANRITA LOPI,,12/08/2026,,,P_SAPIRIA,28/08/2026,,101104965,TND,Agu,UP3 BULUKUMBA,GD,TL,"0,00",,2026,,,,,,,,,,,,
101173816,Perbaikan/Pergantian INSPEKSI TIER 1 BL00030,INST1,GD01.06302131,,32710.INSPEKSI1,ULP.32710,INPRG,ULP PANRITA LOPI,,12/08/2026,,BURUK,P_SAPIRIA,28/08/2026,,101105009,TND,Agu,UP3 BULUKUMBA,GD,TL,"0,00",,2026,,,,,,,,,,,,
101173876,Perbaikan/Pergantian INSPEKSI TIER 1 BL00042,INST1,GD01.06302135,,32710.INSPEKSI1,ULP.32710,INPRG,ULP PANRITA LOPI,,12/08/2026,,BURUK,P_SAPIRIA,28/08/2026,,101105042,TND,Agu,UP3 BULUKUMBA,GD,TL,"0,00",,2026,,,,,,,,,,,,
101173928,Perbaikan/Pergantian INSPEKSI TIER 1 BL00046,INST1,GD01.06302139,,32710.INSPEKSI1,ULP.32710,COMP,ULP PANRITA LOPI,,12/08/2026,,KURANG,P_SAPIRIA,28/08/2026,,101105078,TND,Agu,UP3 BULUKUMBA,GD,TL,"0,00",,2026,,,,,,,,,,,,
101173937,Perbaikan/Pergantian INSPEKSI TIER 1 BL00047,INST1,GD01.06302140,,32710.INSPEKSI1,ULP.32710,WOREJECT,ULP PANRITA LOPI,,12/08/2026,,BURUK,P_SAPIRIA,28/08/2026,,101105089,TND,Agu,UP3 BULUKUMBA,GD,TL,"0,00",,2026,,,,,,,,,,,,
101173998,Perbaikan/Pergantian INSPEKSI TIER 1 BL00048,INST1,GD01.06302141,,32710.INSPEKSI1,ULP.32710,WOREJECT,ULP PANRITA LOPI,,12/08/2026,,BURUK,P_SAPIRIA,28/08/2026,,101105098,TND,Agu,UP3 BULUKUMBA,GD,TL,"0,00",,2026,,,,,,,,,,,,
101174035,Perbaikan/Pergantian INSPEKSI TIER 1 BL00049,INST1,GD01.06302142,,32710.INSPEKSI1,ULP.32710,WREVIEW,ULP PANRITA LOPI,,12/08/2026,,,P_SAPIRIA,28/08/2026,,101105131,TND,Agu,UP3 BULUKUMBA,GD,TL,"0,00",,2026,,,,,,,,,,,,
101174052,Perbaikan/Pergantian INSPEKSI TIER 1 BL00050,INST1,GD01.06302143,,32710.INSPEKSI1,ULP.32710,WREVIEW,ULP PANRITA LOPI,,12/08/2026,,,P_SAPIRIA,28/08/2026,,101105168,TND,Agu,UP3 BULUKUMBA,GD,TL,"0,00",,2026,,,,,,,,,,,,
101174067,Perbaikan/Pergantian INSPEKSI TIER 1 BL00051,INST1,GD01.06302144,,32710.INSPEKSI1,ULP.32710,WOREJECT,ULP PANRITA LOPI,,12/08/2026,,BURUK,P_SAPIRIA,28/08/2026,,101105220,TND,Agu,UP3 BULUKUMBA,GD,TL,"0,00",,2026,,,,,,,,,,,,
101174076,Perbaikan/Pergantian INSPEKSI TIER 1 BL00067,INST1,GD01.06302147,,32710.INSPEKSI1,ULP.32710,WREVIEW,ULP PANRITA LOPI,,12/08/2026,,,P_SAPIRIA,28/08/2026,,101105270,TND,Agu,UP3 BULUKUMBA,GD,TL,"0,00",,2026,,,,,,,,,,,,
101174086,Perbaikan/Pergantian INSPEKSI TIER 1 BL00069,INST1,GD01.06302149,,32710.INSPEKSI1,ULP.32710,WREVIEW,ULP PANRITA LOPI,,12/08/2026,,,P_SAPIRIA,28/08/2026,,101105348,TND,Agu,UP3 BULUKUMBA,GD,TL,"0,00",,2026,,,,,,,,,,,,
101204633,INSPEKSI TIER 1 SEGMEN TG.BANYORANG.00198-TG.BANYORANG.00198.R0002,INST1,ULP.32740,4692090,32740.INSPEKSI3,ULP.32740,COMP,ULP BANTAENG,,12/08/2026,,BAIK,P_LEMBANG,20/08/2026,,,TND,Agu,UP3 BULUKUMBA,JTM,INSP,"0,10",,2026,,,,,,,,,,,,
101204706,INSPEKSI TIER 1 SEGMEN TG.BANYORANG.00206-TG.BANYORANG.00206.L0019,INST1,ULP.32740,4692091,32740.INSPEKSI3,ULP.32740,COMP,ULP BANTAENG,,12/08/2026,,BAIK,P_LEMBANG,15/08/2026,,,TND,Agu,UP3 BULUKUMBA,JTM,INSP,"0,95",,2026,,,,,,,,,,,,
101204970,INSPEKSI TIER 1 SEGMEN TG.BANYORANG.00212-TG.BANYORANG.002012.L0007,INST1,ULP.32740,4692092,32740.INSPEKSI3,ULP.32740,COMP,ULP BANTAENG,,12/08/2026,,BAIK,P_LEMBANG,15/08/2026,,,TND,Agu,UP3 BULUKUMBA,JTM,INSP,"0,35",,2026,,,,,,,,,,,,
101210168,INSPEKSI TIER 1 SEGMEN TG.BANYORANG.00212-TG.BANYORANG.00245,INST1,ULP.32740,4692093,32740.INSPEKSI3,ULP.32740,COMP,ULP BANTAENG,,12/08/2026,,BAIK,P_LEMBANG,15/08/2026,,,TND,Agu,UP3 BULUKUMBA,JTM,INSP,"1,65",,2026,,,,,,,,,,,,
101211629,INSPEKSI TIER 1 SEGMEN TG.BANYORANG.00245-TG.BANYORANG.00245.R0003,INST1,ULP.32740,4692094,32740.INSPEKSI3,ULP.32740,COMP,ULP BANTAENG,,12/08/2026,,BAIK,P_LEMBANG,15/08/2026,,,TND,Agu,UP3 BULUKUMBA,JTM,INSP,"0,15",,2026,,,,,,,,,,,,
101211957,INSPEKSI TIER 1 SEGMEN TG.BANYORANG.00245-TG.BANYORANG.00261,INST1,ULP.32740,4692095,32740.INSPEKSI3,ULP.32740,COMP,ULP BANTAENG,,12/08/2026,,BAIK,P_LEMBANG,15/08/2026,,,TND,Agu,UP3 BULUKUMBA,JTM,INSP,"0,80",,2026,,,,,,,,,,,,
101349313,INSPEKSI TIER 1 SEGMEN TG.BALTAR.00279-LBS.BAJIMINASA.Z,INST1,ULP.32770,4690885,32770.INSPEKSI3,ULP.32770,COMP,ULP TANETE,,13/08/2026,8/13/26 12:47 PM,BAIK,P_BINTARORE,18/08/2026,,,TND,Agu,UP3 BULUKUMBA,JTM,INSP,"2,15",,2026,,,,,,,,,,,,
101349465,INSPEKSI TIER 1 SEGMEN LBS.BAJIMINASA.Z-LBS.BAJIMINASA,INST1,ULP.32770,4690886,32770.INSPEKSI3,ULP.32770,WFCOMP,ULP TANETE,,13/08/2026,8/13/26 12:46 PM,BAIK,P_BINTARORE,20/08/2026,,,TND,Agu,UP3 BULUKUMBA,JTM,INSP,"0,50",,2026,,,,,,,,,,,,
101349529,INSPEKSI TIER 1 SEGMEN LBS.BAJIMINASA-TG.BALTAR.00383,INST1,ULP.32770,4690887,32770.INSPEKSI3,ULP.32770,COMP,ULP TANETE,,13/08/2026,8/13/26 12:46 PM,BAIK,P_BINTARORE,18/08/2026,,,TND,Agu,UP3 BULUKUMBA,JTM,INSP,"3,20",,2026,,,,,,,,,,,,
101349821,INSPEKSI TIER 1 SEGMEN TG.BALTAR.00383-TG.BALTAR.00383.L0013,INST1,ULP.32770,4690888,32770.INSPEKSI3,ULP.32770,COMP,ULP TANETE,,13/08/2026,8/13/26 12:46 PM,BAIK,P_BINTARORE,18/08/2026,,,TND,Agu,UP3 BULUKUMBA,JTM,INSP,"0,65",,2026,,,,,,,,,,,,
101350008,INSPEKSI TIER 1 SEGMEN TG.BALTAR.00465-TG.BALTAR.00489,INST1,ULP.32770,4690890,32770.INSPEKSI3,ULP.32770,COMP,ULP TANETE,,13/08/2026,8/13/26 12:45 PM,BAIK,P_BINTARORE,18/08/2026,,,TND,Agu,UP3 BULUKUMBA,JTM,INSP,"1,10",,2026,,,,,,,,,,,,
101350210,INSPEKSI TIER 1 SEGMEN TG.BALTAR.00489-LBS.PANASA,INST1,ULP.32770,4690891,32770.INSPEKSI3,ULP.32770,COMP,ULP TANETE,,13/08/2026,8/13/26 12:45 PM,BAIK,P_BINTARORE,18/08/2026,,,TND,Agu,UP3 BULUKUMBA,JTM,INSP,"2,20",,2026,,,,,,,,,,,,
101350418,INSPEKSI TIER 1 SEGMEN TG.BALTAR.00489-TG.BALTAR.00521,INST1,ULP.32770,4690892,32770.INSPEKSI3,ULP.32770,COMP,ULP TANETE,,13/08/2026,8/13/26 12:44 PM,BAIK,P_BINTARORE,18/08/2026,,,TND,Agu,UP3 BULUKUMBA,JTM,INSP,"1,50",,2026,,,,,,,,,,,,
101351336,INSPEKSI TIER 1 SEGMEN TG.BALTAR.00521-TG.BALTAR.00521.L0015,INST1,ULP.32770,4690893,32770.INSPEKSI3,ULP.32770,COMP,ULP TANETE,,13/08/2026,8/13/26 12:44 PM,BAIK,P_BINTARORE,18/08/2026,,,TND,Agu,UP3 BULUKUMBA,JTM,INSP,"0,80",,2026,,,,,,,,,,,,
101351427,INSPEKSI TIER 1 SEGMEN TG.BALTAR.00521-TG.BALTAR.00521.R0003,INST1,ULP.32770,4690895,32770.INSPEKSI3,ULP.32770,COMP,ULP TANETE,,13/08/2026,8/13/26 12:44 PM,BAIK,P_BINTARORE,18/08/2026,,,TND,Agu,UP3 BULUKUMBA,JTM,INSP,"0,15",,2026,,,,,,,,,,,,
101351495,INSPEKSI TIER 1 SEGMEN TG.BALTAR.00521.R0003-TG.BALTAR.00521.R0048,INST1,ULP.32770,4690896,32770.INSPEKSI3,ULP.32770,COMP,ULP TANETE,,13/08/2026,8/13/26 12:43 PM,CUKUP,P_BINTARORE,18/08/2026,,,TND,Agu,UP3 BULUKUMBA,JTM,INSP,"2,50",,2026,,,,,,,,,,,,
101351583,INSPEKSI TIER 1 SEGMEN TG.BALTAR.00521-TG.BALTAR.00525,INST1,ULP.32770,4690897,32770.INSPEKSI3,ULP.32770,COMP,ULP TANETE,,13/08/2026,8/13/26 12:43 PM,BAIK,P_BINTARORE,18/08/2026,,,TND,Agu,UP3 BULUKUMBA,JTM,INSP,"0,15",,2026,,,,,,,,,,,,
101351624,INSPEKSI TIER 1 SEGMEN TG.BALTAR.00525-TG.BALTAR.00541,INST1,ULP.32770,4690898,32770.INSPEKSI3,ULP.32770,COMP,ULP TANETE,,13/08/2026,8/13/26 12:42 PM,BAIK,P_BINTARORE,18/08/2026,,,TND,Agu,UP3 BULUKUMBA,JTM,INSP,"0,85",,2026,,,,,,,,,,,,
101351732,INSPEKSI TIER 1 SEGMEN TG.KAJANG.00223.L0072-TG.KAJANG.00223.L0072.L0058,INST1,ULP.32770,4690903,32770.INSPEKSI3,ULP.32770,COMP,ULP TANETE,,13/08/2026,8/13/26 12:42 PM,BAIK,P_BINTARORE,17/08/2026,,,TND,Agu,UP3 BULUKUMBA,JTM,INSP,"3,10",,2026,,,,,,,,,,,,
101351845,INSPEKSI TIER 1 SEGMEN TG.KAJANG.00223.L0086-TG.KAJANG.00223.L0146,INST1,ULP.32770,4690907,32770.INSPEKSI3,ULP.32770,COMP,ULP TANETE,,13/08/2026,8/13/26 12:41 PM,BAIK,P_BINTARORE,17/08/2026,,,TND,Agu,UP3 BULUKUMBA,JTM,INSP,"3,10",,2026,,,,,,,,,,,,
101351923,INSPEKSI TIER 1 SEGMEN TG.KAJANG.00226-TG.KAJANG.00287,INST1,ULP.32770,4690911,32770.INSPEKSI3,ULP.32770,WFCOMP,ULP TANETE,,13/08/2026,8/13/26 12:41 PM,BAIK,P_BINTARORE,18/08/2026,,,TND,Agu,UP3 BULUKUMBA,JTM,INSP,"2,70",,2026,,,,,,,,,,,,
101352631,INSPEKSI TIER 1 SEGMEN TG.PAHLAWAN.00001-TG.PAHLAWAN.00082,INST1,ULP.32730,4691330,32730.INSPEKSI3,ULP.32730,INPRG,ULP JENEPONTO,,13/08/2026,,,P_BINAMU,26/08/2026,,,TND,Agu,UP3 BULUKUMBA,JTM,INSP,"5,00",,2026,,,,,,,,,,,,
101352810,INSPEKSI TIER 1 SEGMEN TG.TOLO.00103-TG.TOLO.00103.R0104,INST1,ULP.32730,4691394,32730.INSPEKSI3,ULP.32730,INPRG,ULP JENEPONTO,,13/08/2026,,,P_TOLO,26/08/2026,,,TND,Agu,UP3 BULUKUMBA,JTM,INSP,"5,20",,2026,,,,,,,,,,,,
101356906,INSPEKSI TIER 1 SEGMEN TG.TOLO.00038.R0009-TG.TOLO.00038.R0009.R0009,INST1,ULP.32730,22260629,32730.INSPEKSI3,ULP.32730,INPRG,ULP JENEPONTO,,13/08/2026,,,P_TOLO,26/08/2026,,,TND,Agu,UP3 BULUKUMBA,JTM,INSP,"0,45",,2026,,,,,,,,,,,,
101356944,INSPEKSI TIER 1 SEGMEN TG.TOLO.00198-TG.TOLO.00198.L0048,INST1,ULP.32730,22260630,32730.INSPEKSI3,ULP.32730,COMP,ULP JENEPONTO,,13/08/2026,,BAIK,P_TOLO,18/08/2026,,,TND,Agu,UP3 BULUKUMBA,JTM,INSP,"2,10",,2026,,,,,,,,,,,,
101357049,INSPEKSI TIER 1 SEGMEN TG.TOLO.00198.L0029-TG.TOLO.00198.L0029.R0006,INST1,ULP.32730,22260631,32730.INSPEKSI3,ULP.32730,COMP,ULP JENEPONTO,,13/08/2026,,BAIK,P_TOLO,18/08/2026,,,TND,Agu,UP3 BULUKUMBA,JTM,INSP,"0,30",,2026,,,,,,,,,,,,
101357077,INSPEKSI TIER 1 SEGMEN TG.TOLO.00296.L0045-TG.TOLO.00296.L0045.L0013,INST1,ULP.32730,22260632,32730.INSPEKSI3,ULP.32730,COMP,ULP JENEPONTO,,13/08/2026,,BAIK,P_TOLO,18/08/2026,,,TND,Agu,UP3 BULUKUMBA,JTM,INSP,"0,65",,2026,,,,,,,,,,,,
101357190,INSPEKSI TIER 1 SEGMEN TG.MALAKAJI.00139-TG.MALAKAJI.00154,INST1,ULP.32730,4691303,32730.INSPEKSI3,ULP.32730,COMP,ULP JENEPONTO,,13/08/2026,,BAIK,P_TOLO,28/08/2026,,,TND,Agu,UP3 BULUKUMBA,JTM,INSP,"0,80",,2026,,,,,,,,,,,,
101357278,INSPEKSI TIER 1 SEGMEN TG.MALAKAJI.00154-TG.MALAKAJI.00154.R0020,INST1,ULP.32730,4691304,32730.INSPEKSI3,ULP.32730,COMP,ULP JENEPONTO,,13/08/2026,,BAIK,P_TOLO,28/08/2026,,,TND,Agu,UP3 BULUKUMBA,JTM,INSP,"1,00",,2026,,,,,,,,,,,,
101357315,INSPEKSI TIER 1 SEGMEN TG.MALAKAJI.00232-TG.MALAKAJI.00251,INST1,ULP.32730,4691307,32730.INSPEKSI3,ULP.32730,INPRG,ULP JENEPONTO,,13/08/2026,,,P_TOLO,26/08/2026,,,TND,Agu,UP3 BULUKUMBA,JTM,INSP,"0,95",,2026,,,,,,,,,,,,
101357358,INSPEKSI TIER 1 SEGMEN TG.MALAKAJI.00251-LBS.JANGOAN,INST1,ULP.32730,4691308,32730.INSPEKSI3,ULP.32730,INPRG,ULP JENEPONTO,,13/08/2026,,,P_TOLO,26/08/2026,,,TND,Agu,UP3 BULUKUMBA,JTM,INSP,"0,20",,2026,,,,,,,,,,,,
101357396,INSPEKSI TIER 1 SEGMEN TG.MALAKAJI.00251-TG.MALAKAJI.00272,INST1,ULP.32730,4691310,32730.INSPEKSI3,ULP.32730,COMP,ULP JENEPONTO,,13/08/2026,,BAIK,P_TOLO,26/08/2026,,,TND,Agu,UP3 BULUKUMBA,JTM,INSP,"1,05",,2026,,,,,,,,,,,,
101357454,INSPEKSI TIER 1 SEGMEN TG.MALAKAJI.00272-TG.MALAKAJI.00272.L0024,INST1,ULP.32730,4691311,32730.INSPEKSI3,ULP.32730,COMP,ULP JENEPONTO,,13/08/2026,,BAIK,P_TOLO,26/08/2026,,,TND,Agu,UP3 BULUKUMBA,JTM,INSP,"1,20",,2026,,,,,,,,,,,,
101357506,INSPEKSI TIER 1 SEGMEN TG.MALAKAJI.00272.L0024-TG.MALAKAJI.00272.L0024.L0005,INST1,ULP.32730,4691312,32730.INSPEKSI3,ULP.32730,INPRG,ULP JENEPONTO,,13/08/2026,,,P_TOLO,26/08/2026,,,TND,Agu,UP3 BULUKUMBA,JTM,INSP,"0,25",,2026,,,,,,,,,,,,
101357528,INSPEKSI TIER 1 SEGMEN TG.MALAKAJI.00272.L0024-TG.MALAKAJI.00272.L0069,INST1,ULP.32730,4691313,32730.INSPEKSI3,ULP.32730,INPRG,ULP JENEPONTO,,13/08/2026,,,P_TOLO,26/08/2026,,,TND,Agu,UP3 BULUKUMBA,JTM,INSP,"2,25",,2026,,,,,,,,,,,,
101359078,INSPEKSI TIER 1 SEGMEN TG.MALAKAJI.00272.L0069-TG.MALAKAJI.00272.L0069.R0023,INST1,ULP.32730,4691314,32730.INSPEKSI3,ULP.32730,COMP,ULP JENEPONTO,,13/08/2026,,BAIK,P_TOLO,18/08/2026,,,TND,Agu,UP3 BULUKUMBA,JTM,INSP,"1,15",,2026,,,,,,,,,,,,
101359314,INSPEKSI TIER 1 SEGMEN TG.MALAKAJI.00272.L0069-TG.MALAKAJI.00272.L0132,INST1,ULP.32730,4691315,32730.INSPEKSI3,ULP.32730,COMP,ULP JENEPONTO,,13/08/2026,,BAIK,P_TOLO,18/08/2026,,,TND,Agu,UP3 BULUKUMBA,JTM,INSP,"3,15",,2026,,,,,,,,,,,,
101359694,INSPEKSI TIER 1 SEGMEN TG.MALAKAJI.00272-TG.MALAKAJI.00294,INST1,ULP.32730,4691316,32730.INSPEKSI3,ULP.32730,INPRG,ULP JENEPONTO,,13/08/2026,,,P_TOLO,18/08/2026,,,TND,Agu,UP3 BULUKUMBA,JTM,INSP,"1,10",,2026,,,,,,,,,,,,
101359900,INSPEKSI TIER 1 SEGMEN TG.MALAKAJI.00294-TG.MALAKAJI.00294.L0027,INST1,ULP.32730,4691317,32730.INSPEKSI3,ULP.32730,COMP,ULP JENEPONTO,,13/08/2026,,BAIK,P_TOLO,28/08/2026,,,TND,Agu,UP3 BULUKUMBA,JTM,INSP,"1,35",,2026,,,,,,,,,,,,
101360344,INSPEKSI TIER 1 SEGMEN TG.MALAKAJI.00407-TG.MALAKAJI.00407.R0037,INST1,ULP.32730,4691319,32730.INSPEKSI3,ULP.32730,INPRG,ULP JENEPONTO,,13/08/2026,,,P_TOLO,18/08/2026,,,TND,Agu,UP3 BULUKUMBA,JTM,INSP,"1,85",,2026,,,,,,,,,,,,
101362074,INSPEKSI TIER 1 SEGMEN TG.PAHLAWAN.00082-TG.PAHLAWAN.00082.L0007,INST1,ULP.32730,4691331,32730.INSPEKSI3,ULP.32730,INPRG,ULP JENEPONTO,,13/08/2026,,,P_BINAMU,18/08/2026,,,TND,Agu,UP3 BULUKUMBA,JTM,INSP,"0,30",,2026,,,,,,,,,,,,
101362200,INSPEKSI TIER 1 SEGMEN TG.PAHLAWAN.00082.L0007-TG.PAHLAWAN.00082.L0010,INST1,ULP.32730,4691332,32730.INSPEKSI3,ULP.32730,COMP,ULP JENEPONTO,,13/08/2026,,BAIK,P_BINAMU,26/08/2026,,,TND,Agu,UP3 BULUKUMBA,JTM,INSP,"0,20",,2026,,,,,,,,,,,,
101362333,INSPEKSI TIER 1 SEGMEN TG.PAHLAWAN.00082-TG.PAHLAWAN.00094,INST1,ULP.32730,4691333,32730.INSPEKSI3,ULP.32730,COMP,ULP JENEPONTO,,13/08/2026,,BAIK,P_BINAMU,26/08/2026,,,TND,Agu,UP3 BULUKUMBA,JTM,INSP,"0,60",,2026,,,,,,,,,,,,
101371304,INSPEKSI TIER 1 BS08014,INST1,GD01.06301772,,32760.INSPEKSI3,ULP.32760,COMP,ULP SINJAI,,13/08/2026,,KURANG,P_MATUMPU,18/08/2026,,,TND,Agu,UP3 BULUKUMBA,GD,INSP,"0,00",,2026,,,,,,,,,,,,
101374700,INSPEKSI TIER 1 SSTBBK760.GT0560,INST1,GD01.19602631,,32760.INSPEKSI3,ULP.32760,COMP,ULP SINJAI,,13/08/2026,,CUKUP,P_MATUMPU,28/08/2026,,,TND,Agu,UP3 BULUKUMBA,GD,INSP,"0,00",,2026,,,,,,,,,,,,
101374902,INSPEKSI TIER 1 SSTBBK760.GT0568,INST1,GD01.19602641,,32760.INSPEKSI3,ULP.32760,COMP,ULP SINJAI,,13/08/2026,,CUKUP,P_MATUMPU,19/08/2026,,,TND,Agu,UP3 BULUKUMBA,GD,INSP,"0,00",,2026,,,,,,,,,,,,
101375450,INSPEKSI TIER 1 SSTBBK760.GT0606,INST1,GD01.62508934,92492820,32760.INSPEKSI3,ULP.32760,COMP,ULP SINJAI,,13/08/2026,,BAIK,P_MATUMPU,18/08/2026,,,TND,Agu,UP3 BULUKUMBA,GD,INSP,"0,00",,2026,,,,,,,,,,,,
101375647,INSPEKSI TIER 1 SSTBBK760.GT0616,INST1,GD01.62514106,92492903,32760.INSPEKSI3,ULP.32760,COMP,ULP SINJAI,,13/08/2026,,BAIK,P_MATUMPU,19/08/2026,,,TND,Agu,UP3 BULUKUMBA,GD,INSP,"0,00",,2026,,,,,,,,,,,,
101375772,INSPEKSI TIER 1 BS08015,INST1,GD01.06301783,,32760.INSPEKSI3,ULP.32760,COMP,ULP SINJAI,,13/08/2026,,KURANG,P_MATUMPU,18/08/2026,,,TND,Agu,UP3 BULUKUMBA,GD,INSP,"0,00",,2026,,,,,,,,,,,,
101375854,INSPEKSI TIER 1 BS08016,INST1,GD01.06301784,,32760.INSPEKSI3,ULP.32760,COMP,ULP SINJAI,,13/08/2026,,KURANG,P_MATUMPU,18/08/2026,,,TND,Agu,UP3 BULUKUMBA,GD,INSP,"0,00",,2026,,,,,,,,,,,,
101375942,INSPEKSI TIER 1 BS08017,INST1,GD01.06301785,,32760.INSPEKSI3,ULP.32760,COMP,ULP SINJAI,,13/08/2026,,KURANG,P_MATUMPU,18/08/2026,,,TND,Agu,UP3 BULUKUMBA,GD,INSP,"0,00",,2026,,,,,,,,,,,,
101376037,INSPEKSI TIER 1 BS08018,INST1,GD01.06301786,,32760.INSPEKSI3,ULP.32760,WFOLLOWUP,ULP SINJAI,,13/08/2026,,BURUK,P_MATUMPU,18/08/2026,,,TND,Agu,UP3 BULUKUMBA,GD,INSP,"0,00",,2026,,,,,,,,,,,,
101376121,INSPEKSI TIER 1 BS08041,INST1,GD01.06301811,,32760.INSPEKSI3,ULP.32760,COMP,ULP SINJAI,,13/08/2026,,CUKUP,P_MATUMPU,18/08/2026,,,TND,Agu,UP3 BULUKUMBA,GD,INSP,"0,00",,2026,,,,,,,,,,,,
101376378,INSPEKSI TIER 1 BS08042,INST1,GD01.06301812,,32760.INSPEKSI3,ULP.32760,COMP,ULP SINJAI,,13/08/2026,,KURANG,P_MATUMPU,18/08/2026,,,TND,Agu,UP3 BULUKUMBA,GD,INSP,"0,00",,2026,,,,,,,,,,,,
101376509,INSPEKSI TIER 1 BS08043,INST1,GD01.06301813,,32760.INSPEKSI3,ULP.32760,COMP,ULP SINJAI,,13/08/2026,,CUKUP,P_MATUMPU,18/08/2026,,,TND,Agu,UP3 BULUKUMBA,GD,INSP,"0,00",,2026,,,,,,,,,,,,
101376605,INSPEKSI TIER 1 BS08044,INST1,GD01.06301814,,32760.INSPEKSI3,ULP.32760,COMP,ULP SINJAI,,13/08/2026,,KURANG,P_MATUMPU,18/08/2026,,,TND,Agu,UP3 BULUKUMBA,GD,INSP,"0,00",,2026,,,,,,,,,,,,
101376685,INSPEKSI TIER 1 BS08045,INST1,GD01.06301815,,32760.INSPEKSI3,ULP.32760,COMP,ULP SINJAI,,13/08/2026,,KURANG,P_MATUMPU,18/08/2026,,,TND,Agu,UP3 BULUKUMBA,GD,INSP,"0,00",,2026,,,,,,,,,,,,
101376770,INSPEKSI TIER 1 BS08046,INST1,GD01.06301816,,32760.INSPEKSI3,ULP.32760,COMP,ULP SINJAI,,13/08/2026,,CUKUP,P_MATUMPU,18/08/2026,,,TND,Agu,UP3 BULUKUMBA,GD,INSP,"0,00",,2026,,,,,,,,,,,,
101376848,INSPEKSI TIER 1 BS08047,INST1,GD01.06301817,,32760.INSPEKSI3,ULP.32760,COMP,ULP SINJAI,,13/08/2026,,CUKUP,P_MATUMPU,18/08/2026,,,TND,Agu,UP3 BULUKUMBA,GD,INSP,"0,00",,2026,,,,,,,,,,,,
101376897,INSPEKSI TIER 1 BS08053,INST1,GD01.06301824,,32760.INSPEKSI3,ULP.32760,COMP,ULP SINJAI,,13/08/2026,,KURANG,P_MATUMPU,18/08/2026,,,TND,Agu,UP3 BULUKUMBA,GD,INSP,"0,00",,2026,,,,,,,,,,,,
101376960,INSPEKSI TIER 1 BS08063,INST1,GD01.06301825,,32760.INSPEKSI3,ULP.32760,COMP,ULP SINJAI,,13/08/2026,,CUKUP,P_MATUMPU,19/08/2026,,,TND,Agu,UP3 BULUKUMBA,GD,INSP,"0,00",,2026,,,,,,,,,,,,
101377018,INSPEKSI TIER 1 BS08064,INST1,GD01.06301826,,32760.INSPEKSI3,ULP.32760,COMP,ULP SINJAI,,13/08/2026,,CUKUP,P_MATUMPU,19/08/2026,,,TND,Agu,UP3 BULUKUMBA,GD,INSP,"0,00",,2026,,,,,,,,,,,,
101377070,INSPEKSI TIER 1 BS08065,INST1,GD01.06301827,,32760.INSPEKSI3,ULP.32760,COMP,ULP SINJAI,,13/08/2026,,CUKUP,P_MATUMPU,19/08/2026,,,TND,Agu,UP3 BULUKUMBA,GD,INSP,"0,00",,2026,,,,,,,,,,,,
101377109,INSPEKSI TIER 1 BS08066,INST1,GD01.06301828,,32760.INSPEKSI3,ULP.32760,COMP,ULP SINJAI,,13/08/2026,,CUKUP,P_MATUMPU,19/08/2026,,,TND,Agu,UP3 BULUKUMBA,GD,INSP,"0,00",,2026,,,,,,,,,,,,
101377120,INSPEKSI TIER 1 BS08054,INST1,GD01.06301829,,32760.INSPEKSI3,ULP.32760,COMP,ULP SINJAI,,13/08/2026,,KURANG,P_MATUMPU,18/08/2026,,,TND,Agu,UP3 BULUKUMBA,GD,INSP,"0,00",,2026,,,,,,,,,,,,
101377129,INSPEKSI TIER 1 BS08055,INST1,GD01.06301830,,32760.INSPEKSI3,ULP.32760,COMP,ULP SINJAI,,13/08/2026,,KURANG,P_MATUMPU,18/08/2026,,,TND,Agu,UP3 BULUKUMBA,GD,INSP,"0,00",,2026,,,,,,,,,,,,
101377138,INSPEKSI TIER 1 BS08056,INST1,GD01.06301831,,32760.INSPEKSI3,ULP.32760,COMP,ULP SINJAI,,13/08/2026,,KURANG,P_MATUMPU,18/08/2026,,,TND,Agu,UP3 BULUKUMBA,GD,INSP,"0,00",,2026,,,,,,,,,,,,
101377149,INSPEKSI TIER 1 BS08057,INST1,GD01.06301832,,32760.INSPEKSI3,ULP.32760,COMP,ULP SINJAI,,13/08/2026,,CUKUP,P_MATUMPU,19/08/2026,,,TND,Agu,UP3 BULUKUMBA,GD,INSP,"0,00",,2026,,,,,,,,,,,,
101377160,660090,INST1,GD01.06301833,,32760.INSPEKSI3,ULP.32760,COMP,ULP SINJAI,,13/08/2026,,KURANG,P_MATUMPU,18/08/2026,,,TND,Agu,UP3 BULUKUMBA,GD,INSP,"0,00",,2026,,,,,,,,,,,,
101377171,INSPEKSI TIER 1 BS60-028,INST1,GD01.06301862,,32760.INSPEKSI3,ULP.32760,COMP,ULP SINJAI,,13/08/2026,,CUKUP,P_MATUMPU,18/08/2026,,,TND,Agu,UP3 BULUKUMBA,GD,INSP,"0,00",,2026,,,,,,,,,,,,
101377186,INSPEKSI TIER 1 BS60-030,INST1,GD01.06301864,,32760.INSPEKSI3,ULP.32760,COMP,ULP SINJAI,,13/08/2026,,CUKUP,P_MATUMPU,18/08/2026,,,TND,Agu,UP3 BULUKUMBA,GD,INSP,"0,00",,2026,,,,,,,,,,,,
101377201,INSPEKSI TIER 1 BS60-031,INST1,GD01.06301865,,32760.INSPEKSI3,ULP.32760,COMP,ULP SINJAI,,13/08/2026,,BAIK,P_MATUMPU,18/08/2026,,,TND,Agu,UP3 BULUKUMBA,GD,INSP,"0,00",,2026,,,,,,,,,,,,
101377305,INSPEKSI TIER 1 BS60-032,INST1,GD01.06301866,,32760.INSPEKSI3,ULP.32760,COMP,ULP SINJAI,,13/08/2026,,BAIK,P_MATUMPU,18/08/2026,,,TND,Agu,UP3 BULUKUMBA,GD,INSP,"0,00",,2026,,,,,,,,,,,,
101377330,INSPEKSI TIER 1 BS60-033,INST1,GD01.06301867,,32760.INSPEKSI3,ULP.32760,COMP,ULP SINJAI,,13/08/2026,,BAIK,P_MATUMPU,18/08/2026,,,TND,Agu,UP3 BULUKUMBA,GD,INSP,"0,00",,2026,,,,,,,,,,,,
101377370,INSPEKSI TIER 1 BS60-034,INST1,GD01.06301868,,32760.INSPEKSI3,ULP.32760,COMP,ULP SINJAI,,13/08/2026,,BAIK,P_MATUMPU,18/08/2026,,,TND,Agu,UP3 BULUKUMBA,GD,INSP,"0,00",,2026,,,,,,,,,,,,
101377401,INSPEKSI TIER 1 BS60-162,INST1,GD01.06301869,,32760.INSPEKSI3,ULP.32760,COMP,ULP SINJAI,,13/08/2026,,BAIK,P_MATUMPU,19/08/2026,,,TND,Agu,UP3 BULUKUMBA,GD,INSP,"0,00",,2026,,,,,,,,,,,,
101377442,INSPEKSI TIER 1 BS60-064,INST1,GD01.06301900,,32760.INSPEKSI3,ULP.32760,COMP,ULP SINJAI,,13/08/2026,,BAIK,P_MATUMPU,18/08/2026,,,TND,Agu,UP3 BULUKUMBA,GD,INSP,"0,00",,2026,,,,,,,,,,,,
101377489,INSPEKSI TIER 1 BS60-066,INST1,GD01.06301902,,32760.INSPEKSI3,ULP.32760,COMP,ULP SINJAI,,13/08/2026,,BAIK,P_MATUMPU,19/08/2026,,,TND,Agu,UP3 BULUKUMBA,GD,INSP,"0,00",,2026,,,,,,,,,,,,
101377534,INSPEKSI TIER 1 BS60-068,INST1,GD01.06301904,,32760.INSPEKSI3,ULP.32760,COMP,ULP SINJAI,,13/08/2026,,BAIK,P_MATUMPU,19/08/2026,,,TND,Agu,UP3 BULUKUMBA,GD,INSP,"0,00",,2026,,,,,,,,,,,,
101377736,INSPEKSI TIER 1 SEGMEN TG. LAMATTIRILAU.00489.R0002-TG.LAMATTIRILAU.00489.R0002.L0016,INST1,ULP.32760,4691690,32760.INSPEKSI1,ULP.32760,COMP,ULP SINJAI,,13/08/2026,,BAIK,P_MATUMPU,22/08/2026,,,TND,Agu,UP3 BULUKUMBA,JTM,INSP,"0,80",,2026,,,,,,,,,,,,
101377841,INSPEKSI TIER 1 SEGMEN TG. LAMATTIRILAU.00489.R0023-TG.LAMATTIRILAU.00489.R0023.R0009,INST1,ULP.32760,4691691,32760.INSPEKSI1,ULP.32760,COMP,ULP SINJAI,,13/08/2026,,BAIK,P_MATUMPU,22/08/2026,,,TND,Agu,UP3 BULUKUMBA,JTM,INSP,"0,45",,2026,,,,,,,,,,,,
101377870,INSPEKSI TIER 1 SEGMEN TG. LAMATTIRILAU.00489.R0030-TG.LAMATTIRILAU.00489.R0030.L0004,INST1,ULP.32760,4691692,32760.INSPEKSI1,ULP.32760,COMP,ULP SINJAI,,13/08/2026,,BAIK,P_MATUMPU,22/08/2026,,,TND,Agu,UP3 BULUKUMBA,JTM,INSP,"0,20",,2026,,,,,,,,,,,,
101377877,INSPEKSI TIER 1 SEGMEN TG. LAMATTIRILAU.00489-TG.LAMATTIRILAU.00489.R0038,INST1,ULP.32760,4691693,32760.INSPEKSI1,ULP.32760,COMP,ULP SINJAI,,13/08/2026,,BAIK,P_MATUMPU,22/08/2026,,,TND,Agu,UP3 BULUKUMBA,JTM,INSP,"0,10",,2026,,,,,,,,,,,,
101377885,INSPEKSI TIER 1 SEGMEN TG. LAMATTIRILAU.00489-TG.LAMATTIRILAU.00493,INST1,ULP.32760,4691694,32760.INSPEKSI1,ULP.32760,COMP,ULP SINJAI,,13/08/2026,,BAIK,P_MATUMPU,22/08/2026,,,TND,Agu,UP3 BULUKUMBA,JTM,INSP,"0,20",,2026,,,,,,,,,,,,
101377897,INSPEKSI TIER 1 SEGMEN TG. LAMATTIRILAU.00493-TG.LAMATTIRILAU.00493.R0002,INST1,ULP.32760,4691695,32760.INSPEKSI1,ULP.32760,COMP,ULP SINJAI,,13/08/2026,,BAIK,P_MATUMPU,22/08/2026,,,TND,Agu,UP3 BULUKUMBA,JTM,INSP,"0,10",,2026,,,,,,,,,,,,
101378028,INSPEKSI TIER 1 SEGMEN TG. LAMATTIRILAU.00493-TG.LAMATTIRILAU.00502,INST1,ULP.32760,4691696,32760.INSPEKSI1,ULP.32760,WFOLLOWUP,ULP SINJAI,,13/08/2026,,BURUK,P_MATUMPU,22/08/2026,,,TND,Agu,UP3 BULUKUMBA,JTM,INSP,"0,45",,2026,,,,,,,,,,,,
101378038,INSPEKSI TIER 1 SEGMEN TG. LAMATTIRILAU.00502-TG.LAMATTIRILAU.00502.L0002,INST1,ULP.32760,4691697,32760.INSPEKSI1,ULP.32760,COMP,ULP SINJAI,,13/08/2026,,BAIK,P_MATUMPU,22/08/2026,,,TND,Agu,UP3 BULUKUMBA,JTM,INSP,"0,10",,2026,,,,,,,,,,,,
101378041,INSPEKSI TIER 1 SEGMEN TG. LAMATTIRILAU.00502-TG.LAMATTIRILAU.00562,INST1,ULP.32760,4691698,32760.INSPEKSI1,ULP.32760,COMP,ULP SINJAI,,13/08/2026,,BAIK,P_MATUMPU,22/08/2026,,,TND,Agu,UP3 BULUKUMBA,JTM,INSP,"3,00",,2026,,,,,,,,,,,,
101378105,INSPEKSI TIER 1 SEGMEN TG. LAMATTIRILAU.00562.L0019-TG.LAMATTIRILAU.00562.L0019.L0003,INST1,ULP.32760,4691699,32760.INSPEKSI1,ULP.32760,COMP,ULP SINJAI,,13/08/2026,,BAIK,P_MATUMPU,22/08/2026,,,TND,Agu,UP3 BULUKUMBA,JTM,INSP,"0,15",,2026,,,,,,,,,,,,
101378109,INSPEKSI TIER 1 SEGMEN TG. LAMATTIRILAU.00562-TG.LAMATTIRILAU.00562.L0019,INST1,ULP.32760,4691700,32760.INSPEKSI1,ULP.32760,COMP,ULP SINJAI,,13/08/2026,,BAIK,P_MATUMPU,22/08/2026,,,TND,Agu,UP3 BULUKUMBA,JTM,INSP,"0,95",,2026,,,,,,,,,,,,
101378132,INSPEKSI TIER 1 SEGMEN TG. LAMATTIRILAU.00562-TG.LAMATTIRILAU.00583,INST1,ULP.32760,4691701,32760.INSPEKSI1,ULP.32760,COMP,ULP SINJAI,,13/08/2026,,BAIK,P_MATUMPU,22/08/2026,,,TND,Agu,UP3 BULUKUMBA,JTM,INSP,"1,05",,2026,,,,,,,,,,,,
101378154,INSPEKSI TIER 1 SEGMEN TG. LAMATTIRILAU.00583-TG.LAMATTIRILAU.00583.L0007,INST1,ULP.32760,4691702,32760.INSPEKSI1,ULP.32760,WFOLLOWUP,ULP SINJAI,,13/08/2026,,BURUK,P_MATUMPU,21/08/2026,,,TND,Agu,UP3 BULUKUMBA,JTM,INSP,"0,35",,2026,,,,,,,,,,,,
101378162,INSPEKSI TIER 1 SEGMEN TG.LAMATTIRILAU.00562.L0019-TG.LAMATTIRILAU.00562.L0025,INST1,ULP.32760,4691703,32760.INSPEKSI1,ULP.32760,COMP,ULP SINJAI,,13/08/2026,,BAIK,P_MATUMPU,21/08/2026,,,TND,Agu,UP3 BULUKUMBA,JTM,INSP,"0,30",,2026,,,,,,,,,,,,
101378169,INSPEKSI TIER 1 SEGMEN TG.LAMATTIRILAU.00758.L0043-TG.LAMATTIRILAU.00758.L0043.R0028,INST1,ULP.32760,4691704,32760.INSPEKSI1,ULP.32760,COMP,ULP SINJAI,,13/08/2026,,BAIK,P_MATUMPU,21/08/2026,,,TND,Agu,UP3 BULUKUMBA,JTM,INSP,"1,40",,2026,,,,,,,,,,,,
101378200,INSPEKSI TIER 1 SEGMEN TG.LAMATTIRILAU.00758.L0043-TG.LAMATTIRILAU.00758.L0223,INST1,ULP.32760,4691705,32760.INSPEKSI1,ULP.32760,COMP,ULP SINJAI,,13/08/2026,,BAIK,P_MATUMPU,24/08/2026,,,TND,Agu,UP3 BULUKUMBA,JTM,INSP,"9,00",,2026,,,,,,,,,,,,
101378419,INSPEKSI TIER 1 SEGMEN TG.BTMANAI.00001-TG.BTMANAI.00100,INST1,ULP.32750,4690729,32750.INSPEKSI3,ULP.32750,COMP,ULP SELAYAR,,13/08/2026,,BAIK,P_BONTOMANAI,24/08/2026,,,TND,Agu,UP3 BULUKUMBA,JTM,INSP,"5,55",,2026,,,,,,,,,,,,
101378549,INSPEKSI TIER 1 SEGMEN TG.BTMANAI.00277-TG.BTMANAI.00277.R0021,INST1,ULP.32750,4690736,32750.INSPEKSI3,ULP.32750,COMP,ULP SELAYAR,,13/08/2026,,BAIK,P_BONTOMANAI,24/08/2026,,,TND,Agu,UP3 BULUKUMBA,JTM,INSP,"1,05",,2026,,,,,,,,,,,,
101378571,INSPEKSI TIER 1 SEGMEN TG.BTMANAI.00277-TG.BTMANAI.00349,INST1,ULP.32750,4690737,32750.INSPEKSI3,ULP.32750,WFOLLOWUP,ULP SELAYAR,,13/08/2026,,BURUK,P_BONTOMANAI,24/08/2026,,,TND,Agu,UP3 BULUKUMBA,JTM,INSP,"3,55",,2026,,,,,,,,,,,,
101378651,INSPEKSI TIER 1 SEGMEN TG.BTMANAI.00349-TG.BTMANAI.00349.L0037,INST1,ULP.32750,4690738,32750.INSPEKSI3,ULP.32750,WFCOMP,ULP SELAYAR,,13/08/2026,,BAIK,P_BONTOMANAI,27/08/2026,,,TND,Agu,UP3 BULUKUMBA,JTM,INSP,"1,85",,2026,,,,,,,,,,,,
101384055,Perbaikan/Pergantian INSPEKSI TIER 1 BR15033,INST1,GD01.06301679,,32750.INSPEKSI1,ULP.32750,WINSP,ULP SELAYAR,,14/08/2026,,,P_BONTOMATENE,24/08/2026,,100914621,TND,Agu,UP3 BULUKUMBA,GD,TL,"0,00",,2026,,,,,,,,,,,,
101390086,Perbaikan/Pergantian INSPEKSI TIER 1 BL00108,INST1,GD01.06302094,,32710.INSPEKSI2,ULP.32710,WINSP,ULP PANRITA LOPI,,14/08/2026,,,P_SAPIRIA,19/08/2026,,101104762,TND,Agu,UP3 BULUKUMBA,GD,TL,"0,00",,2026,,,,,,,,,,,,
101390219,Perbaikan/Pergantian INSPEKSI TIER 1 BL00054,INST1,GD01.06302120,,32710.INSPEKSI2,ULP.32710,WINSP,ULP PANRITA LOPI,,14/08/2026,,,P_SAPIRIA,19/08/2026,,101104899,TND,Agu,UP3 BULUKUMBA,GD,TL,"0,00",,2026,,,,,,,,,,,,
101400339,INSPEKSI TIER 1 SEGMEN TG.LAMATTIRILAU.00758-TG.LAMATTIRILAU.00758.L0043,INST1,ULP.32760,4691706,32760.INSPEKSI1,ULP.32760,COMP,ULP SINJAI,,14/08/2026,,BAIK,P_MATUMPU,21/08/2026,,,TND,Agu,UP3 BULUKUMBA,JTM,INSP,"2,15",,2026,,,,,,,,,,,,
101423580,Perbaikan/Pergantian INSPEKSI TIER 1 SEGMEN TG.KALUMPANG.00341-TG.KALUMPANG.00401,INST1,ULP.32720,4691051,32720.INSPEKSI3,ULP.32720,COMP,ULP KALUMPANG,,17/08/2026,,BAIK,P_SAPOLOHE,27/08/2026,,99413430,TND,Agu,UP3 BULUKUMBA,JTM,TL,"2,90",,2026,,,,,,,,,,,,
101423582,Perbaikan/Pergantian INSPEKSI TIER 1 SEGMEN TG.TANUNTUNG.00210-TG.TANUNTUNG.00272,INST1,ULP.32720,4691074,32720.INSPEKSI3,ULP.32720,COMP,ULP KALUMPANG,,17/08/2026,,BAIK,P_SAPOLOHE,27/08/2026,,99413662,TND,Agu,UP3 BULUKUMBA,JTM,TL,"3,05",,2026,,,,,,,,,,,,
101423584,Perbaikan/Pergantian INSPEKSI TIER 1 BK58705,INST1,GD01.06300802,,32720.INSPEKSI3,ULP.32720,COMP,ULP KALUMPANG,,17/08/2026,,KURANG,P_SAPOLOHE,27/08/2026,,100034892,TND,Agu,UP3 BULUKUMBA,GD,TL,"0,00",,2026,,,,,,,,,,,,
101423589,Perbaikan/Pergantian INSPEKSI TIER 1 BK58709,INST1,GD01.06300806,,32720.INSPEKSI3,ULP.32720,COMP,ULP KALUMPANG,,17/08/2026,,KURANG,P_SAPOLOHE,27/08/2026,,100034946,TND,Agu,UP3 BULUKUMBA,GD,TL,"0,00",,2026,,,,,,,,,,,,
101423614,Perbaikan/Pergantian INSPEKSI TIER 1 BK58711,INST1,GD01.06300808,,32720.INSPEKSI3,ULP.32720,COMP,ULP KALUMPANG,,17/08/2026,,KURANG,P_SAPOLOHE,27/08/2026,,100035278,TND,Agu,UP3 BULUKUMBA,GD,TL,"0,00",,2026,,,,,,,,,,,,
101423619,Perbaikan/Pergantian INSPEKSI TIER 1 BK58712,INST1,GD01.06300809,,32720.INSPEKSI3,ULP.32720,COMP,ULP KALUMPANG,,17/08/2026,,KURANG,P_SAPOLOHE,27/08/2026,,100035407,TND,Agu,UP3 BULUKUMBA,GD,TL,"0,00",,2026,,,,,,,,,,,,
101423624,Perbaikan/Pergantian INSPEKSI TIER 1 BK58721,INST1,GD01.06300819,,32720.INSPEKSI3,ULP.32720,COMP,ULP KALUMPANG,,17/08/2026,,KURANG,P_SAPOLOHE,27/08/2026,,100035544,TND,Agu,UP3 BULUKUMBA,GD,TL,"0,00",,2026,,,,,,,,,,,,
101423629,Perbaikan/Pergantian INSPEKSI TIER 1 BK57349,INST1,GD01.06300838,,32720.INSPEKSI3,ULP.32720,COMP,ULP KALUMPANG,,17/08/2026,,KURANG,P_SAPOLOHE,27/08/2026,,100036356,TND,Agu,UP3 BULUKUMBA,GD,TL,"0,00",,2026,,,,,,,,,,,,
101423634,Perbaikan/Pergantian INSPEKSI TIER 1 BK57336,INST1,GD01.06300824,,32720.INSPEKSI3,ULP.32720,COMP,ULP KALUMPANG,,17/08/2026,,KURANG,P_SAPOLOHE,27/08/2026,,100035628,TND,Agu,UP3 BULUKUMBA,GD,TL,"0,00",,2026,,,,,,,,,,,,
101423639,Perbaikan/Pergantian INSPEKSI TIER 1 BK57368,INST1,GD01.06300857,,32720.INSPEKSI3,ULP.32720,COMP,ULP KALUMPANG,,17/08/2026,,KURANG,P_SAPOLOHE,27/08/2026,,100434369,TND,Agu,UP3 BULUKUMBA,GD,TL,"0,00",,2026,,,,,,,,,,,,
101423646,Perbaikan/Pergantian INSPEKSI TIER 1 BK57366,INST1,GD01.06300855,,32720.INSPEKSI3,ULP.32720,COMP,ULP KALUMPANG,,17/08/2026,,KURANG,P_SAPOLOHE,27/08/2026,,100434104,TND,Agu,UP3 BULUKUMBA,GD,TL,"0,00",,2026,,,,,,,,,,,,
101423690,Perbaikan/Pergantian INSPEKSI TIER 1 BK57370,INST1,GD01.06300859,,32720.INSPEKSI3,ULP.32720,COMP,ULP KALUMPANG,,17/08/2026,,KURANG,P_SAPOLOHE,27/08/2026,,100434651,TND,Agu,UP3 BULUKUMBA,GD,TL,"0,00",,2026,,,,,,,,,,,,
101423695,Perbaikan/Pergantian INSPEKSI TIER 1 BK57371,INST1,GD01.06300860,,32720.INSPEKSI3,ULP.32720,COMP,ULP KALUMPANG,,17/08/2026,,KURANG,P_SAPOLOHE,27/08/2026,,100434837,TND,Agu,UP3 BULUKUMBA,GD,TL,"0,00",,2026,,,,,,,,,,,,
101423739,Perbaikan/Pergantian INSPEKSI TIER 1 BK57372,INST1,GD01.06300861,,32720.INSPEKSI3,ULP.32720,COMP,ULP KALUMPANG,,17/08/2026,,KURANG,P_SAPOLOHE,27/08/2026,,100434991,TND,Agu,UP3 BULUKUMBA,GD,TL,"0,00",,2026,,,,,,,,,,,,
101423762,Perbaikan/Pergantian INSPEKSI TIER 1 BK57405,INST1,GD01.06300893,,32720.INSPEKSI3,ULP.32720,COMP,ULP KALUMPANG,,17/08/2026,,KURANG,P_SAPOLOHE,27/08/2026,,100973127,TND,Agu,UP3 BULUKUMBA,GD,TL,"0,00",,2026,,,,,,,,,,,,
101424207,Perbaikan/Pergantian INSPEKSI TIER 1 BT50008,INST1,GD01.06300491,,32770.INSPEKSI1,ULP.32770,COMP,ULP TANETE,,17/08/2026,,KURANG,P_BINTARORE,27/08/2026,,100916795,TND,Agu,UP3 BULUKUMBA,GD,TL,"0,00",,2026,,,,,,,,,,,,
101424212,Perbaikan/Pergantian INSPEKSI TIER 1 BT50034,INST1,GD01.06300525,,32770.INSPEKSI1,ULP.32770,COMP,ULP TANETE,,17/08/2026,,KURANG,P_BINTARORE,27/08/2026,,100917000,TND,Agu,UP3 BULUKUMBA,GD,TL,"0,00",,2026,,,,,,,,,,,,
101424383,Perbaikan/Pergantian INSPEKSI TIER 1 BT50036,INST1,GD01.06300527,,32770.INSPEKSI1,ULP.32770,COMP,ULP TANETE,,17/08/2026,,KURANG,P_BINTARORE,24/08/2026,,100917018,TND,Agu,UP3 BULUKUMBA,GD,TL,"0,00",,2026,,,,,,,,,,,,
101424388,Perbaikan/Pergantian INSPEKSI TIER 1 BT50043,INST1,GD01.06300534,,32770.INSPEKSI1,ULP.32770,COMP,ULP TANETE,,17/08/2026,,KURANG,P_BINTARORE,27/08/2026,,100917122,TND,Agu,UP3 BULUKUMBA,GD,TL,"0,00",,2026,,,,,,,,,,,,
101424403,Perbaikan/Pergantian INSPEKSI TIER 1 BT50084,INST1,GD01.06300517,,32770.INSPEKSI1,ULP.32770,COMP,ULP TANETE,,17/08/2026,,KURANG,P_BINTARORE,27/08/2026,,100916914,TND,Agu,UP3 BULUKUMBA,GD,TL,"0,00",,2026,,,,,,,,,,,,
101424408,Perbaikan/Pergantian INSPEKSI TIER 1 BT50083,INST1,GD01.06300516,,32770.INSPEKSI1,ULP.32770,COMP,ULP TANETE,,17/08/2026,,KURANG,P_BINTARORE,27/08/2026,,100916905,TND,Agu,UP3 BULUKUMBA,GD,TL,"0,00",,2026,,,,,,,,,,,,
101424413,Perbaikan/Pergantian INSPEKSI TIER 1 BT50082,INST1,GD01.06300515,,32770.INSPEKSI1,ULP.32770,COMP,ULP TANETE,,17/08/2026,,CUKUP,P_BINTARORE,27/08/2026,,100916895,TND,Agu,UP3 BULUKUMBA,GD,TL,"0,00",,2026,,,,,,,,,,,,
101424470,Perbaikan/Pergantian INSPEKSI TIER 1 SEGMEN TG.KAJANG.00226-TG.KAJANG.00287,INST1,ULP.32770,4690911,32770.INSPEKSI3,ULP.32770,COMP,ULP TANETE,,17/08/2026,,BAIK,P_BINTARORE,18/08/2026,,101351923,TND,Agu,UP3 BULUKUMBA,JTM,TL,"2,70",,2026,,,,,,,,,,,,
101424473,Perbaikan/Pergantian INSPEKSI TIER 1 BT08514,INST1,GD01.06300469,,32770.INSPEKSI1,ULP.32770,COMP,ULP TANETE,,17/08/2026,,KURANG,P_BINTARORE,24/08/2026,,100236088,TND,Agu,UP3 BULUKUMBA,GD,TL,"0,00",,2026,,,,,,,,,,,,
101424478,Perbaikan/Pergantian INSPEKSI TIER 1 BT01515,INST1,GD01.06300441,,32770.INSPEKSI1,ULP.32770,COMP,ULP TANETE,,17/08/2026,,KURANG,P_BINTARORE,21/08/2026,,100233855,TND,Agu,UP3 BULUKUMBA,GD,TL,"0,00",,2026,,,,,,,,,,,,
101424493,Perbaikan/Pergantian INSPEKSI TIER 1 BT01520,INST1,GD01.06300457,,32770.INSPEKSI1,ULP.32770,COMP,ULP TANETE,,17/08/2026,,KURANG,P_BINTARORE,27/08/2026,,100233946,TND,Agu,UP3 BULUKUMBA,GD,TL,"0,00",,2026,,,,,,,,,,,,
101424498,Perbaikan/Pergantian INSPEKSI TIER 1 BT01519,INST1,GD01.06300456,,32770.INSPEKSI1,ULP.32770,COMP,ULP TANETE,,17/08/2026,8/18/26 5:22 PM,KURANG,P_BINTARORE,21/08/2026,,100233932,TND,Agu,UP3 BULUKUMBA,GD,TL,"0,00",,2026,,,,,,,,,,,,
101424535,Perbaikan/Pergantian INSPEKSI TIER 1 BT52902,INST1,GD01.06300462,,32770.INSPEKSI1,ULP.32770,COMP,ULP TANETE,,17/08/2026,8/18/26 5:21 PM,KURANG,P_BINTARORE,21/08/2026,,100234020,TND,Agu,UP3 BULUKUMBA,GD,TL,"0,00",,2026,,,,,,,,,,,,
101424538,Perbaikan/Pergantian INSPEKSI TIER 1 BT52903,INST1,GD01.06300463,,32770.INSPEKSI1,ULP.32770,COMP,ULP TANETE,,17/08/2026,8/18/26 5:21 PM,KURANG,P_BINTARORE,21/08/2026,,100234059,TND,Agu,UP3 BULUKUMBA,GD,TL,"0,00",,2026,,,,,,,,,,,,
101424541,Perbaikan/Pergantian INSPEKSI TIER 1 BT52905,INST1,GD01.06300465,,32770.INSPEKSI1,ULP.32770,COMP,ULP TANETE,,17/08/2026,8/18/26 5:20 PM,KURANG,P_BINTARORE,21/08/2026,,100234558,TND,Agu,UP3 BULUKUMBA,GD,TL,"0,00",,2026,,,,,,,,,,,,
101424549,Perbaikan/Pergantian INSPEKSI TIER 1 BT08509,INST1,GD01.06300474,,32770.INSPEKSI1,ULP.32770,COMP,ULP TANETE,,17/08/2026,8/18/26 5:19 PM,KURANG,P_BINTARORE,27/08/2026,,100236958,TND,Agu,UP3 BULUKUMBA,GD,TL,"0,00",,2026,,,,,,,,,,,,
101424554,Perbaikan/Pergantian INSPEKSI TIER 1 BT08505,INST1,GD01.06300478,,32770.INSPEKSI1,ULP.32770,COMP,ULP TANETE,,17/08/2026,8/18/26 5:19 PM,KURANG,P_BINTARORE,21/08/2026,,100237237,TND,Agu,UP3 BULUKUMBA,GD,TL,"0,00",,2026,,,,,,,,,,,,
101425061,INSPEKSI TIER 1 SEGMEN TG.BANYORANG.00261.L0019-TG.BANYORANG.00261.L0019.R0002,INST1,ULP.32740,4692096,32740.INSPEKSI3,ULP.32740,COMP,ULP BANTAENG,,17/08/2026,,BAIK,P_LEMBANG,21/08/2026,,,TND,Agu,UP3 BULUKUMBA,JTM,INSP,"0,10",,2026,,,,,,,,,,,,
101425064,INSPEKSI TIER 1 SEGMEN TG.BANYORANG.00261-TG.BANYORANG.00261.L0085,INST1,ULP.32740,4692097,32740.INSPEKSI3,ULP.32740,COMP,ULP BANTAENG,,17/08/2026,,BAIK,P_LEMBANG,21/08/2026,,,TND,Agu,UP3 BULUKUMBA,JTM,INSP,"3,30",,2026,,,,,,,,,,,,
101425143,INSPEKSI TIER 1 SEGMEN TG.BANYORANG.00261-TG.BANYORANG.00294,INST1,ULP.32740,4692098,32740.INSPEKSI3,ULP.32740,COMP,ULP BANTAENG,,17/08/2026,,BAIK,P_LEMBANG,20/08/2026,,,TND,Agu,UP3 BULUKUMBA,JTM,INSP,"1,65",,2026,,,,,,,,,,,,
101425180,INSPEKSI TIER 1 SEGMEN TG.BANYORANG.00294-TG.BANYORANG.00294.L0023,INST1,ULP.32740,4692099,32740.INSPEKSI3,ULP.32740,COMP,ULP BANTAENG,,17/08/2026,,BAIK,P_LEMBANG,20/08/2026,,,TND,Agu,UP3 BULUKUMBA,JTM,INSP,"1,15",,2026,,,,,,,,,,,,
101425214,INSPEKSI TIER 1 SEGMEN TG.BANYORANG.00294-TG.BANYORANG.00301,INST1,ULP.32740,4692100,32740.INSPEKSI3,ULP.32740,COMP,ULP BANTAENG,,17/08/2026,,BAIK,P_LEMBANG,20/08/2026,,,TND,Agu,UP3 BULUKUMBA,JTM,INSP,"0,35",,2026,,,,,,,,,,,,
101425235,INSPEKSI TIER 1 SEGMEN TG.BANYORANG.00301-TG.BANYORANG.00301.L0020,INST1,ULP.32740,4692101,32740.INSPEKSI3,ULP.32740,COMP,ULP BANTAENG,,17/08/2026,,BAIK,P_LEMBANG,21/08/2026,,,TND,Agu,UP3 BULUKUMBA,JTM,INSP,"1,00",,2026,,,,,,,,,,,,
101425266,INSPEKSI TIER 1 SEGMEN TG.BANYORANG.00301-TG.BANYORANG.00313,INST1,ULP.32740,4692102,32740.INSPEKSI3,ULP.32740,COMP,ULP BANTAENG,,17/08/2026,,BAIK,P_LEMBANG,20/08/2026,,,TND,Agu,UP3 BULUKUMBA,JTM,INSP,"0,60",,2026,,,,,,,,,,,,
101425289,INSPEKSI TIER 1 SEGMEN TG.BANYORANG.00313.L0004-TG.BANYORANG.00313.L0004.L0007,INST1,ULP.32740,4692103,32740.INSPEKSI3,ULP.32740,COMP,ULP BANTAENG,,17/08/2026,,BAIK,P_LEMBANG,20/08/2026,,,TND,Agu,UP3 BULUKUMBA,JTM,INSP,"0,35",,2026,,,,,,,,,,,,
101425297,INSPEKSI TIER 1 SEGMEN TG.BANYORANG.00313-TG.BANYORANG.00313.L0008,INST1,ULP.32740,4692104,32740.INSPEKSI3,ULP.32740,COMP,ULP BANTAENG,,17/08/2026,,BAIK,P_LEMBANG,20/08/2026,,,TND,Agu,UP3 BULUKUMBA,JTM,INSP,"0,20",,2026,,,,,,,,,,,,
101425312,INSPEKSI TIER 1 SEGMEN TG.BANYORANG.00313-TG.BANYORANG.00326,INST1,ULP.32740,4692105,32740.INSPEKSI3,ULP.32740,COMP,ULP BANTAENG,,17/08/2026,,BAIK,P_LEMBANG,20/08/2026,,,TND,Agu,UP3 BULUKUMBA,JTM,INSP,"0,65",,2026,,,,,,,,,,,,
101425329,INSPEKSI TIER 1 SEGMEN TG.BANYORANG.00326.L0045-TG.BANYORANG.00326.L0045.R0004,INST1,ULP.32740,4692106,32740.INSPEKSI3,ULP.32740,COMP,ULP BANTAENG,,17/08/2026,,BAIK,P_LEMBANG,21/08/2026,,,TND,Agu,UP3 BULUKUMBA,JTM,INSP,"0,20",,2026,,,,,,,,,,,,
101425334,INSPEKSI TIER 1 SEGMEN TG.BANYORANG.00326-TG.BANYORANG.00326.L0104,INST1,ULP.32740,4692107,32740.INSPEKSI3,ULP.32740,COMP,ULP BANTAENG,,17/08/2026,,BAIK,P_LEMBANG,21/08/2026,,,TND,Agu,UP3 BULUKUMBA,JTM,INSP,"2,95",,2026,,,,,,,,,,,,
101425404,INSPEKSI TIER 1 SEGMEN TG.BANYORANG.00326-TG.BANYORANG.00363,INST1,ULP.32740,4692108,32740.INSPEKSI3,ULP.32740,COMP,ULP BANTAENG,,17/08/2026,,BAIK,P_LEMBANG,20/08/2026,,,TND,Agu,UP3 BULUKUMBA,JTM,INSP,"1,85",,2026,,,,,,,,,,,,
101425444,INSPEKSI TIER 1 SEGMEN TG.BANYORANG.00031-TG.BANYORANG.00031.R0004,INST1,ULP.32740,4692109,32740.INSPEKSI3,ULP.32740,COMP,ULP BANTAENG,,17/08/2026,,BAIK,P_LEMBANG,20/08/2026,,,TND,Agu,UP3 BULUKUMBA,JTM,INSP,"0,20",,2026,,,,,,,,,,,,
101425457,INSPEKSI TIER 1 SEGMEN TG.BANYORANG.00031-TG.BANYORANG.00031.R0015,INST1,ULP.32740,4692110,32740.INSPEKSI3,ULP.32740,WREVIEW,ULP BANTAENG,,17/08/2026,,,P_LEMBANG,20/08/2026,,,TND,Agu,UP3 BULUKUMBA,JTM,INSP,"0,55",,2026,,,,,,,,,,,,
101425470,INSPEKSI TIER 1 SEGMEN TG.BANYORANG.00181-TG.BANYORANG.00181.R0011,INST1,ULP.32740,4692111,32740.INSPEKSI3,ULP.32740,WREVIEW,ULP BANTAENG,,17/08/2026,,,P_LEMBANG,20/08/2026,,,TND,Agu,UP3 BULUKUMBA,JTM,INSP,"0,55",,2026,,,,,,,,,,,,
101425482,INSPEKSI TIER 1 SEGMEN TG.BANYORANG.00181-TG.BANYORANG.00181.R0030,INST1,ULP.32740,4692112,32740.INSPEKSI3,ULP.32740,WREVIEW,ULP BANTAENG,,17/08/2026,,,P_LEMBANG,20/08/2026,,,TND,Agu,UP3 BULUKUMBA,JTM,INSP,"0,95",,2026,,,,,,,,,,,,
101425505,INSPEKSI TIER 1 SEGMEN TG.BANYORANG.00181-TG.BANYORANG.00181.R0057,INST1,ULP.32740,4692113,32740.INSPEKSI3,ULP.32740,WREVIEW,ULP BANTAENG,,17/08/2026,,,P_LEMBANG,20/08/2026,,,TND,Agu,UP3 BULUKUMBA,JTM,INSP,"1,35",,2026,,,,,,,,,,,,
101425536,INSPEKSI TIER 1 SEGMEN TG.BANYORANG.00181-TG.BANYORANG.00181.R0106,INST1,ULP.32740,4692114,32740.INSPEKSI3,ULP.32740,COMP,ULP BANTAENG,,17/08/2026,,BAIK,P_LEMBANG,20/08/2026,,,TND,Agu,UP3 BULUKUMBA,JTM,INSP,"2,45",,2026,,,,,,,,,,,,
101425589,INSPEKSI TIER 1 SEGMEN TG.BANYORANG.00261-TG.BANYORANG.00261.L0019,INST1,ULP.32740,4692115,32740.INSPEKSI3,ULP.32740,COMP,ULP BANTAENG,,17/08/2026,,BAIK,P_LEMBANG,21/08/2026,,,TND,Agu,UP3 BULUKUMBA,JTM,INSP,"0,95",,2026,,,,,,,,,,,,
101425609,INSPEKSI TIER 1 SEGMEN TG.BANYORANG.00313-TG.BANYORANG.00313.L0004,INST1,ULP.32740,4692116,32740.INSPEKSI3,ULP.32740,COMP,ULP BANTAENG,,17/08/2026,,BAIK,P_LEMBANG,20/08/2026,,,TND,Agu,UP3 BULUKUMBA,JTM,INSP,"0,20",,2026,,,,,,,,,,,,
101425614,INSPEKSI TIER 1 SEGMEN TG.BANYORANG.00326-TG.BANYORANG.00326.L0045,INST1,ULP.32740,4692117,32740.INSPEKSI3,ULP.32740,COMP,ULP BANTAENG,,17/08/2026,,BAIK,P_LEMBANG,20/08/2026,,,TND,Agu,UP3 BULUKUMBA,JTM,INSP,"2,25",,2026,,,,,,,,,,,,
101425660,INSPEKSI TIER 1 SEGMEN TG.KOTA.00064-TG.KOTA.00064.L02,INST1,ULP.32740,89670390,32740.INSPEKSI3,ULP.32740,COMP,ULP BANTAENG,,17/08/2026,,,P_LEMBANG,21/08/2026,,,TND,Agu,UP3 BULUKUMBA,JTM,INSP,"0,06",,2026,,,,,,,,,,,,
101425662,INSPEKSI TIER 1 SEGMEN PERUMAHAN BTN GRAHA 45 RESIDENCE,INST1,ULP.32740,90559522,32740.INSPEKSI3,ULP.32740,COMP,ULP BANTAENG,,17/08/2026,,,P_LEMBANG,21/08/2026,,,TND,Agu,UP3 BULUKUMBA,JTM,INSP,"0,31",,2026,,,,,,,,,,,,
101425664,INSPEKSI TIER 1 SEGMEN BTN TANETEA MAS 2,INST1,ULP.32740,90559591,32740.INSPEKSI3,ULP.32740,COMP,ULP BANTAENG,,17/08/2026,,,P_LEMBANG,21/08/2026,,,TND,Agu,UP3 BULUKUMBA,JTM,INSP,"0,22",,2026,,,,,,,,,,,,
101425666,INSPEKSI TIER 1 SEGMEN SUTM F. ELANG LOKASI SIMPANG 5 SD JL POROS KP ALLU ULP BANNTAENG UP3 BULUKUMBA,INST1,ULP.32740,91034697,32740.INSPEKSI3,ULP.32740,COMP,ULP BANTAENG,,17/08/2026,,,P_LEMBANG,21/08/2026,,,TND,Agu,UP3 BULUKUMBA,JTM,INSP,"1,75",,2026,,,,,,,,,,,,
101427325,Perbaikan/Pergantian INSPEKSI TIER 1 BJ63702,INST1,GD01.06300992,,32730.INSPEKSI1,ULP.32730,WINSP,ULP JENEPONTO,,18/08/2026,,,P_PASAR KARISA,18/08/2026,,100291004,TND,Agu,UP3 BULUKUMBA,GD,TL,"0,00",,2026,,,,,,,,,,,,
101427381,Perbaikan/Pergantian INSPEKSI TIER 1 BJ63704,INST1,GD01.06300994,,32730.INSPEKSI1,ULP.32730,WINSP,ULP JENEPONTO,,18/08/2026,,,P_PASAR KARISA,18/08/2026,,100435914,TND,Agu,UP3 BULUKUMBA,GD,TL,"0,00",,2026,,,,,,,,,,,,
101427398,Perbaikan/Pergantian INSPEKSI TIER 1 BJ63705,INST1,GD01.06300995,,32730.INSPEKSI1,ULP.32730,WINSP,ULP JENEPONTO,,18/08/2026,,,P_PASAR KARISA,18/08/2026,,100436214,TND,Agu,UP3 BULUKUMBA,GD,TL,"0,00",,2026,,,,,,,,,,,,
101427482,Perbaikan/Pergantian INSPEKSI TIER 1 BJ11001,INST1,GD01.06301018,,32730.INSPEKSI1,ULP.32730,WINSP,ULP JENEPONTO,,18/08/2026,,,P_BATANG,18/08/2026,,100917277,TND,Agu,UP3 BULUKUMBA,GD,TL,"0,00",,2026,,,,,,,,,,,,
101427597,Perbaikan/Pergantian INSPEKSI TIER 1 BJ11003,INST1,GD01.06301020,,32730.INSPEKSI1,ULP.32730,WINSP,ULP JENEPONTO,,18/08/2026,,,P_BATANG,18/08/2026,,100917288,TND,Agu,UP3 BULUKUMBA,GD,TL,"0,00",,2026,,,,,,,,,,,,
101427841,Perbaikan/Pergantian INSPEKSI TIER 1 BJ11004,INST1,GD01.06301021,,32730.INSPEKSI1,ULP.32730,WINSP,ULP JENEPONTO,,18/08/2026,,,P_BATANG,18/08/2026,,100917299,TND,Agu,UP3 BULUKUMBA,GD,TL,"0,00",,2026,,,,,,,,,,,,
101427846,Perbaikan/Pergantian INSPEKSI TIER 1 BJ11005,INST1,GD01.06301022,,32730.INSPEKSI1,ULP.32730,WINSP,ULP JENEPONTO,,18/08/2026,,,P_BATANG,18/08/2026,,100917310,TND,Agu,UP3 BULUKUMBA,GD,TL,"0,00",,2026,,,,,,,,,,,,
101427854,Perbaikan/Pergantian INSPEKSI TIER 1 BJ11006,INST1,GD01.06301023,,32730.INSPEKSI1,ULP.32730,WINSP,ULP JENEPONTO,,18/08/2026,,,P_BATANG,18/08/2026,,100917319,TND,Agu,UP3 BULUKUMBA,GD,TL,"0,00",,2026,,,,,,,,,,,,
101427859,Perbaikan/Pergantian INSPEKSI TIER 1 BJ11007,INST1,GD01.06301024,,32730.INSPEKSI1,ULP.32730,WINSP,ULP JENEPONTO,,18/08/2026,,,P_BATANG,18/08/2026,,100917328,TND,Agu,UP3 BULUKUMBA,GD,TL,"0,00",,2026,,,,,,,,,,,,
101427872,Perbaikan/Pergantian INSPEKSI TIER 1 BJ11008,INST1,GD01.06301025,,32730.INSPEKSI1,ULP.32730,WINSP,ULP JENEPONTO,,18/08/2026,,,P_BATANG,18/08/2026,,100917337,TND,Agu,UP3 BULUKUMBA,GD,TL,"0,00",,2026,,,,,,,,,,,,
101427877,Perbaikan/Pergantian INSPEKSI TIER 1 BJ11009,INST1,GD01.06301026,,32730.INSPEKSI1,ULP.32730,WINSP,ULP JENEPONTO,,18/08/2026,,,P_BATANG,18/08/2026,,100917346,TND,Agu,UP3 BULUKUMBA,GD,TL,"0,00",,2026,,,,,,,,,,,,
101427894,Perbaikan/Pergantian INSPEKSI TIER 1 BJ11012,INST1,GD01.06301029,,32730.INSPEKSI1,ULP.32730,WINSP,ULP JENEPONTO,,18/08/2026,,,P_BATANG,18/08/2026,,100917373,TND,Agu,UP3 BULUKUMBA,GD,TL,"0,00",,2026,,,,,,,,,,,,
101427899,Perbaikan/Pergantian INSPEKSI TIER 1 BJ11013,INST1,GD01.06301030,,32730.INSPEKSI1,ULP.32730,WINSP,ULP JENEPONTO,,18/08/2026,,,P_BATANG,18/08/2026,,100917396,TND,Agu,UP3 BULUKUMBA,GD,TL,"0,00",,2026,,,,,,,,,,,,
101427904,Perbaikan/Pergantian INSPEKSI TIER 1 BJ11015,INST1,GD01.06301032,,32730.INSPEKSI1,ULP.32730,WINSP,ULP JENEPONTO,,18/08/2026,,,P_BATANG,18/08/2026,,100917496,TND,Agu,UP3 BULUKUMBA,GD,TL,"0,00",,2026,,,,,,,,,,,,
101427912,Perbaikan/Pergantian INSPEKSI TIER 1 BJ11016,INST1,GD01.06301033,,32730.INSPEKSI1,ULP.32730,WINSP,ULP JENEPONTO,,18/08/2026,,,P_BATANG,18/08/2026,,100917505,TND,Agu,UP3 BULUKUMBA,GD,TL,"0,00",,2026,,,,,,,,,,,,
101427917,Perbaikan/Pergantian INSPEKSI TIER 1 BJ11017,INST1,GD01.06301034,,32730.INSPEKSI1,ULP.32730,WINSP,ULP JENEPONTO,,18/08/2026,,,P_BATANG,18/08/2026,,100917514,TND,Agu,UP3 BULUKUMBA,GD,TL,"0,00",,2026,,,,,,,,,,,,
101434524,INSPEKSI TIER 1 SEGMEN TG.ULOE.00176-TG.ULOE.00176.L0047,INST1,ULP.32770,4690932,32770.INSPEKSI3,ULP.32770,COMP,ULP TANETE,,18/08/2026,8/18/26 9:45 AM,BAIK,P_UJUNGLOE,20/08/2026,,,TND,Agu,UP3 BULUKUMBA,JTM,INSP,"2,35",,2026,,,,,,,,,,,,
101434837,INSPEKSI TIER 1 SEGMEN TG.ULOE.00198-LBS.TAMBANGAN.Z,INST1,ULP.32770,4690935,32770.INSPEKSI3,ULP.32770,COMP,ULP TANETE,,18/08/2026,8/18/26 9:46 AM,BAIK,P_UJUNGLOE,20/08/2026,,,TND,Agu,UP3 BULUKUMBA,JTM,INSP,"2,65",,2026,,,,,,,,,,,,
101435943,INSPEKSI TIER 1 SEGMEN TG.ULOE.00198.L0074-TG.ULOE.00198.L0074.L0044,INST1,ULP.32770,4690938,32770.INSPEKSI3,ULP.32770,COMP,ULP TANETE,,18/08/2026,8/18/26 9:46 AM,BAIK,P_UJUNGLOE,20/08/2026,,,TND,Agu,UP3 BULUKUMBA,JTM,INSP,"2,25",,2026,,,,,,,,,,,,
101436097,INSPEKSI TIER 1 SEGMEN TG.ULOE.00198.L0079-TG.ULOE.00198.L0120,INST1,ULP.32770,4690943,32770.INSPEKSI3,ULP.32770,COMP,ULP TANETE,,18/08/2026,8/18/26 9:47 AM,BAIK,P_UJUNGLOE,20/08/2026,,,TND,Agu,UP3 BULUKUMBA,JTM,INSP,"2,10",,2026,,,,,,,,,,,,
101436428,INSPEKSI TIER 1 SEGMEN TG.ULOE.00198.L0120-TG.ULOE.00198.L0184,INST1,ULP.32770,4690945,32770.INSPEKSI3,ULP.32770,COMP,ULP TANETE,,18/08/2026,8/18/26 9:47 AM,BAIK,P_UJUNGLOE,20/08/2026,,,TND,Agu,UP3 BULUKUMBA,JTM,INSP,"3,35",,2026,,,,,,,,,,,,
101437080,INSPEKSI TIER 1 SEGMEN TG.ULOE.00198.L0184.L0040-TG.ULOE.00198.L0184.L0097,INST1,ULP.32770,4690949,32770.INSPEKSI3,ULP.32770,WFCOMP,ULP TANETE,,18/08/2026,8/18/26 9:47 AM,BAIK,P_UJUNGLOE,28/08/2026,,,TND,Agu,UP3 BULUKUMBA,JTM,INSP,"3,15",,2026,,,,,,,,,,,,
101437221,INSPEKSI TIER 1 SEGMEN TG.ULOE.00198.L0184-TG.ULOE.00198.L0228,INST1,ULP.32770,4690950,32770.INSPEKSI3,ULP.32770,WFCOMP,ULP TANETE,,18/08/2026,8/18/26 9:48 AM,BAIK,P_UJUNGLOE,20/08/2026,,,TND,Agu,UP3 BULUKUMBA,JTM,INSP,"2,20",,2026,,,,,,,,,,,,
101437305,INSPEKSI TIER 1 SEGMEN TG.ULOE.00237-TG.ULOE.00237.R0044,INST1,ULP.32770,4690952,32770.INSPEKSI3,ULP.32770,COMP,ULP TANETE,,18/08/2026,8/18/26 9:48 AM,BAIK,P_UJUNGLOE,19/08/2026,,,TND,Agu,UP3 BULUKUMBA,JTM,INSP,"2,20",,2026,,,,,,,,,,,,
101437388,INSPEKSI TIER 1 SEGMEN TG.ULOE.00237-TG.ULOE.00301,INST1,ULP.32770,4690953,32770.INSPEKSI3,ULP.32770,COMP,ULP TANETE,,18/08/2026,8/18/26 9:49 AM,KURANG,P_UJUNGLOE,20/08/2026,,,TND,Agu,UP3 BULUKUMBA,JTM,INSP,"3,30",,2026,,,,,,,,,,,,
101437540,INSPEKSI TIER 1 SEGMEN TG.ULOE.00338-TG.ULOE.00399,INST1,ULP.32770,4690957,32770.INSPEKSI3,ULP.32770,COMP,ULP TANETE,,18/08/2026,8/18/26 9:49 AM,BAIK,P_UJUNGLOE,19/08/2026,,,TND,Agu,UP3 BULUKUMBA,JTM,INSP,"2,70",,2026,,,,,,,,,,,,
101437708,INSPEKSI TIER 1 SEGMEN TG.ULOE.00399-TG.ULOE.00458,INST1,ULP.32770,4690959,32770.INSPEKSI3,ULP.32770,COMP,ULP TANETE,,18/08/2026,8/18/26 9:49 AM,BAIK,P_UJUNGLOE,19/08/2026,,,TND,Agu,UP3 BULUKUMBA,JTM,INSP,"2,80",,2026,,,,,,,,,,,,
101438225,INSPEKSI TIER 1 SEGMEN TG.ULOE.00328.R0014-TG.ULOE.00328.R0058,INST1,ULP.32770,4690969,32770.INSPEKSI3,ULP.32770,COMP,ULP TANETE,,18/08/2026,8/18/26 9:50 AM,BAIK,P_UJUNGLOE,19/08/2026,,,TND,Agu,UP3 BULUKUMBA,JTM,INSP,"2,40",,2026,,,,,,,,,,,,
101438443,INSPEKSI TIER 1 SEGMEN TG.ULOE.00328.R0058-TG.ULOE.00328.R0058.R0078,INST1,ULP.32770,4690970,32770.INSPEKSI3,ULP.32770,WFCOMP,ULP TANETE,,18/08/2026,8/18/26 9:51 AM,BAIK,P_UJUNGLOE,20/08/2026,,,TND,Agu,UP3 BULUKUMBA,JTM,INSP,"3,90",,2026,,,,,,,,,,,,
101466048,Perbaikan/Pergantian INSPEKSI TIER 1 BL00107,INST1,GD01.06302090,,32710.INSPEKSI2,ULP.32710,WINSP,ULP PANRITA LOPI,,18/08/2026,,,P_SAPIRIA,19/08/2026,,101104729,TND,Agu,UP3 BULUKUMBA,GD,TL,"0,00",,2026,,,,,,,,,,,,
101466053,Perbaikan/Pergantian INSPEKSI TIER 1 BL00059,INST1,GD01.06302098,,32710.INSPEKSI2,ULP.32710,WINSP,ULP PANRITA LOPI,,18/08/2026,,,P_SAPIRIA,19/08/2026,,101104784,TND,Agu,UP3 BULUKUMBA,GD,TL,"0,00",,2026,,,,,,,,,,,,
101466901,Perbaikan/Pergantian INSPEKSI TIER 1 BT08500,INST1,GD01.06300483,,32770.INSPEKSI1,ULP.32770,COMP,ULP TANETE,,18/08/2026,,KURANG,P_BINTARORE,21/08/2026,,100916784,TND,Agu,UP3 BULUKUMBA,GD,TL,"0,00",,2026,,,,,,,,,,,,
101466979,Perbaikan/Pergantian INSPEKSI TIER 1 BT51503,INST1,GD01.06300521,,32770.INSPEKSI1,ULP.32770,COMP,ULP TANETE,,18/08/2026,,KURANG,P_BINTARORE,27/08/2026,,100916979,TND,Agu,UP3 BULUKUMBA,GD,TL,"0,00",,2026,,,,,,,,,,,,
101467113,Perbaikan/Pergantian INSPEKSI TIER 1 SEGMEN LBS.BAJIMINASA.Z-LBS.BAJIMINASA,INST1,ULP.32770,4690886,32770.INSPEKSI3,ULP.32770,COMP,ULP TANETE,,18/08/2026,,BAIK,P_BINTARORE,20/08/2026,,101349465,TND,Agu,UP3 BULUKUMBA,JTM,TL,"0,50",,2026,,,,,,,,,,,,
101481343,Perbaikan/Pergantian INSPEKSI TIER 1 BS08018,INST1,GD01.06301786,,32760.INSPEKSI3,ULP.32760,WINSP,ULP SINJAI,,18/08/2026,,,P_MATUMPU,21/08/2026,,101376037,TND,Agu,UP3 BULUKUMBA,GD,TL,"0,00",,2026,,,,,,,,,,,,
101481668,INSPEKSI TIER 1 SEGMEN TG.KOTA TIMUR.00007-TG.KOTA TIMUR.00007.L0028,INST1,ULP.32710,4691458,32710.INSPEKSI2,ULP.32710,WFOLLOWUP,ULP PANRITA LOPI,,18/08/2026,,BURUK,P_MATTEKO,19/08/2026,,,TND,Agu,UP3 BULUKUMBA,JTM,INSP,"0,65",,2026,,,,,,,,,,,,
101481717,INSPEKSI TIER 1 SEGMEN TG.KOTA TIMUR.00007.L0028-TG.KOTA TIMUR.00007.L0043,INST1,ULP.32710,4691459,32710.INSPEKSI2,ULP.32710,COMP,ULP PANRITA LOPI,,18/08/2026,,BAIK,P_MATTEKO,19/08/2026,,,TND,Agu,UP3 BULUKUMBA,JTM,INSP,"0,75",,2026,,,,,,,,,,,,
101481735,INSPEKSI TIER 1 SEGMEN TG.KOTA BARAT.00001-TG.KOTA BARAT.00013,INST1,ULP.32710,4691460,32710.INSPEKSI2,ULP.32710,COMP,ULP PANRITA LOPI,,18/08/2026,,BAIK,P_MATTEKO,19/08/2026,,,TND,Agu,UP3 BULUKUMBA,JTM,INSP,"0,65",,2026,,,,,,,,,,,,
101481773,INSPEKSI TIER 1 SEGMEN TG.KOTA BARAT.00013-TG.KOTA BARAT.00013.L0003,INST1,ULP.32710,4691461,32710.INSPEKSI2,ULP.32710,COMP,ULP PANRITA LOPI,,18/08/2026,,BAIK,P_MATTEKO,19/08/2026,,,TND,Agu,UP3 BULUKUMBA,JTM,INSP,"0,15",,2026,,,,,,,,,,,,
101481790,INSPEKSI TIER 1 SEGMEN TG.SAPIRI.0D001-TG.SAPIRI.0D033,INST1,ULP.32710,4691494,32710.INSPEKSI2,ULP.32710,WFOLLOWUP,ULP PANRITA LOPI,,18/08/2026,,BURUK,P_SAPIRIA,19/08/2026,,,TND,Agu,UP3 BULUKUMBA,JTM,INSP,"1,70",,2026,,,,,,,,,,,,
101481925,INSPEKSI TIER 1 SEGMEN TG.SAPIRI.00001-TG.SAPIRI.00001.R0022,INST1,ULP.32710,4691495,32710.INSPEKSI2,ULP.32710,WFOLLOWUP,ULP PANRITA LOPI,,18/08/2026,,BURUK,P_SAPIRIA,19/08/2026,,,TND,Agu,UP3 BULUKUMBA,JTM,INSP,"1,10",,2026,,,,,,,,,,,,
101481991,INSPEKSI TIER 1 SEGMEN TG.SAPIRI.00001-TG.SAPIRI.0010,INST1,ULP.32710,4691496,32710.INSPEKSI2,ULP.32710,WFOLLOWUP,ULP PANRITA LOPI,,18/08/2026,,BURUK,P_SAPIRIA,19/08/2026,,,TND,Agu,UP3 BULUKUMBA,JTM,INSP,"0,50",,2026,,,,,,,,,,,,
101482021,INSPEKSI TIER 1 SEGMEN TG.BTMACINNA.00109-TG.BTMACINNA.00168,INST1,ULP.32710,4691497,32710.INSPEKSI2,ULP.32710,WFOLLOWUP,ULP PANRITA LOPI,,18/08/2026,,BURUK,P_BONTOMACINNA,19/08/2026,,,TND,Agu,UP3 BULUKUMBA,JTM,INSP,"2,95",,2026,,,,,,,,,,,,
101482101,INSPEKSI TIER 1 SEGMEN TG.SAPIRI.00108.R00028.L0041.R0026.R0016.L0116-TG.SAPIRI.00108.R0028.L0041.R0026.R0016.L0116.R0028,INST1,ULP.32710,4691500,32710.INSPEKSI2,ULP.32710,COMP,ULP PANRITA LOPI,,18/08/2026,,BAIK,P_SAPIRIA,19/08/2026,,,TND,Agu,UP3 BULUKUMBA,JTM,INSP,"1,40",,2026,,,,,,,,,,,,
101482148,INSPEKSI TIER 1 SEGMEN TG.SAPIRI.00108.R00028.L0041.R0026.R0330.R0075-TG.SAPIRI.00108.R0028.L0041.R0026.R0330.R0075.R0055,INST1,ULP.32710,4691502,32710.INSPEKSI2,ULP.32710,COMP,ULP PANRITA LOPI,,18/08/2026,,KURANG,P_SAPIRIA,19/08/2026,,,TND,Agu,UP3 BULUKUMBA,JTM,INSP,"2,75",,2026,,,,,,,,,,,,
101482223,INSPEKSI TIER 1 BL03034,INST1,GD01.06302969,,32710.INSPEKSI2,ULP.32710,WINSP,ULP PANRITA LOPI,,18/08/2026,,,P_SAPOLOHE,19/08/2026,,,TND,Agu,UP3 BULUKUMBA,GD,INSP,"0,00",,2026,,,,,,,,,,,,
101482244,INSPEKSI TIER 1 BL03104,INST1,GD01.06302971,,32710.INSPEKSI2,ULP.32710,WINSP,ULP PANRITA LOPI,,18/08/2026,,,P_SAPOLOHE,19/08/2026,,,TND,Agu,UP3 BULUKUMBA,GD,INSP,"0,00",,2026,,,,,,,,,,,,
101482387,INSPEKSI TIER 1 BL03087,INST1,GD01.06302973,,32710.INSPEKSI2,ULP.32710,WINSP,ULP PANRITA LOPI,,18/08/2026,,,P_UJUNGLOE,19/08/2026,,,TND,Agu,UP3 BULUKUMBA,GD,INSP,"0,00",,2026,,,,,,,,,,,,
101482404,INSPEKSI TIER 1 BL03035,INST1,GD01.06302975,,32710.INSPEKSI2,ULP.32710,WINSP,ULP PANRITA LOPI,,18/08/2026,,,P_SAPOLOHE,19/08/2026,,,TND,Agu,UP3 BULUKUMBA,GD,INSP,"0,00",,2026,,,,,,,,,,,,
101482415,INSPEKSI TIER 1 BL03036,INST1,GD01.06302976,,32710.INSPEKSI2,ULP.32710,WINSP,ULP PANRITA LOPI,,18/08/2026,,,P_SAPOLOHE,19/08/2026,,,TND,Agu,UP3 BULUKUMBA,GD,INSP,"0,00",,2026,,,,,,,,,,,,
101482430,INSPEKSI TIER 1 BL03106,INST1,GD01.06302977,,32710.INSPEKSI2,ULP.32710,WINSP,ULP PANRITA LOPI,,18/08/2026,,,P_UJUNGLOE,19/08/2026,,,TND,Agu,UP3 BULUKUMBA,GD,INSP,"0,00",,2026,,,,,,,,,,,,
101482452,INSPEKSI TIER 1 BL03039,INST1,GD01.06302982,,32710.INSPEKSI2,ULP.32710,WINSP,ULP PANRITA LOPI,,18/08/2026,,,P_UJUNGLOE,19/08/2026,,,TND,Agu,UP3 BULUKUMBA,GD,INSP,"0,00",,2026,,,,,,,,,,,,
101482467,INSPEKSI TIER 1 BL03006,INST1,GD01.06302983,,32710.INSPEKSI2,ULP.32710,WINSP,ULP PANRITA LOPI,,18/08/2026,,,P_UJUNGLOE,19/08/2026,,,TND,Agu,UP3 BULUKUMBA,GD,INSP,"0,00",,2026,,,,,,,,,,,,
101482498,INSPEKSI TIER 1 BL03040,INST1,GD01.06302984,,32710.INSPEKSI2,ULP.32710,WINSP,ULP PANRITA LOPI,,18/08/2026,,,P_UJUNGLOE,19/08/2026,,,TND,Agu,UP3 BULUKUMBA,GD,INSP,"0,00",,2026,,,,,,,,,,,,
101482517,INSPEKSI TIER 1 BL03097,INST1,GD01.06302986,,32710.INSPEKSI2,ULP.32710,WINSP,ULP PANRITA LOPI,,18/08/2026,,,P_SAPOLOHE,19/08/2026,,,TND,Agu,UP3 BULUKUMBA,GD,INSP,"0,00",,2026,,,,,,,,,,,,
101482576,INSPEKSI TIER 1 BL03043,INST1,GD01.06302988,,32710.INSPEKSI1,ULP.32710,COMP,ULP PANRITA LOPI,,18/08/2026,,KURANG,P_SAPOLOHE,24/08/2026,,,TND,Agu,UP3 BULUKUMBA,GD,INSP,"0,00",,2026,,,,,,,,,,,,
101482624,INSPEKSI TIER 1 BL03045,INST1,GD01.06302989,,32710.INSPEKSI1,ULP.32710,COMP,ULP PANRITA LOPI,,18/08/2026,,KURANG,P_SAPOLOHE,24/08/2026,,,TND,Agu,UP3 BULUKUMBA,GD,INSP,"0,00",,2026,,,,,,,,,,,,
101482643,INSPEKSI TIER 1 BL03068,INST1,GD01.06302992,,32710.INSPEKSI1,ULP.32710,WFOLLOWUP,ULP PANRITA LOPI,,18/08/2026,,BURUK,P_SAPOLOHE,24/08/2026,,,TND,Agu,UP3 BULUKUMBA,GD,INSP,"0,00",,2026,,,,,,,,,,,,
101482662,INSPEKSI TIER 1 BL03071,INST1,GD01.06302994,,32710.INSPEKSI1,ULP.32710,COMP,ULP PANRITA LOPI,,18/08/2026,,KURANG,P_SAPOLOHE,24/08/2026,,,TND,Agu,UP3 BULUKUMBA,GD,INSP,"0,00",,2026,,,,,,,,,,,,
101482681,INSPEKSI TIER 1 BL03070,INST1,GD01.06302995,,32710.INSPEKSI1,ULP.32710,COMP,ULP PANRITA LOPI,,18/08/2026,,KURANG,P_SAPOLOHE,24/08/2026,,,TND,Agu,UP3 BULUKUMBA,GD,INSP,"0,00",,2026,,,,,,,,,,,,
101482702,INSPEKSI TIER 1 BL03090,INST1,GD01.06302998,,32710.INSPEKSI1,ULP.32710,COMP,ULP PANRITA LOPI,,18/08/2026,,KURANG,P_UJUNGLOE,24/08/2026,,,TND,Agu,UP3 BULUKUMBA,GD,INSP,"0,00",,2026,,,,,,,,,,,,
101482718,INSPEKSI TIER 1 BL03048,INST1,GD01.06302999,,32710.INSPEKSI1,ULP.32710,COMP,ULP PANRITA LOPI,,18/08/2026,,CUKUP,P_UJUNGLOE,24/08/2026,,,TND,Agu,UP3 BULUKUMBA,GD,INSP,"0,00",,2026,,,,,,,,,,,,
101482729,INSPEKSI TIER 1 BL03021,INST1,GD01.06303000,,32710.INSPEKSI1,ULP.32710,COMP,ULP PANRITA LOPI,,18/08/2026,,KURANG,P_UJUNGLOE,24/08/2026,,,TND,Agu,UP3 BULUKUMBA,GD,INSP,"0,00",,2026,,,,,,,,,,,,
101482740,INSPEKSI TIER 1 BL03050,INST1,GD01.06303001,,32710.INSPEKSI1,ULP.32710,WFCOMP,ULP PANRITA LOPI,,18/08/2026,,KURANG,P_UJUNGLOE,28/08/2026,,,TND,Agu,UP3 BULUKUMBA,GD,INSP,"0,00",,2026,,,,,,,,,,,,
101482751,INSPEKSI TIER 1 BL03049,INST1,GD01.06303002,,32710.INSPEKSI1,ULP.32710,COMP,ULP PANRITA LOPI,,18/08/2026,,KURANG,P_UJUNGLOE,24/08/2026,,,TND,Agu,UP3 BULUKUMBA,GD,INSP,"0,00",,2026,,,,,,,,,,,,
101482763,INSPEKSI TIER 1 BL03109,INST1,GD01.06303003,,32710.INSPEKSI1,ULP.32710,COMP,ULP PANRITA LOPI,,18/08/2026,,KURANG,P_UJUNGLOE,24/08/2026,,,TND,Agu,UP3 BULUKUMBA,GD,INSP,"0,00",,2026,,,,,,,,,,,,
101482776,INSPEKSI TIER 1 BL03095,INST1,GD01.06303006,,32710.INSPEKSI1,ULP.32710,COMP,ULP PANRITA LOPI,,18/08/2026,,KURANG,P_UJUNGLOE,24/08/2026,,,TND,Agu,UP3 BULUKUMBA,GD,INSP,"0,00",,2026,,,,,,,,,,,,
101482792,INSPEKSI TIER 1 BL03052,INST1,GD01.06303007,,32710.INSPEKSI1,ULP.32710,COMP,ULP PANRITA LOPI,,18/08/2026,,KURANG,P_UJUNGLOE,24/08/2026,,,TND,Agu,UP3 BULUKUMBA,GD,INSP,"0,00",,2026,,,,,,,,,,,,
101482808,INSPEKSI TIER 1 BL03031,INST1,GD01.06303009,,32710.INSPEKSI1,ULP.32710,COMP,ULP PANRITA LOPI,,18/08/2026,,KURANG,P_UJUNGLOE,24/08/2026,,,TND,Agu,UP3 BULUKUMBA,GD,INSP,"0,00",,2026,,,,,,,,,,,,
101482850,INSPEKSI TIER 1 BL03033,INST1,GD01.06303010,,32710.INSPEKSI1,ULP.32710,COMP,ULP PANRITA LOPI,,18/08/2026,,KURANG,P_UJUNGLOE,24/08/2026,,,TND,Agu,UP3 BULUKUMBA,GD,INSP,"0,00",,2026,,,,,,,,,,,,
101482859,INSPEKSI TIER 1 BL03060,INST1,GD01.06303011,,32710.INSPEKSI1,ULP.32710,WFCOMP,ULP PANRITA LOPI,,18/08/2026,,KURANG,P_UJUNGLOE,28/08/2026,,,TND,Agu,UP3 BULUKUMBA,GD,INSP,"0,00",,2026,,,,,,,,,,,,
101482870,32710,INST1,GD01.06303012,,32710.INSPEKSI1,ULP.32710,COMP,ULP PANRITA LOPI,,18/08/2026,,KURANG,P_UJUNGLOE,28/08/2026,,,TND,Agu,UP3 BULUKUMBA,GD,INSP,"0,00",,2026,,,,,,,,,,,,
101482881,INSPEKSI TIER 1 BL03054,INST1,GD01.06303013,,32710.INSPEKSI1,ULP.32710,COMP,ULP PANRITA LOPI,,18/08/2026,,KURANG,P_UJUNGLOE,24/08/2026,,,TND,Agu,UP3 BULUKUMBA,GD,INSP,"0,00",,2026,,,,,,,,,,,,
101482892,INSPEKSI TIER 1 BL03065,INST1,GD01.06303014,,32710.INSPEKSI1,ULP.32710,COMP,ULP PANRITA LOPI,,18/08/2026,,KURANG,P_UJUNGLOE,24/08/2026,,,TND,Agu,UP3 BULUKUMBA,GD,INSP,"0,00",,2026,,,,,,,,,,,,
101482901,INSPEKSI TIER 1 BL03056,INST1,GD01.06303015,,32710.INSPEKSI1,ULP.32710,WFCOMP,ULP PANRITA LOPI,,18/08/2026,,KURANG,P_UJUNGLOE,28/08/2026,,,TND,Agu,UP3 BULUKUMBA,GD,INSP,"0,00",,2026,,,,,,,,,,,,
101482930,INSPEKSI TIER 1 BL03055,INST1,GD01.06303016,,32710.INSPEKSI1,ULP.32710,WFOLLOWUP,ULP PANRITA LOPI,,18/08/2026,,BURUK,P_UJUNGLOE,24/08/2026,,,TND,Agu,UP3 BULUKUMBA,GD,INSP,"0,00",,2026,,,,,,,,,,,,
101482949,INSPEKSI TIER 1 BL03066,INST1,GD01.06303017,,32710.INSPEKSI1,ULP.32710,WFCOMP,ULP PANRITA LOPI,,18/08/2026,,KURANG,P_UJUNGLOE,28/08/2026,,,TND,Agu,UP3 BULUKUMBA,GD,INSP,"0,00",,2026,,,,,,,,,,,,
101482996,INSPEKSI TIER 1 BL03067,INST1,GD01.06303018,,32710.INSPEKSI1,ULP.32710,COMP,ULP PANRITA LOPI,,18/08/2026,,KURANG,P_UJUNGLOE,24/08/2026,,,TND,Agu,UP3 BULUKUMBA,GD,INSP,"0,00",,2026,,,,,,,,,,,,
101483005,INSPEKSI TIER 1 BL03082,INST1,GD01.06303020,,32710.INSPEKSI1,ULP.32710,WFCOMP,ULP PANRITA LOPI,,18/08/2026,,KURANG,P_UJUNGLOE,28/08/2026,,,TND,Agu,UP3 BULUKUMBA,GD,INSP,"0,00",,2026,,,,,,,,,,,,
101483016,INSPEKSI TIER 1 BL03075,INST1,GD01.06303021,,32710.INSPEKSI1,ULP.32710,COMP,ULP PANRITA LOPI,,18/08/2026,,KURANG,P_UJUNGLOE,24/08/2026,,,TND,Agu,UP3 BULUKUMBA,GD,INSP,"0,00",,2026,,,,,,,,,,,,
101483025,INSPEKSI TIER 1 BL03008,INST1,GD01.06303024,,32710.INSPEKSI1,ULP.32710,COMP,ULP PANRITA LOPI,,18/08/2026,,KURANG,P_UJUNGLOE,24/08/2026,,,TND,Agu,UP3 BULUKUMBA,GD,INSP,"0,00",,2026,,,,,,,,,,,,
101483036,INSPEKSI TIER 1 BL03009,INST1,GD01.06303025,,32710.INSPEKSI1,ULP.32710,COMP,ULP PANRITA LOPI,,18/08/2026,,KURANG,P_UJUNGLOE,24/08/2026,,,TND,Agu,UP3 BULUKUMBA,GD,INSP,"0,00",,2026,,,,,,,,,,,,
101483047,INSPEKSI TIER 1 BL03094,INST1,GD01.06303026,,32710.INSPEKSI1,ULP.32710,COMP,ULP PANRITA LOPI,,18/08/2026,,KURANG,P_UJUNGLOE,24/08/2026,,,TND,Agu,UP3 BULUKUMBA,GD,INSP,"0,00",,2026,,,,,,,,,,,,
101483058,INSPEKSI TIER 1 BL03077,INST1,GD01.06303027,,32710.INSPEKSI1,ULP.32710,COMP,ULP PANRITA LOPI,,18/08/2026,,KURANG,P_UJUNGLOE,24/08/2026,,,TND,Agu,UP3 BULUKUMBA,GD,INSP,"0,00",,2026,,,,,,,,,,,,
101483067,INSPEKSI TIER 1 BL03078,INST1,GD01.06303028,,32710.INSPEKSI1,ULP.32710,WFCOMP,ULP PANRITA LOPI,,18/08/2026,,KURANG,P_UJUNGLOE,28/08/2026,,,TND,Agu,UP3 BULUKUMBA,GD,INSP,"0,00",,2026,,,,,,,,,,,,
101483078,INSPEKSI TIER 1 BL03083,INST1,GD01.06303029,,32710.INSPEKSI1,ULP.32710,COMP,ULP PANRITA LOPI,,18/08/2026,,KURANG,P_UJUNGLOE,24/08/2026,,,TND,Agu,UP3 BULUKUMBA,GD,INSP,"0,00",,2026,,,,,,,,,,,,
101483089,INSPEKSI TIER 1 BL03041,INST1,GD01.06303030,,32710.INSPEKSI1,ULP.32710,WFCOMP,ULP PANRITA LOPI,,18/08/2026,,KURANG,P_UJUNGLOE,28/08/2026,,,TND,Agu,UP3 BULUKUMBA,GD,INSP,"0,00",,2026,,,,,,,,,,,,
101483100,INSPEKSI TIER 1 BL03057,INST1,GD01.06303031,,32710.INSPEKSI1,ULP.32710,COMP,ULP PANRITA LOPI,,18/08/2026,,KURANG,P_UJUNGLOE,24/08/2026,,,TND,Agu,UP3 BULUKUMBA,GD,INSP,"0,00",,2026,,,,,,,,,,,,
101483111,INSPEKSI TIER 1 BL03059,INST1,GD01.06303032,,32710.INSPEKSI1,ULP.32710,COMP,ULP PANRITA LOPI,,18/08/2026,,KURANG,P_UJUNGLOE,24/08/2026,,,TND,Agu,UP3 BULUKUMBA,GD,INSP,"0,00",,2026,,,,,,,,,,,,
101483122,INSPEKSI TIER 1 BL03058,INST1,GD01.06303033,,32710.INSPEKSI1,ULP.32710,COMP,ULP PANRITA LOPI,,18/08/2026,,KURANG,P_UJUNGLOE,24/08/2026,,,TND,Agu,UP3 BULUKUMBA,GD,INSP,"0,00",,2026,,,,,,,,,,,,
101483131,INSPEKSI TIER 1 BL03028,INST1,GD01.06303039,,32710.INSPEKSI1,ULP.32710,COMP,ULP PANRITA LOPI,,18/08/2026,,KURANG,P_UJUNGLOE,24/08/2026,,,TND,Agu,UP3 BULUKUMBA,GD,INSP,"0,00",,2026,,,,,,,,,,,,
101483140,INSPEKSI TIER 1 BL03074,INST1,GD01.06303041,,32710.INSPEKSI1,ULP.32710,COMP,ULP PANRITA LOPI,,18/08/2026,,KURANG,P_UJUNGLOE,24/08/2026,,,TND,Agu,UP3 BULUKUMBA,GD,INSP,"0,00",,2026,,,,,,,,,,,,
101483151,INSPEKSI TIER 1 BL03096,INST1,GD01.06303043,,32710.INSPEKSI1,ULP.32710,WFCOMP,ULP PANRITA LOPI,,18/08/2026,,KURANG,P_UJUNGLOE,28/08/2026,,,TND,Agu,UP3 BULUKUMBA,GD,INSP,"0,00",,2026,,,,,,,,,,,,
101483195,INSPEKSI TIER 1 BL03019,INST1,GD01.06303044,,32710.INSPEKSI1,ULP.32710,COMP,ULP PANRITA LOPI,,18/08/2026,,KURANG,P_UJUNGLOE,24/08/2026,,,TND,Agu,UP3 BULUKUMBA,GD,INSP,"0,00",,2026,,,,,,,,,,,,
101483266,INSPEKSI TIER 1 BL03103,INST1,GD01.06303045,,32710.INSPEKSI1,ULP.32710,COMP,ULP PANRITA LOPI,,18/08/2026,,KURANG,P_UJUNGLOE,24/08/2026,,,TND,Agu,UP3 BULUKUMBA,GD,INSP,"0,00",,2026,,,,,,,,,,,,
101483321,INSPEKSI TIER 1 BL03110,INST1,GD01.06303046,,32710.INSPEKSI1,ULP.32710,WFCOMP,ULP PANRITA LOPI,,18/08/2026,,KURANG,P_UJUNGLOE,28/08/2026,,,TND,Agu,UP3 BULUKUMBA,GD,INSP,"0,00",,2026,,,,,,,,,,,,
101483385,INSPEKSI TIER 1 BL03061,INST1,GD01.06303047,,32710.INSPEKSI1,ULP.32710,COMP,ULP PANRITA LOPI,,18/08/2026,,KURANG,P_UJUNGLOE,24/08/2026,,,TND,Agu,UP3 BULUKUMBA,GD,INSP,"0,00",,2026,,,,,,,,,,,,
101483451,INSPEKSI TIER 1 BL03053,INST1,GD01.06303048,,32710.INSPEKSI1,ULP.32710,COMP,ULP PANRITA LOPI,,18/08/2026,,KURANG,P_UJUNGLOE,24/08/2026,,,TND,Agu,UP3 BULUKUMBA,GD,INSP,"0,00",,2026,,,,,,,,,,,,
101483506,INSPEKSI TIER 1 BL03063,INST1,GD01.06303049,,32710.INSPEKSI1,ULP.32710,WFCOMP,ULP PANRITA LOPI,,18/08/2026,,KURANG,P_UJUNGLOE,28/08/2026,,,TND,Agu,UP3 BULUKUMBA,GD,INSP,"0,00",,2026,,,,,,,,,,,,
101483566,INSPEKSI TIER 1 BL03062,INST1,GD01.06303050,,32710.INSPEKSI1,ULP.32710,COMP,ULP PANRITA LOPI,,18/08/2026,,KURANG,P_UJUNGLOE,24/08/2026,,,TND,Agu,UP3 BULUKUMBA,GD,INSP,"0,00",,2026,,,,,,,,,,,,
101484232,INSPEKSI TIER 1 SEGMEN TG.MALAKAJI.00407-LBS.CIKORO,INST1,ULP.32730,4691320,32730.INSPEKSI3,ULP.32730,INPRG,ULP JENEPONTO,,18/08/2026,,,P_TOLO,26/08/2026,,,TND,Agu,UP3 BULUKUMBA,JTM,INSP,"0,30",,2026,,,,,,,,,,,,
101484289,INSPEKSI TIER 1 SEGMEN LBS.CIKORO-TG.MALAKAJI.00461,INST1,ULP.32730,4691321,32730.INSPEKSI3,ULP.32730,INPRG,ULP JENEPONTO,,18/08/2026,,,P_TOLO,26/08/2026,,,TND,Agu,UP3 BULUKUMBA,JTM,INSP,"2,45",,2026,,,,,,,,,,,,
101484402,INSPEKSI TIER 1 SEGMEN TG.MALAKAJI.00461-TG.MALAKAJI.00461.L0019,INST1,ULP.32730,4691322,32730.INSPEKSI3,ULP.32730,INPRG,ULP JENEPONTO,,18/08/2026,,,P_TOLO,26/08/2026,,,TND,Agu,UP3 BULUKUMBA,JTM,INSP,"0,95",,2026,,,,,,,,,,,,
101484492,INSPEKSI TIER 1 SEGMEN TG.MALAKAJI.00461-TG.MALAKAJI.00465,INST1,ULP.32730,4691323,32730.INSPEKSI3,ULP.32730,INPRG,ULP JENEPONTO,,18/08/2026,,,P_TOLO,26/08/2026,,,TND,Agu,UP3 BULUKUMBA,JTM,INSP,"0,20",,2026,,,,,,,,,,,,
101484545,INSPEKSI TIER 1 SEGMEN TG.MALAKAJI.00465-TG.MALAKAJI.00465.L0033,INST1,ULP.32730,4691324,32730.INSPEKSI3,ULP.32730,WINSP,ULP JENEPONTO,,18/08/2026,,,P_TOLO,24/08/2026,,,TND,Agu,UP3 BULUKUMBA,JTM,INSP,"1,65",,2026,,,,,,,,,,,,
101484637,INSPEKSI TIER 1 SEGMEN TG.MALAKAJI.00465-TG.MALAKAJI.00496,INST1,ULP.32730,4691325,32730.INSPEKSI3,ULP.32730,INPRG,ULP JENEPONTO,,18/08/2026,,,P_TOLO,26/08/2026,,,TND,Agu,UP3 BULUKUMBA,JTM,INSP,"1,55",,2026,,,,,,,,,,,,
101484733,INSPEKSI TIER 1 SEGMEN TG.MALAKAJI.00496-TG.MALAKAJI.00496.R0031,INST1,ULP.32730,4691326,32730.INSPEKSI3,ULP.32730,INPRG,ULP JENEPONTO,,18/08/2026,,,P_TOLO,26/08/2026,,,TND,Agu,UP3 BULUKUMBA,JTM,INSP,"1,55",,2026,,,,,,,,,,,,
101484823,INSPEKSI TIER 1 SEGMEN TG.MALAKAJI.00496-TG.MALAKAJI.00520,INST1,ULP.32730,4691327,32730.INSPEKSI3,ULP.32730,INPRG,ULP JENEPONTO,,18/08/2026,,,P_TOLO,26/08/2026,,,TND,Agu,UP3 BULUKUMBA,JTM,INSP,"1,20",,2026,,,,,,,,,,,,
101484968,INSPEKSI TIER 1 SEGMEN TG.MALAKAJI.00520-TG.MALAKAJI.00520.R0042,INST1,ULP.32730,4691328,32730.INSPEKSI3,ULP.32730,INPRG,ULP JENEPONTO,,18/08/2026,,,P_TOLO,26/08/2026,,,TND,Agu,UP3 BULUKUMBA,JTM,INSP,"2,05",,2026,,,,,,,,,,,,
101485070,INSPEKSI TIER 1 SEGMEN TG.MALAKAJI.00520-TG.MALAKAJI.00553,INST1,ULP.32730,4691329,32730.INSPEKSI3,ULP.32730,INPRG,ULP JENEPONTO,,18/08/2026,,,P_TOLO,26/08/2026,,,TND,Agu,UP3 BULUKUMBA,JTM,INSP,"1,65",,2026,,,,,,,,,,,,
101485252,INSPEKSI TIER 1 SEGMEN LBS.TARING-TG.TARING.00122,INST1,ULP.32730,4691373,32730.INSPEKSI3,ULP.32730,INPRG,ULP JENEPONTO,,18/08/2026,,,P_TOLO,26/08/2026,,,TND,Agu,UP3 BULUKUMBA,JTM,INSP,"0,45",,2026,,,,,,,,,,,,
101485338,INSPEKSI TIER 1 SEGMEN TG.TARING.00122-TG.TARING.00122.R0047,INST1,ULP.32730,4691374,32730.INSPEKSI3,ULP.32730,INPRG,ULP JENEPONTO,,18/08/2026,,,P_TOLO,26/08/2026,,,TND,Agu,UP3 BULUKUMBA,JTM,INSP,"2,35",,2026,,,,,,,,,,,,
101485391,INSPEKSI TIER 1 SEGMEN TG.TARING.00122-TG.TARING.00188,INST1,ULP.32730,4691375,32730.INSPEKSI3,ULP.32730,INPRG,ULP JENEPONTO,,18/08/2026,,,P_TOLO,26/08/2026,,,TND,Agu,UP3 BULUKUMBA,JTM,INSP,"3,30",,2026,,,,,,,,,,,,
101485462,INSPEKSI TIER 1 SEGMEN TG.TARING.00188-TG.TARING.00188.L0028,INST1,ULP.32730,4691376,32730.INSPEKSI3,ULP.32730,INPRG,ULP JENEPONTO,,18/08/2026,,,P_TOLO,26/08/2026,,,TND,Agu,UP3 BULUKUMBA,JTM,INSP,"1,40",,2026,,,,,,,,,,,,
101485496,INSPEKSI TIER 1 SEGMEN TG.TARING.00188-LBS.PARASANGAN,INST1,ULP.32730,4691377,32730.INSPEKSI3,ULP.32730,INPRG,ULP JENEPONTO,,18/08/2026,,,P_TOLO,26/08/2026,,,TND,Agu,UP3 BULUKUMBA,JTM,INSP,"2,65",,2026,,,,,,,,,,,,
101499245,Perbaikan/Pergantian INSPEKSI TIER 1 SEGMEN TG.ULOE.00198.L0184-TG.ULOE.00198.L0228,INST1,ULP.32770,4690950,32770.INSPEKSI3,ULP.32770,COMP,ULP TANETE,,19/08/2026,8/20/26 1:23 PM,BAIK,P_UJUNGLOE,20/08/2026,,101437221,TND,Agu,UP3 BULUKUMBA,JTM,TL,"2,20",,2026,,,,,,,,,,,,
101499297,Perbaikan/Pergantian INSPEKSI TIER 1 SEGMEN TG.ULOE.00328.R0058-TG.ULOE.00328.R0058.R0078,INST1,ULP.32770,4690970,32770.INSPEKSI3,ULP.32770,COMP,ULP TANETE,,19/08/2026,8/20/26 1:24 PM,BAIK,P_UJUNGLOE,20/08/2026,,101438443,TND,Agu,UP3 BULUKUMBA,JTM,TL,"3,90",,2026,,,,,,,,,,,,
101523122,INSPEKSI TIER 1 BT50094,INST1,GD01.06300632,,32770.INSPEKSI3,ULP.32770,WFCOMP,ULP TANETE,,19/08/2026,8/20/26 6:08 AM,KURANG,P_UJUNGLOE,28/08/2026,,,TND,Agu,UP3 BULUKUMBA,GD,INSP,"0,00",,2026,,,,,,,,,,,,
101523247,INSPEKSI TIER 1 BT50096,INST1,GD01.06300633,,32770.INSPEKSI3,ULP.32770,WFCOMP,ULP TANETE,,19/08/2026,8/20/26 6:08 AM,KURANG,P_UJUNGLOE,28/08/2026,,,TND,Agu,UP3 BULUKUMBA,GD,INSP,"0,00",,2026,,,,,,,,,,,,
101523262,INSPEKSI TIER 1 BT50093,INST1,GD01.06300634,,32770.INSPEKSI3,ULP.32770,COMP,ULP TANETE,,19/08/2026,8/20/26 6:07 AM,KURANG,P_UJUNGLOE,21/08/2026,,,TND,Agu,UP3 BULUKUMBA,GD,INSP,"0,00",,2026,,,,,,,,,,,,
101523277,INSPEKSI TIER 1 BT50092,INST1,GD01.06300635,,32770.INSPEKSI3,ULP.32770,WFCOMP,ULP TANETE,,19/08/2026,8/20/26 6:06 AM,KURANG,P_UJUNGLOE,28/08/2026,,,TND,Agu,UP3 BULUKUMBA,GD,INSP,"0,00",,2026,,,,,,,,,,,,
101523302,INSPEKSI TIER 1 BT50091,INST1,GD01.06300636,,32770.INSPEKSI3,ULP.32770,COMP,ULP TANETE,,19/08/2026,8/20/26 6:06 AM,KURANG,P_UJUNGLOE,21/08/2026,,,TND,Agu,UP3 BULUKUMBA,GD,INSP,"0,00",,2026,,,,,,,,,,,,
101523312,INSPEKSI TIER 1 BT50090,INST1,GD01.06300637,,32770.INSPEKSI3,ULP.32770,COMP,ULP TANETE,,19/08/2026,8/20/26 6:05 AM,KURANG,P_UJUNGLOE,21/08/2026,,,TND,Agu,UP3 BULUKUMBA,GD,INSP,"0,00",,2026,,,,,,,,,,,,
101523552,INSPEKSI TIER 1 BT50089,INST1,GD01.06300638,,32770.INSPEKSI3,ULP.32770,COMP,ULP TANETE,,19/08/2026,8/20/26 6:05 AM,KURANG,P_UJUNGLOE,21/08/2026,,,TND,Agu,UP3 BULUKUMBA,GD,INSP,"0,00",,2026,,,,,,,,,,,,
101523950,INSPEKSI TIER 1 BT50088,INST1,GD01.06300639,,32770.INSPEKSI3,ULP.32770,COMP,ULP TANETE,,19/08/2026,8/20/26 6:04 AM,KURANG,P_UJUNGLOE,21/08/2026,,,TND,Agu,UP3 BULUKUMBA,GD,INSP,"0,00",,2026,,,,,,,,,,,,
101524051,INSPEKSI TIER 1 SSTBBK770.GT0226,INST1,GD01.61729999,91973082,32770.INSPEKSI3,ULP.32770,COMP,ULP TANETE,,19/08/2026,8/20/26 6:12 AM,CUKUP,P_SALASSAE,21/08/2026,,,TND,Agu,UP3 BULUKUMBA,GD,INSP,"0,00",,2026,,,,,,,,,,,,
101524086,INSPEKSI TIER 1 SSTBBK770.GT0225,INST1,GD01.61931930,91499473,32770.INSPEKSI3,ULP.32770,COMP,ULP TANETE,,19/08/2026,8/20/26 6:11 AM,CUKUP,P_SALASSAE,21/08/2026,,,TND,Agu,UP3 BULUKUMBA,GD,INSP,"0,00",,2026,,,,,,,,,,,,
101524114,INSPEKSITIER 1 SSTBBK770.GT0224,INST1,GD01.61931944,91499484,32770.INSPEKSI3,ULP.32770,COMP,ULP TANETE,,19/08/2026,8/20/26 6:10 AM,CUKUP,P_SALASSAE,21/08/2026,,,TND,Agu,UP3 BULUKUMBA,GD,INSP,"0,00",,2026,,,,,,,,,,,,
101524190,INSPEKSI TIER 1 SSTBBK770.GT0227,INST1,GD01.62039553,91597530,32770.INSPEKSI3,ULP.32770,COMP,ULP TANETE,,19/08/2026,8/20/26 6:09 AM,CUKUP,P_SALASSAE,21/08/2026,,,TND,Agu,UP3 BULUKUMBA,GD,INSP,"0,00",,2026,,,,,,,,,,,,
101524208,INSPEKSI TIER 1 BT50054,INST1,GD01.06300546,,32770.INSPEKSI1,ULP.32770,COMP,ULP TANETE,,19/08/2026,8/20/26 5:44 AM,KURANG,P_BINTARORE,21/08/2026,,,TND,Agu,UP3 BULUKUMBA,GD,INSP,"0,00",,2026,,,,,,,,,,,,
101524219,INSPEKSI TIER 1 BT50055,INST1,GD01.06300547,,32770.INSPEKSI1,ULP.32770,COMP,ULP TANETE,,19/08/2026,8/20/26 5:43 AM,KURANG,P_BINTARORE,21/08/2026,,,TND,Agu,UP3 BULUKUMBA,GD,INSP,"0,00",,2026,,,,,,,,,,,,
101524229,INSPEKSI TIER 1 BT50097,INST1,GD01.06300548,,32770.INSPEKSI1,ULP.32770,COMP,ULP TANETE,,19/08/2026,8/20/26 5:43 AM,KURANG,P_BINTARORE,21/08/2026,,,TND,Agu,UP3 BULUKUMBA,GD,INSP,"0,00",,2026,,,,,,,,,,,,
101524240,INSPEKSI TIER 1 BT50056,INST1,GD01.06300549,,32770.INSPEKSI1,ULP.32770,COMP,ULP TANETE,,19/08/2026,8/20/26 5:42 AM,KURANG,P_BINTARORE,21/08/2026,,,TND,Agu,UP3 BULUKUMBA,GD,INSP,"0,00",,2026,,,,,,,,,,,,
101524259,INSPEKSI TIER 1 BT50057,INST1,GD01.06300550,,32770.INSPEKSI1,ULP.32770,WFCOMP,ULP TANETE,,19/08/2026,8/20/26 5:36 AM,KURANG,P_BINTARORE,27/08/2026,,,TND,Agu,UP3 BULUKUMBA,GD,INSP,"0,00",,2026,,,,,,,,,,,,
101524268,INSPEKSI TIER 1 BT50100,INST1,GD01.06300551,,32770.INSPEKSI1,ULP.32770,WFCOMP,ULP TANETE,,19/08/2026,8/20/26 5:35 AM,KURANG,P_BINTARORE,27/08/2026,,,TND,Agu,UP3 BULUKUMBA,GD,INSP,"0,00",,2026,,,,,,,,,,,,
101524285,INSPEKSI TIER 1 BT50058,INST1,GD01.06300552,,32770.INSPEKSI1,ULP.32770,COMP,ULP TANETE,,19/08/2026,8/20/26 5:35 AM,KURANG,P_BINTARORE,21/08/2026,,,TND,Agu,UP3 BULUKUMBA,GD,INSP,"0,00",,2026,,,,,,,,,,,,
101524298,INSPEKSI TIER 1 BT50060,INST1,GD01.06300554,,32770.INSPEKSI1,ULP.32770,WFCOMP,ULP TANETE,,19/08/2026,8/20/26 5:34 AM,KURANG,P_BINTARORE,27/08/2026,,,TND,Agu,UP3 BULUKUMBA,GD,INSP,"0,00",,2026,,,,,,,,,,,,
101524318,INSPEKSI TIER 1 BT50061,INST1,GD01.06300555,,32770.INSPEKSI1,ULP.32770,COMP,ULP TANETE,,19/08/2026,8/20/26 5:33 AM,KURANG,P_BINTARORE,21/08/2026,,,TND,Agu,UP3 BULUKUMBA,GD,INSP,"0,00",,2026,,,,,,,,,,,,
101524328,INSPEKSI TIER 1 BT50062,INST1,GD01.06300556,,32770.INSPEKSI1,ULP.32770,COMP,ULP TANETE,,19/08/2026,8/20/26 5:33 AM,KURANG,P_BINTARORE,21/08/2026,,,TND,Agu,UP3 BULUKUMBA,GD,INSP,"0,00",,2026,,,,,,,,,,,,
101524348,INSPEKSI TIER 1 BT50064,INST1,GD01.06300558,,32770.INSPEKSI1,ULP.32770,COMP,ULP TANETE,,19/08/2026,8/20/26 5:32 AM,KURANG,P_BINTARORE,21/08/2026,,,TND,Agu,UP3 BULUKUMBA,GD,INSP,"0,00",,2026,,,,,,,,,,,,
101524359,INSPEKSI TIER 1 BT50098,INST1,GD01.06300559,,32770.INSPEKSI1,ULP.32770,WFCOMP,ULP TANETE,,19/08/2026,8/20/26 5:32 AM,KURANG,P_BINTARORE,27/08/2026,,,TND,Agu,UP3 BULUKUMBA,GD,INSP,"0,00",,2026,,,,,,,,,,,,
101524379,INSPEKSI TIER 1 BT50065,INST1,GD01.06300560,,32770.INSPEKSI1,ULP.32770,WFCOMP,ULP TANETE,,19/08/2026,8/20/26 5:41 AM,KURANG,P_BINTARORE,27/08/2026,,,TND,Agu,UP3 BULUKUMBA,GD,INSP,"0,00",,2026,,,,,,,,,,,,
101524388,INSPEKSI TIER 1 BT50066,INST1,GD01.06300561,,32770.INSPEKSI1,ULP.32770,WFCOMP,ULP TANETE,,19/08/2026,8/20/26 5:41 AM,KURANG,P_BINTARORE,27/08/2026,,,TND,Agu,UP3 BULUKUMBA,GD,INSP,"0,00",,2026,,,,,,,,,,,,
101524406,INSPEKSI TIER 1 BT50067,INST1,GD01.06300562,,32770.INSPEKSI1,ULP.32770,COMP,ULP TANETE,,19/08/2026,8/20/26 5:40 AM,KURANG,P_BINTARORE,21/08/2026,,,TND,Agu,UP3 BULUKUMBA,GD,INSP,"0,00",,2026,,,,,,,,,,,,
101524417,INSPEKSI TIER 1 BT50068,INST1,GD01.06300563,,32770.INSPEKSI1,ULP.32770,COMP,ULP TANETE,,19/08/2026,8/20/26 5:39 AM,KURANG,P_BINTARORE,21/08/2026,,,TND,Agu,UP3 BULUKUMBA,GD,INSP,"0,00",,2026,,,,,,,,,,,,
101524430,INSPEKSI TIER 1 BT50099,INST1,GD01.06300564,,32770.INSPEKSI1,ULP.32770,COMP,ULP TANETE,,19/08/2026,8/20/26 5:39 AM,KURANG,P_BINTARORE,21/08/2026,,,TND,Agu,UP3 BULUKUMBA,GD,INSP,"0,00",,2026,,,,,,,,,,,,
101524447,INSPEKSI TIER 1 BT50069,INST1,GD01.06300565,,32770.INSPEKSI1,ULP.32770,COMP,ULP TANETE,,19/08/2026,8/20/26 5:38 AM,KURANG,P_BINTARORE,21/08/2026,,,TND,Agu,UP3 BULUKUMBA,GD,INSP,"0,00",,2026,,,,,,,,,,,,
101524458,INSPEKSI TIER 1 BT50070,INST1,GD01.06300566,,32770.INSPEKSI1,ULP.32770,WFCOMP,ULP TANETE,,19/08/2026,8/20/26 5:38 AM,KURANG,P_BINTARORE,27/08/2026,,,TND,Agu,UP3 BULUKUMBA,GD,INSP,"0,00",,2026,,,,,,,,,,,,
101524477,INSPEKSI TIER 1 BT50071,INST1,GD01.06300567,,32770.INSPEKSI1,ULP.32770,COMP,ULP TANETE,,19/08/2026,8/20/26 5:37 AM,KURANG,P_BINTARORE,21/08/2026,,,TND,Agu,UP3 BULUKUMBA,GD,INSP,"0,00",,2026,,,,,,,,,,,,
101524488,INSPEKSI TIER 1 BT50072,INST1,GD01.06300568,,32770.INSPEKSI1,ULP.32770,COMP,ULP TANETE,,19/08/2026,8/20/26 5:37 AM,KURANG,P_BINTARORE,21/08/2026,,,TND,Agu,UP3 BULUKUMBA,GD,INSP,"0,00",,2026,,,,,,,,,,,,
101524507,INSPEKSI TIER 1 BT50073,INST1,GD01.06300569,,32770.INSPEKSI1,ULP.32770,COMP,ULP TANETE,,19/08/2026,8/20/26 5:31 AM,KURANG,P_BINTARORE,21/08/2026,,,TND,Agu,UP3 BULUKUMBA,GD,INSP,"0,00",,2026,,,,,,,,,,,,
101524518,INSPEKSI TIER 1 BT50074,INST1,GD01.06300570,,32770.INSPEKSI1,ULP.32770,COMP,ULP TANETE,,19/08/2026,8/20/26 5:30 AM,KURANG,P_BINTARORE,21/08/2026,,,TND,Agu,UP3 BULUKUMBA,GD,INSP,"0,00",,2026,,,,,,,,,,,,
101524541,INSPEKSI TIER 1 BT50077,INST1,GD01.06300571,,32770.INSPEKSI1,ULP.32770,COMP,ULP TANETE,,19/08/2026,8/20/26 5:30 AM,KURANG,P_BINTARORE,21/08/2026,,,TND,Agu,UP3 BULUKUMBA,GD,INSP,"0,00",,2026,,,,,,,,,,,,
101524552,INSPEKSI TIER 1 BT50078,INST1,GD01.06300572,,32770.INSPEKSI1,ULP.32770,COMP,ULP TANETE,,19/08/2026,8/20/26 5:29 AM,KURANG,P_BINTARORE,21/08/2026,,,TND,Agu,UP3 BULUKUMBA,GD,INSP,"0,00",,2026,,,,,,,,,,,,
101524563,INSPEKSI TIER 1 BT50079,INST1,GD01.06300573,,32770.INSPEKSI1,ULP.32770,COMP,ULP TANETE,,19/08/2026,8/20/26 5:28 AM,KURANG,P_BINTARORE,21/08/2026,,,TND,Agu,UP3 BULUKUMBA,GD,INSP,"0,00",,2026,,,,,,,,,,,,
101524574,INSPEKSI TIER 1 BT50080,INST1,GD01.06300574,,32770.INSPEKSI1,ULP.32770,COMP,ULP TANETE,,19/08/2026,8/20/26 5:28 AM,KURANG,P_BINTARORE,21/08/2026,,,TND,Agu,UP3 BULUKUMBA,GD,INSP,"0,00",,2026,,,,,,,,,,,,
101524585,INSPEKSI TIER 1 BT50076,INST1,GD01.06300575,,32770.INSPEKSI1,ULP.32770,COMP,ULP TANETE,,19/08/2026,8/20/26 5:27 AM,KURANG,P_BINTARORE,21/08/2026,,,TND,Agu,UP3 BULUKUMBA,GD,INSP,"0,00",,2026,,,,,,,,,,,,
101524596,INSPEKSI TIER 1 BT50075,INST1,GD01.06300576,,32770.INSPEKSI1,ULP.32770,COMP,ULP TANETE,,19/08/2026,8/20/26 5:25 AM,KURANG,P_BINTARORE,21/08/2026,,,TND,Agu,UP3 BULUKUMBA,GD,INSP,"0,00",,2026,,,,,,,,,,,,
101524607,INSPEKSI TIER 1 BT50101,INST1,GD01.06300577,,32770.INSPEKSI1,ULP.32770,COMP,ULP TANETE,,19/08/2026,8/20/26 5:24 AM,KURANG,P_BINTARORE,21/08/2026,,,TND,Agu,UP3 BULUKUMBA,GD,INSP,"0,00",,2026,,,,,,,,,,,,
101524642,INSPEKSI TIER 1 SSTBBK770.GT0228,INST1,GD01.61936973,91499505,32770.INSPEKSI1,ULP.32770,COMP,ULP TANETE,,19/08/2026,8/20/26 5:23 AM,CUKUP,P_BONTO BULAENG,21/08/2026,,,TND,Agu,UP3 BULUKUMBA,GD,INSP,"0,00",,2026,,,,,,,,,,,,
101524763,Perbaikan/Pergantian INSPEKSI TIER 1 SEGMEN TG.KOTA TIMUR.00007-TG.KOTA TIMUR.00007.L0028,INST1,ULP.32710,4691458,32710.INSPEKSI2,ULP.32710,WINSP,ULP PANRITA LOPI,,19/08/2026,,,P_MATTEKO,19/08/2026,,101481668,TND,Agu,UP3 BULUKUMBA,JTM,TL,"0,65",,2026,,,,,,,,,,,,
101524774,Perbaikan/Pergantian INSPEKSI TIER 1 SEGMEN TG.SAPIRI.0D001-TG.SAPIRI.0D033,INST1,ULP.32710,4691494,32710.INSPEKSI2,ULP.32710,WINSP,ULP PANRITA LOPI,,19/08/2026,,,P_SAPIRIA,19/08/2026,,101481790,TND,Agu,UP3 BULUKUMBA,JTM,TL,"1,70",,2026,,,,,,,,,,,,
101524782,Perbaikan/Pergantian INSPEKSI TIER 1 SEGMEN TG.SAPIRI.00001-TG.SAPIRI.00001.R0022,INST1,ULP.32710,4691495,32710.INSPEKSI2,ULP.32710,WINSP,ULP PANRITA LOPI,,19/08/2026,,,P_SAPIRIA,19/08/2026,,101481925,TND,Agu,UP3 BULUKUMBA,JTM,TL,"1,10",,2026,,,,,,,,,,,,
101524786,Perbaikan/Pergantian INSPEKSI TIER 1 SEGMEN TG.SAPIRI.00001-TG.SAPIRI.0010,INST1,ULP.32710,4691496,32710.INSPEKSI2,ULP.32710,WINSP,ULP PANRITA LOPI,,19/08/2026,,,P_SAPIRIA,19/08/2026,,101481991,TND,Agu,UP3 BULUKUMBA,JTM,TL,"0,50",,2026,,,,,,,,,,,,
101524791,Perbaikan/Pergantian INSPEKSI TIER 1 SEGMEN TG.BTMACINNA.00109-TG.BTMACINNA.00168,INST1,ULP.32710,4691497,32710.INSPEKSI2,ULP.32710,WINSP,ULP PANRITA LOPI,,19/08/2026,,,P_BONTOMACINNA,19/08/2026,,101482021,TND,Agu,UP3 BULUKUMBA,JTM,TL,"2,95",,2026,,,,,,,,,,,,
101524806,Perbaikan/Pergantian INSPEKSI TIER 1 BR16000,INST1,GD01.06301551,,32750.INSPEKSI1,ULP.32750,WINSP,ULP SELAYAR,,19/08/2026,,,P_EREMATA,24/08/2026,,100911970,TND,Agu,UP3 BULUKUMBA,GD,TL,"0,00",,2026,,,,,,,,,,,,
101524812,Perbaikan/Pergantian INSPEKSI TIER 1 BR70116,INST1,GD01.06301554,,32750.INSPEKSI1,ULP.32750,WINSP,ULP SELAYAR,,19/08/2026,,,P_EREMATA,24/08/2026,,100911983,TND,Agu,UP3 BULUKUMBA,GD,TL,"0,00",,2026,,,,,,,,,,,,
101524818,Perbaikan/Pergantian INSPEKSI TIER 1 SEGMEN TG.BTSIKUYU.00038-TG.BTSIKUYU.00038.L0122,INST1,ULP.32750,4690764,32750.INSPEKSI3,ULP.32750,WINSP,ULP SELAYAR,,19/08/2026,,,P_TIELINE BENTENG_SELAYAR,24/08/2026,,99551468,TND,Agu,UP3 BULUKUMBA,JTM,TL,"6,10",,2026,,,,,,,,,,,,
101524821,Perbaikan/Pergantian INSPEKSI TIER 1 SEGMEN TG.BTSIKUYU.00075-TG.BTSIKUYU.00075.L0146,INST1,ULP.32750,4690768,32750.INSPEKSI3,ULP.32750,WINSP,ULP SELAYAR,,19/08/2026,,,P_TIELINE BENTENG_SELAYAR,24/08/2026,,99552130,TND,Agu,UP3 BULUKUMBA,JTM,TL,"4,70",,2026,,,,,,,,,,,,
101569707,Perbaikan/Pergantian INSPEKSI TIER 1 SEGMEN TG.ULOE.00198.L0184.L0040-TG.ULOE.00198.L0184.L0097,INST1,ULP.32770,4690949,32770.INSPEKSI3,ULP.32770,COMP,ULP TANETE,,20/08/2026,,BAIK,P_UJUNGLOE,28/08/2026,,101437080,TND,Agu,UP3 BULUKUMBA,JTM,TL,"3,15",,2026,,,,,,,,,,,,
101571951,INSPEKSI TIER 1 BS60-069,INST1,GD01.06301905,,32760.INSPEKSI2,ULP.32760,COMP,ULP SINJAI,,20/08/2026,,BAIK,P_MATUMPU,27/08/2026,,,TND,Agu,UP3 BULUKUMBA,GD,INSP,"0,00",,2026,,,,,,,,,,,,
101574294,INSPEKSI TIER 1 BS60-070,INST1,GD01.06301906,,32760.INSPEKSI2,ULP.32760,COMP,ULP SINJAI,,20/08/2026,,BAIK,P_MATUMPU,28/08/2026,,,TND,Agu,UP3 BULUKUMBA,GD,INSP,"0,00",,2026,,,,,,,,,,,,
101574369,INSPEKSI TIER 1 BS60-071,INST1,GD01.06301907,,32760.INSPEKSI2,ULP.32760,COMP,ULP SINJAI,,20/08/2026,,BAIK,P_MATUMPU,28/08/2026,,,TND,Agu,UP3 BULUKUMBA,GD,INSP,"0,00",,2026,,,,,,,,,,,,
101574686,INSPEKSI TIER 1 BS60-072,INST1,GD01.06301908,,32760.INSPEKSI2,ULP.32760,COMP,ULP SINJAI,,20/08/2026,,BAIK,P_MATUMPU,28/08/2026,,,TND,Agu,UP3 BULUKUMBA,GD,INSP,"0,00",,2026,,,,,,,,,,,,
101576925,INSPEKSI TIER 1 BS60-073,INST1,GD01.06301909,,32760.INSPEKSI2,ULP.32760,COMP,ULP SINJAI,,20/08/2026,,BAIK,P_MATUMPU,28/08/2026,,,TND,Agu,UP3 BULUKUMBA,GD,INSP,"0,00",,2026,,,,,,,,,,,,
101577427,INSPEKSI TIER 1 BS60-074,INST1,GD01.06301910,,32760.INSPEKSI2,ULP.32760,COMP,ULP SINJAI,,20/08/2026,,CUKUP,P_MATUMPU,24/08/2026,,,TND,Agu,UP3 BULUKUMBA,GD,INSP,"0,00",,2026,,,,,,,,,,,,
101577620,INSPEKSI TIER 1 BS60-075,INST1,GD01.06301911,,32760.INSPEKSI2,ULP.32760,COMP,ULP SINJAI,,20/08/2026,,CUKUP,P_MATUMPU,24/08/2026,,,TND,Agu,UP3 BULUKUMBA,GD,INSP,"0,00",,2026,,,,,,,,,,,,
101577714,INSPEKSI TIER 1 BS60-076,INST1,GD01.06301912,,32760.INSPEKSI2,ULP.32760,COMP,ULP SINJAI,,20/08/2026,,BAIK,P_MATUMPU,24/08/2026,,,TND,Agu,UP3 BULUKUMBA,GD,INSP,"0,00",,2026,,,,,,,,,,,,
101583688,INSPEKSI TIER 1 BK56018,INST1,GD01.06300738,,32720.INSPEKSI3,ULP.32720,WFOLLOWUP,ULP KALUMPANG,,20/08/2026,,BURUK,P_SAPOLOHE,28/08/2026,,,TND,Agu,UP3 BULUKUMBA,GD,INSP,"0,00",,2026,,,,,,,,,,,,
101585401,INSPEKSI TIER 1 SEGMEN TG.SLOHE.00131.R0065.R0005-TG.SLOHE.00131.R0065.R0007,INST1,ULP.32720,4690985,32720.INSPEKSI2,ULP.32720,COMP,ULP KALUMPANG,,20/08/2026,,BAIK,P_SAPOLOHE,28/08/2026,,,TND,Agu,UP3 BULUKUMBA,JTM,INSP,"0,10",,2026,,,,,,,,,,,,
101587759,INSPEKSI TIER 1 BS60-077,INST1,GD01.06301913,,32760.INSPEKSI2,ULP.32760,COMP,ULP SINJAI,,20/08/2026,,CUKUP,P_MATUMPU,24/08/2026,,,TND,Agu,UP3 BULUKUMBA,GD,INSP,"0,00",,2026,,,,,,,,,,,,
101588014,INSPEKSI TIER 1 BS60-078,INST1,GD01.06301914,,32760.INSPEKSI2,ULP.32760,COMP,ULP SINJAI,,20/08/2026,,BAIK,P_MATUMPU,25/08/2026,,,TND,Agu,UP3 BULUKUMBA,GD,INSP,"0,00",,2026,,,,,,,,,,,,
101588308,INSPEKSI TIER 1 BS60-079,INST1,GD01.06301915,,32760.INSPEKSI2,ULP.32760,COMP,ULP SINJAI,,20/08/2026,,BAIK,P_MATUMPU,25/08/2026,,,TND,Agu,UP3 BULUKUMBA,GD,INSP,"0,00",,2026,,,,,,,,,,,,
101596319,INSPEKSI TIER 1 BS60-080,INST1,GD01.06301916,,32760.INSPEKSI2,ULP.32760,COMP,ULP SINJAI,,20/08/2026,,CUKUP,P_MATUMPU,27/08/2026,,,TND,Agu,UP3 BULUKUMBA,GD,INSP,"0,00",,2026,,,,,,,,,,,,
101596571,INSPEKSI TIER 1 BS60-081,INST1,GD01.06301917,,32760.INSPEKSI2,ULP.32760,COMP,ULP SINJAI,,20/08/2026,,CUKUP,P_MATUMPU,27/08/2026,,,TND,Agu,UP3 BULUKUMBA,GD,INSP,"0,00",,2026,,,,,,,,,,,,
101597107,INSPEKSI TIER 1 BS60-082,INST1,GD01.06301918,,32760.INSPEKSI2,ULP.32760,COMP,ULP SINJAI,,20/08/2026,,CUKUP,P_MATUMPU,27/08/2026,,,TND,Agu,UP3 BULUKUMBA,GD,INSP,"0,00",,2026,,,,,,,,,,,,
101597288,INSPEKSI TIER 1 BS60-083,INST1,GD01.06301919,,32760.INSPEKSI2,ULP.32760,COMP,ULP SINJAI,,20/08/2026,,CUKUP,P_MATUMPU,27/08/2026,,,TND,Agu,UP3 BULUKUMBA,GD,INSP,"0,00",,2026,,,,,,,,,,,,
101597714,INSPEKSI TIER 1 BS60-084,INST1,GD01.06301920,,32760.INSPEKSI2,ULP.32760,COMP,ULP SINJAI,,20/08/2026,,BAIK,P_MATUMPU,25/08/2026,,,TND,Agu,UP3 BULUKUMBA,GD,INSP,"0,00",,2026,,,,,,,,,,,,
101599889,INSPEKSI TIER 1 BS60-085,INST1,GD01.06301921,,32760.INSPEKSI2,ULP.32760,COMP,ULP SINJAI,,20/08/2026,,BAIK,P_MATUMPU,25/08/2026,,,TND,Agu,UP3 BULUKUMBA,GD,INSP,"0,00",,2026,,,,,,,,,,,,
101600103,INSPEKSI TIER 1 BS60-086,INST1,GD01.06301922,,32760.INSPEKSI2,ULP.32760,COMP,ULP SINJAI,,20/08/2026,,BAIK,P_MATUMPU,25/08/2026,,,TND,Agu,UP3 BULUKUMBA,GD,INSP,"0,00",,2026,,,,,,,,,,,,
101600449,INSPEKSI TIER 1 BS60-166,INST1,GD01.06301923,,32760.INSPEKSI2,ULP.32760,WINSP,ULP SINJAI,,20/08/2026,,,P_MATUMPU,21/08/2026,,,TND,Agu,UP3 BULUKUMBA,GD,INSP,"0,00",,2026,,,,,,,,,,,,
101600666,INSPEKSI TIER 1 BS60-087,INST1,GD01.06301924,,32760.INSPEKSI2,ULP.32760,COMP,ULP SINJAI,,20/08/2026,,BAIK,P_MATUMPU,25/08/2026,,,TND,Agu,UP3 BULUKUMBA,GD,INSP,"0,00",,2026,,,,,,,,,,,,
101600823,INSPEKSI TIER 1 BS60089,INST1,GD01.06301925,,32760.INSPEKSI2,ULP.32760,COMP,ULP SINJAI,,20/08/2026,,KURANG,P_MATUMPU,26/08/2026,,,TND,Agu,UP3 BULUKUMBA,GD,INSP,"0,00",,2026,,,,,,,,,,,,
101601073,INSPEKSI TIER 1 BS60090,INST1,GD01.06301926,,32760.INSPEKSI2,ULP.32760,COMP,ULP SINJAI,,20/08/2026,,KURANG,P_MATUMPU,26/08/2026,,,TND,Agu,UP3 BULUKUMBA,GD,INSP,"0,00",,2026,,,,,,,,,,,,
101601541,INSPEKSI TIER 1 BS60091,INST1,GD01.06301927,,32760.INSPEKSI2,ULP.32760,COMP,ULP SINJAI,,20/08/2026,,KURANG,P_MATUMPU,27/08/2026,,,TND,Agu,UP3 BULUKUMBA,GD,INSP,"0,00",,2026,,,,,,,,,,,,
101601660,INSPEKSI TIER 1 BS60092,INST1,GD01.06301928,,32760.INSPEKSI2,ULP.32760,COMP,ULP SINJAI,,20/08/2026,,KURANG,P_MATUMPU,27/08/2026,,,TND,Agu,UP3 BULUKUMBA,GD,INSP,"0,00",,2026,,,,,,,,,,,,
101601958,INSPEKSI TIER 1 BS60-093,INST1,GD01.06301929,,32760.INSPEKSI2,ULP.32760,COMP,ULP SINJAI,,20/08/2026,,KURANG,P_MATUMPU,26/08/2026,,,TND,Agu,UP3 BULUKUMBA,GD,INSP,"0,00",,2026,,,,,,,,,,,,
101602273,INSPEKSI TIER 1 BS60-095,INST1,GD01.06301931,,32760.INSPEKSI2,ULP.32760,COMP,ULP SINJAI,,20/08/2026,,BAIK,P_MATUMPU,25/08/2026,,,TND,Agu,UP3 BULUKUMBA,GD,INSP,"0,00",,2026,,,,,,,,,,,,
101602437,INSPEKSI TIER 1 BS60-096,INST1,GD01.06301932,,32760.INSPEKSI2,ULP.32760,COMP,ULP SINJAI,,20/08/2026,,BAIK,P_MATUMPU,27/08/2026,,,TND,Agu,UP3 BULUKUMBA,GD,INSP,"0,00",,2026,,,,,,,,,,,,
101603100,INSPEKSI TIER 1 BS60-097,INST1,GD01.06301933,,32760.INSPEKSI2,ULP.32760,COMP,ULP SINJAI,,20/08/2026,,BAIK,P_MATUMPU,27/08/2026,,,TND,Agu,UP3 BULUKUMBA,GD,INSP,"0,00",,2026,,,,,,,,,,,,
101603337,INSPEKSI TIER 1 BS60-098,INST1,GD01.06301934,,32760.INSPEKSI2,ULP.32760,COMP,ULP SINJAI,,20/08/2026,,BAIK,P_MATUMPU,25/08/2026,,,TND,Agu,UP3 BULUKUMBA,GD,INSP,"0,00",,2026,,,,,,,,,,,,
101603530,INSPEKSI TIER 1 BS60-099,INST1,GD01.06301935,,32760.INSPEKSI2,ULP.32760,COMP,ULP SINJAI,,20/08/2026,,BAIK,P_MATUMPU,25/08/2026,,,TND,Agu,UP3 BULUKUMBA,GD,INSP,"0,00",,2026,,,,,,,,,,,,
101603734,INSPEKSI TIER 1 BS60-100,INST1,GD01.06301936,,32760.INSPEKSI2,ULP.32760,COMP,ULP SINJAI,,20/08/2026,,CUKUP,P_MATUMPU,27/08/2026,,,TND,Agu,UP3 BULUKUMBA,GD,INSP,"0,00",,2026,,,,,,,,,,,,
101603970,INSPEKSI TIER 1 BS60-101,INST1,GD01.06301937,,32760.INSPEKSI2,ULP.32760,COMP,ULP SINJAI,,20/08/2026,,BAIK,P_MATUMPU,27/08/2026,,,TND,Agu,UP3 BULUKUMBA,GD,INSP,"0,00",,2026,,,,,,,,,,,,
101604255,INSPEKSI TIER 1 BS60-165,INST1,GD01.06301938,,32760.INSPEKSI2,ULP.32760,COMP,ULP SINJAI,,20/08/2026,,BAIK,P_MATUMPU,27/08/2026,,,TND,Agu,UP3 BULUKUMBA,GD,INSP,"0,00",,2026,,,,,,,,,,,,
101604484,INSPEKSI TIER 1 BS60-102,INST1,GD01.06301939,,32760.INSPEKSI2,ULP.32760,COMP,ULP SINJAI,,20/08/2026,,CUKUP,P_MATUMPU,27/08/2026,,,TND,Agu,UP3 BULUKUMBA,GD,INSP,"0,00",,2026,,,,,,,,,,,,
101605884,INSPEKSI TIER 1 BS60-103,INST1,GD01.06301940,,32760.INSPEKSI2,ULP.32760,COMP,ULP SINJAI,,20/08/2026,,BAIK,P_MATUMPU,27/08/2026,,,TND,Agu,UP3 BULUKUMBA,GD,INSP,"0,00",,2026,,,,,,,,,,,,
101606318,INSPEKSI TIER 1 BS60-088,INST1,GD01.06301941,,32760.INSPEKSI2,ULP.32760,COMP,ULP SINJAI,,20/08/2026,,BAIK,P_MATUMPU,27/08/2026,,,TND,Agu,UP3 BULUKUMBA,GD,INSP,"0,00",,2026,,,,,,,,,,,,
101606480,INSPEKSI TIER 1 BS60-104,INST1,GD01.06301942,,32760.INSPEKSI2,ULP.32760,COMP,ULP SINJAI,,20/08/2026,,BAIK,P_MATUMPU,27/08/2026,,,TND,Agu,UP3 BULUKUMBA,GD,INSP,"0,00",,2026,,,,,,,,,,,,
101606673,INSPEKSI TIER 1 BS60-105,INST1,GD01.06301943,,32760.INSPEKSI2,ULP.32760,COMP,ULP SINJAI,,20/08/2026,,BAIK,P_MATUMPU,27/08/2026,,,TND,Agu,UP3 BULUKUMBA,GD,INSP,"0,00",,2026,,,,,,,,,,,,
101606870,INSPEKSI TIER 1 BS60-106,INST1,GD01.06301944,,32760.INSPEKSI2,ULP.32760,COMP,ULP SINJAI,,20/08/2026,,CUKUP,P_MATUMPU,26/08/2026,,,TND,Agu,UP3 BULUKUMBA,GD,INSP,"0,00",,2026,,,,,,,,,,,,
101607074,INSPEKSI TIER 1 BS60-107,INST1,GD01.06301945,,32760.INSPEKSI2,ULP.32760,COMP,ULP SINJAI,,20/08/2026,,BAIK,P_MATUMPU,26/08/2026,,,TND,Agu,UP3 BULUKUMBA,GD,INSP,"0,00",,2026,,,,,,,,,,,,
101638123,INSPEKSI TIER 1 SEGMEN B.MATENE00001-B.MATENE00069,INST1,ULP.32750,4690792,32750.INSPEKSI3,ULP.32750,WINSP,ULP SELAYAR,,21/08/2026,,,P_BONTOMATENE,24/08/2026,,,TND,Agu,UP3 BULUKUMBA,JTM,INSP,"3,40",,2026,,,,,,,,,,,,
101638536,INSPEKSI TIER 1 SEGMEN B.MATENE00069-B.MATENE00069.R00025,INST1,ULP.32750,4690793,32750.INSPEKSI3,ULP.32750,WINSP,ULP SELAYAR,,21/08/2026,,,P_BONTOMATENE,24/08/2026,,,TND,Agu,UP3 BULUKUMBA,JTM,INSP,"1,25",,2026,,,,,,,,,,,,
101638915,INSPEKSI TIER 1 SEGMEN B.MATENE00069-B.MATENE00088,INST1,ULP.32750,4690794,32750.INSPEKSI3,ULP.32750,WINSP,ULP SELAYAR,,21/08/2026,,,P_BONTOMATENE,24/08/2026,,,TND,Agu,UP3 BULUKUMBA,JTM,INSP,"0,95",,2026,,,,,,,,,,,,
101639422,INSPEKSI TIER 1 SEGMEN B.MATENE00088-B.MATENE00088.R00030,INST1,ULP.32750,4690795,32750.INSPEKSI3,ULP.32750,WINSP,ULP SELAYAR,,21/08/2026,,,P_BONTOMATENE,24/08/2026,,,TND,Agu,UP3 BULUKUMBA,JTM,INSP,"1,50",,2026,,,,,,,,,,,,
101639471,INSPEKSI TIER 1 SEGMEN B.MATENE00088-B.MATENE00172,INST1,ULP.32750,4690796,32750.INSPEKSI3,ULP.32750,WINSP,ULP SELAYAR,,21/08/2026,,,P_BONTOMATENE,24/08/2026,,,TND,Agu,UP3 BULUKUMBA,JTM,INSP,"4,20",,2026,,,,,,,,,,,,
101639577,INSPEKSI TIER 1 SEGMEN B.MATENE00172-B.MATENE00172.R00004,INST1,ULP.32750,4690797,32750.INSPEKSI3,ULP.32750,WINSP,ULP SELAYAR,,21/08/2026,,,P_BONTOMATENE,24/08/2026,,,TND,Agu,UP3 BULUKUMBA,JTM,INSP,"0,20",,2026,,,,,,,,,,,,
101639588,INSPEKSI TIER 1 SEGMEN B.MATENE00172-B.MATENE00186,INST1,ULP.32750,4690798,32750.INSPEKSI3,ULP.32750,WINSP,ULP SELAYAR,,21/08/2026,,,P_BONTOMATENE,24/08/2026,,,TND,Agu,UP3 BULUKUMBA,JTM,INSP,"0,70",,2026,,,,,,,,,,,,
101639743,INSPEKSI TIER 1 SEGMEN B.MATENE00186-B.MATENE00262,INST1,ULP.32750,4690799,32750.INSPEKSI3,ULP.32750,WFOLLOWUP,ULP SELAYAR,,21/08/2026,,BURUK,P_BONTOMATENE,27/08/2026,,,TND,Agu,UP3 BULUKUMBA,JTM,INSP,"3,80",,2026,,,,,,,,,,,,
101639893,INSPEKSI TIER 1 SEGMEN B.MATENE00262-B.MATENE00262.R00001,INST1,ULP.32750,4690800,32750.INSPEKSI3,ULP.32750,COMP,ULP SELAYAR,,21/08/2026,,BAIK,P_BONTOMATENE,27/08/2026,,,TND,Agu,UP3 BULUKUMBA,JTM,INSP,"0,05",,2026,,,,,,,,,,,,
101639909,Perbaikan/Pergantian INSPEKSI TIER 1 SEGMEN TG. LAMATTIRILAU.00583-TG.LAMATTIRILAU.00583.L0007,INST1,ULP.32760,4691702,32760.INSPEKSI1,ULP.32760,WINSP,ULP SINJAI,,21/08/2026,,,P_MATUMPU,21/08/2026,,101378154,TND,Agu,UP3 BULUKUMBA,JTM,TL,"0,35",,2026,,,,,,,,,,,,
101639944,INSPEKSI TIER 1 SEGMEN B.MATENE00262-B.MATENE00302,INST1,ULP.32750,4690801,32750.INSPEKSI3,ULP.32750,WFOLLOWUP,ULP SELAYAR,,21/08/2026,,BURUK,P_BONTOMATENE,27/08/2026,,,TND,Agu,UP3 BULUKUMBA,JTM,INSP,"2,00",,2026,,,,,,,,,,,,
101639999,INSPEKSI TIER 1 SEGMEN B.MATENE00302-B.MATENE00302.R00031,INST1,ULP.32750,4690802,32750.INSPEKSI3,ULP.32750,WFOLLOWUP,ULP SELAYAR,,21/08/2026,,BURUK,P_BONTOMATENE,27/08/2026,,,TND,Agu,UP3 BULUKUMBA,JTM,INSP,"1,55",,2026,,,,,,,,,,,,
101640190,INSPEKSI TIER 1 SEGMEN B.MATENE00186-B.MATENE00186.R00127,INST1,ULP.32750,4690803,32750.INSPEKSI3,ULP.32750,WFOLLOWUP,ULP SELAYAR,,21/08/2026,,BURUK,P_BONTOMATENE,27/08/2026,,,TND,Agu,UP3 BULUKUMBA,JTM,INSP,"6,35",,2026,,,,,,,,,,,,
101640656,INSPEKSI TIER 1 SEGMEN B.MATENE00186.R00127-B.MATENE00186.R00127.R00053,INST1,ULP.32750,4690804,32750.INSPEKSI3,ULP.32750,COMP,ULP SELAYAR,,21/08/2026,,BAIK,P_BONTOMATENE,27/08/2026,,,TND,Agu,UP3 BULUKUMBA,JTM,INSP,"2,65",,2026,,,,,,,,,,,,
101646981,INSPEKSI TIER 1 SSTBBK750.GT0239,INST1,GD01.62259737,91938555,32750.INSPEKSI3,ULP.32750,COMP,ULP SELAYAR,,21/08/2026,,CUKUP,P_BONTOMATENE,27/08/2026,,,TND,Agu,UP3 BULUKUMBA,GD,INSP,"0,00",,2026,,,,,,,,,,,,
101647946,INSPEKSI TIER 1 SSTBBK750.GT0240,INST1,GD01.62259745,91938578,32750.INSPEKSI1,ULP.32750,WINSP,ULP SELAYAR,,21/08/2026,,,P_BONTOMATENE,24/08/2026,,,TND,Agu,UP3 BULUKUMBA,GD,INSP,"0,00",,2026,,,,,,,,,,,,
101649073,INSPEKSI TIER 1 BR70163,INST1,GD01.06301548,,32750.INSPEKSI1,ULP.32750,WINSP,ULP SELAYAR,,21/08/2026,,,P_BONTOBUKI,24/08/2026,,,TND,Agu,UP3 BULUKUMBA,GD,INSP,"0,00",,2026,,,,,,,,,,,,
101649412,INSPEKSI TIER 1 BR70164,INST1,GD01.06301549,,32750.INSPEKSI1,ULP.32750,WINSP,ULP SELAYAR,,21/08/2026,,,P_BONTOBUKI,24/08/2026,,,TND,Agu,UP3 BULUKUMBA,GD,INSP,"0,00",,2026,,,,,,,,,,,,
101649953,INSPEKSI TIER 1 SSTBBK750.GT0057,INST1,GD01.06301557,,32750.INSPEKSI1,ULP.32750,WINSP,ULP SELAYAR,,21/08/2026,,,P_EREMATA,24/08/2026,,,TND,Agu,UP3 BULUKUMBA,GD,INSP,"0,00",,2026,,,,,,,,,,,,
101650211,INSPEKSI TIER 1 BR16006,INST1,GD01.06301558,,32750.INSPEKSI1,ULP.32750,WINSP,ULP SELAYAR,,21/08/2026,,,P_EREMATA,24/08/2026,,,TND,Agu,UP3 BULUKUMBA,GD,INSP,"0,00",,2026,,,,,,,,,,,,
101652508,INSPEKSI TIER 1 BB72580,INST1,GD01.06302399,,32740.INSPEKSI3,ULP.32740,WINSP,ULP BANTAENG,,21/08/2026,,,P_LEMBANG,24/08/2026,,,TND,Agu,UP3 BULUKUMBA,GD,INSP,"0,00",,2026,,,,,,,,,,,,
101652767,INSPEKSI TIER 1 BB72545,INST1,GD01.06302400,,32740.INSPEKSI3,ULP.32740,WINSP,ULP BANTAENG,,21/08/2026,,,P_LEMBANG,21/08/2026,,,TND,Agu,UP3 BULUKUMBA,GD,INSP,"0,00",,2026,,,,,,,,,,,,
101652860,INSPEKSI TIER 1 BB72546,INST1,GD01.06302401,,32740.INSPEKSI3,ULP.32740,WINSP,ULP BANTAENG,,21/08/2026,,,P_LEMBANG,21/08/2026,,,TND,Agu,UP3 BULUKUMBA,GD,INSP,"0,00",,2026,,,,,,,,,,,,
101652990,INSPEKSI TIER 1 BB72547,INST1,GD01.06302402,,32740.INSPEKSI3,ULP.32740,WINSP,ULP BANTAENG,,21/08/2026,,,P_LEMBANG,21/08/2026,,,TND,Agu,UP3 BULUKUMBA,GD,INSP,"0,00",,2026,,,,,,,,,,,,
101653251,INSPEKSI TIER 1 BB72548,INST1,GD01.06302403,,32740.INSPEKSI3,ULP.32740,WINSP,ULP BANTAENG,,21/08/2026,,,P_LEMBANG,21/08/2026,,,TND,Agu,UP3 BULUKUMBA,GD,INSP,"0,00",,2026,,,,,,,,,,,,
101653415,INSPEKSI TIER 1 BB72549,INST1,GD01.06302404,,32740.INSPEKSI3,ULP.32740,COMP,ULP BANTAENG,,21/08/2026,,KURANG,P_LEMBANG,28/08/2026,,,TND,Agu,UP3 BULUKUMBA,GD,INSP,"0,00",,2026,,,,,,,,,,,,
101653601,INSPEKSI TIER 1 BB72550,INST1,GD01.06302406,,32740.INSPEKSI3,ULP.32740,COMP,ULP BANTAENG,,21/08/2026,,CUKUP,P_LEMBANG,28/08/2026,,,TND,Agu,UP3 BULUKUMBA,GD,INSP,"0,00",,2026,,,,,,,,,,,,
101653685,INSPEKSI TIER 1 BB72552,INST1,GD01.06302408,,32740.INSPEKSI3,ULP.32740,WINSP,ULP BANTAENG,,21/08/2026,,,P_LEMBANG,21/08/2026,,,TND,Agu,UP3 BULUKUMBA,GD,INSP,"0,00",,2026,,,,,,,,,,,,
101653732,INSPEKSI TIER 1 BB72553,INST1,GD01.06302409,,32740.INSPEKSI3,ULP.32740,WINSP,ULP BANTAENG,,21/08/2026,,,P_LEMBANG,21/08/2026,,,TND,Agu,UP3 BULUKUMBA,GD,INSP,"0,00",,2026,,,,,,,,,,,,
101653821,INSPEKSI TIER 1 BB72554,INST1,GD01.06302410,,32740.INSPEKSI3,ULP.32740,WINSP,ULP BANTAENG,,21/08/2026,,,P_LEMBANG,21/08/2026,,,TND,Agu,UP3 BULUKUMBA,GD,INSP,"0,00",,2026,,,,,,,,,,,,
101653895,INSPEKSI TIER 1 BB72555,INST1,GD01.06302411,,32740.INSPEKSI3,ULP.32740,WINSP,ULP BANTAENG,,21/08/2026,,,P_LEMBANG,21/08/2026,,,TND,Agu,UP3 BULUKUMBA,GD,INSP,"0,00",,2026,,,,,,,,,,,,
101653956,INSPEKSI TIER 1 BB72556,INST1,GD01.06302412,,32740.INSPEKSI3,ULP.32740,WINSP,ULP BANTAENG,,21/08/2026,,,P_LEMBANG,21/08/2026,,,TND,Agu,UP3 BULUKUMBA,GD,INSP,"0,00",,2026,,,,,,,,,,,,
101654004,INSPEKSI TIER 1 BB72561,INST1,GD01.06302418,,32740.INSPEKSI3,ULP.32740,COMP,ULP BANTAENG,,21/08/2026,,CUKUP,P_LEMBANG,28/08/2026,,,TND,Agu,UP3 BULUKUMBA,GD,INSP,"0,00",,2026,,,,,,,,,,,,
101654383,INSPEKSI TIER 1 BB72562,INST1,GD01.06302419,,32740.INSPEKSI3,ULP.32740,WFOLLOWUP,ULP BANTAENG,,21/08/2026,,BURUK,P_LEMBANG,28/08/2026,,,TND,Agu,UP3 BULUKUMBA,GD,INSP,"0,00",,2026,,,,,,,,,,,,
101654646,INSPEKSI TIER 1 BB72563,INST1,GD01.06302420,,32740.INSPEKSI3,ULP.32740,WFOLLOWUP,ULP BANTAENG,,21/08/2026,,BURUK,P_LEMBANG,28/08/2026,,,TND,Agu,UP3 BULUKUMBA,GD,INSP,"0,00",,2026,,,,,,,,,,,,
101655243,INSPEKSI TIER 1 BB72564,INST1,GD01.06302421,,32710.INSPEKSI3,ULP.32740,WINSP,ULP BANTAENG,,21/08/2026,,,P_LEMBANG,21/08/2026,,,TND,Agu,UP3 BULUKUMBA,GD,INSP,"0,00",,2026,,,,,,,,,,,,
101655447,INSPEKSI TIER 1 BB72565,INST1,GD01.06302422,,32740.INSPEKSI3,ULP.32740,COMP,ULP BANTAENG,,21/08/2026,,KURANG,P_LEMBANG,28/08/2026,,,TND,Agu,UP3 BULUKUMBA,GD,INSP,"0,00",,2026,,,,,,,,,,,,
101655495,INSPEKSI TIER 1 BB72566,INST1,GD01.06302423,,32710.INSPEKSI3,ULP.32740,WINSP,ULP BANTAENG,,21/08/2026,,,P_LEMBANG,21/08/2026,,,TND,Agu,UP3 BULUKUMBA,GD,INSP,"0,00",,2026,,,,,,,,,,,,
101655655,INSPEKSI TIER 1 BB72567,INST1,GD01.06302424,,32740.INSPEKSI3,ULP.32740,WFOLLOWUP,ULP BANTAENG,,21/08/2026,,BURUK,P_LEMBANG,28/08/2026,,,TND,Agu,UP3 BULUKUMBA,GD,INSP,"0,00",,2026,,,,,,,,,,,,
101656883,INSPEKSI TIER 1 BB72568,INST1,GD01.06302425,,32740.INSPEKSI3,ULP.32740,WFOLLOWUP,ULP BANTAENG,,21/08/2026,,BURUK,P_LEMBANG,28/08/2026,,,TND,Agu,UP3 BULUKUMBA,GD,INSP,"0,00",,2026,,,,,,,,,,,,
101657390,INSPEKSI TIER 1 BB72569,INST1,GD01.06302426,,32740.INSPEKSI3,ULP.32740,COMP,ULP BANTAENG,,21/08/2026,,KURANG,P_LEMBANG,28/08/2026,,,TND,Agu,UP3 BULUKUMBA,GD,INSP,"0,00",,2026,,,,,,,,,,,,
101657702,INSPEKSI TIER 1 BB72570,INST1,GD01.06302427,,32740.INSPEKSI3,ULP.32740,COMP,ULP BANTAENG,,21/08/2026,,KURANG,P_LEMBANG,28/08/2026,,,TND,Agu,UP3 BULUKUMBA,GD,INSP,"0,00",,2026,,,,,,,,,,,,
101658216,INSPEKSI TIER 1 BB72571,INST1,GD01.06302428,,32740.INSPEKSI3,ULP.32740,COMP,ULP BANTAENG,,21/08/2026,,KURANG,P_LEMBANG,28/08/2026,,,TND,Agu,UP3 BULUKUMBA,GD,INSP,"0,00",,2026,,,,,,,,,,,,
101658591,INSPEKSI TIER 1 BB72572,INST1,GD01.06302429,,32740.INSPEKSI3,ULP.32740,COMP,ULP BANTAENG,,21/08/2026,,CUKUP,P_LEMBANG,28/08/2026,,,TND,Agu,UP3 BULUKUMBA,GD,INSP,"0,00",,2026,,,,,,,,,,,,
101660270,Perbaikan/Pergantian INSPEKSI TIER 1 BB72506,INST1,GD01.06302359,,32740.INSPEKSI2,ULP.32740,COMP,ULP BANTAENG,,21/08/2026,,BAIK,P_LEMBANG,26/08/2026,,101116442,TND,Agu,UP3 BULUKUMBA,GD,TL,"0,00",,2026,,,,,,,,,,,,
101660295,Perbaikan/Pergantian INSPEKSI TIER 1 BB72508,INST1,GD01.06302361,,32740.INSPEKSI2,ULP.32740,COMP,ULP BANTAENG,,21/08/2026,,KURANG,P_LEMBANG,26/08/2026,,101116638,TND,Agu,UP3 BULUKUMBA,GD,TL,"0,00",,2026,,,,,,,,,,,,
101665809,Perbaikan/Pergantian INSPEKSI TIER 1 BT50044,INST1,GD01.06300535,,32770.INSPEKSI1,ULP.32770,COMP,ULP TANETE,,21/08/2026,,KURANG,P_BINTARORE,27/08/2026,,100917131,TND,Agu,UP3 BULUKUMBA,GD,TL,"0,00",,2026,,,,,,,,,,,,
101665814,Perbaikan/Pergantian INSPEKSI TIER 1 BT50100,INST1,GD01.06300551,,32770.INSPEKSI1,ULP.32770,COMP,ULP TANETE,,21/08/2026,,KURANG,P_BINTARORE,27/08/2026,,101524268,TND,Agu,UP3 BULUKUMBA,GD,TL,"0,00",,2026,,,,,,,,,,,,
101665819,Perbaikan/Pergantian INSPEKSI TIER 1 BT50065,INST1,GD01.06300560,,32770.INSPEKSI1,ULP.32770,COMP,ULP TANETE,,21/08/2026,,KURANG,P_BINTARORE,27/08/2026,,101524379,TND,Agu,UP3 BULUKUMBA,GD,TL,"0,00",,2026,,,,,,,,,,,,
101665824,Perbaikan/Pergantian INSPEKSI TIER 1 BT50066,INST1,GD01.06300561,,32770.INSPEKSI1,ULP.32770,COMP,ULP TANETE,,21/08/2026,,KURANG,P_BINTARORE,27/08/2026,,101524388,TND,Agu,UP3 BULUKUMBA,GD,TL,"0,00",,2026,,,,,,,,,,,,
101665829,Perbaikan/Pergantian INSPEKSI TIER 1 BT50070,INST1,GD01.06300566,,32770.INSPEKSI1,ULP.32770,COMP,ULP TANETE,,21/08/2026,,KURANG,P_BINTARORE,27/08/2026,,101524458,TND,Agu,UP3 BULUKUMBA,GD,TL,"0,00",,2026,,,,,,,,,,,,
101665862,Perbaikan/Pergantian INSPEKSI TIER 1 BT50041,INST1,GD01.06300532,,32770.INSPEKSI1,ULP.32770,COMP,ULP TANETE,,21/08/2026,,KURANG,P_BINTARORE,27/08/2026,,100917102,TND,Agu,UP3 BULUKUMBA,GD,TL,"0,00",,2026,,,,,,,,,,,,
101665867,Perbaikan/Pergantian INSPEKSI TIER 1 BT50039,INST1,GD01.06300530,,32770.INSPEKSI1,ULP.32770,COMP,ULP TANETE,,21/08/2026,,CUKUP,P_BINTARORE,27/08/2026,,100917081,TND,Agu,UP3 BULUKUMBA,GD,TL,"0,00",,2026,,,,,,,,,,,,
101665873,Perbaikan/Pergantian INSPEKSI TIER 1 BT50098,INST1,GD01.06300559,,32770.INSPEKSI1,ULP.32770,COMP,ULP TANETE,,21/08/2026,,KURANG,P_BINTARORE,27/08/2026,,101524359,TND,Agu,UP3 BULUKUMBA,GD,TL,"0,00",,2026,,,,,,,,,,,,
101665878,Perbaikan/Pergantian INSPEKSI TIER 1 BT50060,INST1,GD01.06300554,,32770.INSPEKSI1,ULP.32770,COMP,ULP TANETE,,21/08/2026,,KURANG,P_BINTARORE,27/08/2026,,101524298,TND,Agu,UP3 BULUKUMBA,GD,TL,"0,00",,2026,,,,,,,,,,,,
101665883,Perbaikan/Pergantian INSPEKSI TIER 1 BT50057,INST1,GD01.06300550,,32770.INSPEKSI1,ULP.32770,COMP,ULP TANETE,,21/08/2026,,KURANG,P_BINTARORE,27/08/2026,,101524259,TND,Agu,UP3 BULUKUMBA,GD,TL,"0,00",,2026,,,,,,,,,,,,
101665888,Perbaikan/Pergantian INSPEKSI TIER 1 BT50045,INST1,GD01.06300536,,32770.INSPEKSI1,ULP.32770,COMP,ULP TANETE,,21/08/2026,,KURANG,P_BINTARORE,27/08/2026,,100917143,TND,Agu,UP3 BULUKUMBA,GD,TL,"0,00",,2026,,,,,,,,,,,,
101665893,Perbaikan/Pergantian INSPEKSI TIER 1 BT50094,INST1,GD01.06300632,,32770.INSPEKSI3,ULP.32770,COMP,ULP TANETE,,21/08/2026,,KURANG,P_UJUNGLOE,28/08/2026,,101523122,TND,Agu,UP3 BULUKUMBA,GD,TL,"0,00",,2026,,,,,,,,,,,,
101665898,Perbaikan/Pergantian INSPEKSI TIER 1 BT50096,INST1,GD01.06300633,,32770.INSPEKSI3,ULP.32770,COMP,ULP TANETE,,21/08/2026,,KURANG,P_UJUNGLOE,28/08/2026,,101523247,TND,Agu,UP3 BULUKUMBA,GD,TL,"0,00",,2026,,,,,,,,,,,,
101665903,Perbaikan/Pergantian INSPEKSI TIER 1 BT50092,INST1,GD01.06300635,,32770.INSPEKSI3,ULP.32770,COMP,ULP TANETE,,21/08/2026,,KURANG,P_UJUNGLOE,28/08/2026,,101523277,TND,Agu,UP3 BULUKUMBA,GD,TL,"0,00",,2026,,,,,,,,,,,,
101667664,Perbaikan/Pergantian INSPEKSI TIER 1 SEGMEN TG. LAMATTIRILAU.00493-TG.LAMATTIRILAU.00502,INST1,ULP.32760,4691696,32760.INSPEKSI1,ULP.32760,WINSP,ULP SINJAI,,22/08/2026,,,P_MATUMPU,24/08/2026,,101378028,TND,Agu,UP3 BULUKUMBA,JTM,TL,"0,45",,2026,,,,,,,,,,,,
101679549,INSPEKSI TIER 1 SEGMEN TG.LINGKAR.00073-TG.LINGKAR.00126.R0091.L0155.L0086.R0037.R0012,INST1,ULP.32740,4691945,32740.INSPEKSI3,ULP.32740,COMP,ULP BANTAENG,,24/08/2026,,BAIK,P_LINGKAR,27/08/2026,,,TND,Agu,UP3 BULUKUMBA,JTM,INSP,"0,60",,2026,,,,,,,,,,,,
101679685,INSPEKSI TIER 1 SEGMEN TG.LINGKAR.00073-TG.LINGKAR.00126.R0091.L0155.L0086.R0059,INST1,ULP.32740,4691946,32740.INSPEKSI3,ULP.32740,INPRG,ULP BANTAENG,,24/08/2026,,,P_LINGKAR,24/08/2026,,,TND,Agu,UP3 BULUKUMBA,JTM,INSP,"1,10",,2026,,,,,,,,,,,,
101679772,INSPEKSI TIER 1 SEGMEN TG.LINGKAR.00073-TG.LINGKAR.00126.R0091.L0155.L0086.R0059.L0096,INST1,ULP.32740,4691947,32740.INSPEKSI3,ULP.32740,INPRG,ULP BANTAENG,,24/08/2026,,,P_LINGKAR,24/08/2026,,,TND,Agu,UP3 BULUKUMBA,JTM,INSP,"4,80",,2026,,,,,,,,,,,,
101680145,INSPEKSI TIER 1 SEGMEN TG.LINGKAR.00073-TG.LINGKAR.00126.R0091.L0155.L0086.R0059.R0047,INST1,ULP.32740,4691948,32740.INSPEKSI3,ULP.32740,COMP,ULP BANTAENG,,24/08/2026,,BAIK,P_LINGKAR,27/08/2026,,,TND,Agu,UP3 BULUKUMBA,JTM,INSP,"2,35",,2026,,,,,,,,,,,,
101680347,INSPEKSI TIER 1 SEGMEN TG.LINGKAR.00073-TG.LINGKAR.00126.R0091.L0155.L0193,INST1,ULP.32740,4691949,32740.INSPEKSI3,ULP.32740,INPRG,ULP BANTAENG,,24/08/2026,,,P_LINGKAR,24/08/2026,,,TND,Agu,UP3 BULUKUMBA,JTM,INSP,"5,35",,2026,,,,,,,,,,,,
101680475,INSPEKSI TIER 1 SEGMEN TG.LINGKAR.00073-TG.LINGKAR.00126.R0091.L0155.L0193.L0046,INST1,ULP.32740,4691950,32740.INSPEKSI3,ULP.32740,WINSP,ULP BANTAENG,,24/08/2026,,,P_LINGKAR,24/08/2026,,,TND,Agu,UP3 BULUKUMBA,JTM,INSP,"2,30",,2026,,,,,,,,,,,,
101680545,INSPEKSI TIER 1 SEGMEN TG.LINGKAR.00073-TG.LINGKAR.00126.R0091.L0155.L0193.L0046.L0062,INST1,ULP.32740,4691951,32740.INSPEKSI3,ULP.32740,WINSP,ULP BANTAENG,,24/08/2026,,,P_LINGKAR,24/08/2026,,,TND,Agu,UP3 BULUKUMBA,JTM,INSP,"3,10",,2026,,,,,,,,,,,,
101680635,INSPEKSI TIER 1 SEGMEN TG.LINGKAR.00073-TG.LINGKAR.00126.R0091.L0155.L0193.L0088,INST1,ULP.32740,4691952,32740.INSPEKSI3,ULP.32740,WINSP,ULP BANTAENG,,24/08/2026,,,P_LINGKAR,24/08/2026,,,TND,Agu,UP3 BULUKUMBA,JTM,INSP,"4,40",,2026,,,,,,,,,,,,
101680750,INSPEKSI TIER 1 SEGMEN TG.LINGKAR.00073-TG.LINGKAR.00126.R0091.L0155.L0193.L0088.L0017,INST1,ULP.32740,4691953,32740.INSPEKSI3,ULP.32740,WINSP,ULP BANTAENG,,24/08/2026,,,P_LINGKAR,24/08/2026,,,TND,Agu,UP3 BULUKUMBA,JTM,INSP,"0,85",,2026,,,,,,,,,,,,
101680847,INSPEKSI TIER 1 SEGMEN TG.LINGKAR.00073-TG.LINGKAR.00126.R0091.L0155.L0193.L0100,INST1,ULP.32740,4691954,32740.INSPEKSI3,ULP.32740,WINSP,ULP BANTAENG,,24/08/2026,,,P_LINGKAR,24/08/2026,,,TND,Agu,UP3 BULUKUMBA,JTM,INSP,"0,60",,2026,,,,,,,,,,,,
101680933,INSPEKSI TIER 1 SEGMEN TG.LINGKAR.00073-TG.LINGKAR.00126.R0091.L0155.L0193.R0072,INST1,ULP.32740,4691955,32740.INSPEKSI3,ULP.32740,WINSP,ULP BANTAENG,,24/08/2026,,,P_LINGKAR,24/08/2026,,,TND,Agu,UP3 BULUKUMBA,JTM,INSP,"1,30",,2026,,,,,,,,,,,,
101680981,INSPEKSI TIER 1 SEGMEN TG.LINGKAR.00073-TG.LINGKAR.00126.R0091.L0155.R0017,INST1,ULP.32740,4691956,32740.INSPEKSI3,ULP.32740,COMP,ULP BANTAENG,,24/08/2026,,BAIK,P_LINGKAR,27/08/2026,,,TND,Agu,UP3 BULUKUMBA,JTM,INSP,"0,85",,2026,,,,,,,,,,,,
101681084,INSPEKSI TIER 1 SEGMEN TG.LINGKAR.00073-TG.LINGKAR.00126.R0091.R0052,INST1,ULP.32740,4691957,32740.INSPEKSI3,ULP.32740,COMP,ULP BANTAENG,,24/08/2026,,BAIK,P_LINGKAR,27/08/2026,,,TND,Agu,UP3 BULUKUMBA,JTM,INSP,"2,60",,2026,,,,,,,,,,,,
101681157,INSPEKSI TIER 1 SEGMEN TG.LINGKAR.00126-TG.LINGKAR.00148,INST1,ULP.32740,4691958,32740.INSPEKSI3,ULP.32740,COMP,ULP BANTAENG,,24/08/2026,,BAIK,P_LINGKAR,27/08/2026,,,TND,Agu,UP3 BULUKUMBA,JTM,INSP,"1,10",,2026,,,,,,,,,,,,
101681196,INSPEKSI TIER 1 SEGMEN TG.LINGKAR.00126-TG.LINGKAR.00148.L0005,INST1,ULP.32740,4691959,32740.INSPEKSI3,ULP.32740,COMP,ULP BANTAENG,,24/08/2026,,BAIK,P_LINGKAR,27/08/2026,,,TND,Agu,UP3 BULUKUMBA,JTM,INSP,"0,25",,2026,,,,,,,,,,,,
101681237,INSPEKSI TIER 1 SEGMEN TG.LINGKAR.00126-TG.LINGKAR.00148.R0140,INST1,ULP.32740,4691960,32740.INSPEKSI3,ULP.32740,COMP,ULP BANTAENG,,24/08/2026,,BAIK,P_LINGKAR,27/08/2026,,,TND,Agu,UP3 BULUKUMBA,JTM,INSP,"7,00",,2026,,,,,,,,,,,,
101681425,INSPEKSI TIER 1 SEGMEN TG.LINGKAR.00126-TG.LINGKAR.00148.R0140.L0104,INST1,ULP.32740,4691961,32740.INSPEKSI3,ULP.32740,COMP,ULP BANTAENG,,24/08/2026,,BAIK,P_LINGKAR,27/08/2026,,,TND,Agu,UP3 BULUKUMBA,JTM,INSP,"5,20",,2026,,,,,,,,,,,,
101681712,INSPEKSI TIER 1 SSTBBK730.GT0238,INST1,GD01.60182811,,32730.INSPEKSI2,ULP.32730,WFOLLOWUP,ULP JENEPONTO,,24/08/2026,,BURUK,P_BINAMU,28/08/2026,,,TND,Agu,UP3 BULUKUMBA,GD,INSP,"0,00",,2026,,,,,,,,,,,,
101682054,INSPEKSI TIER 1 SSTBBK730.GT0237,INST1,GD01.61959115,,32730.INSPEKSI2,ULP.32730,COMP,ULP JENEPONTO,,24/08/2026,,CUKUP,P_BINAMU,28/08/2026,,,TND,Agu,UP3 BULUKUMBA,GD,INSP,"0,00",,2026,,,,,,,,,,,,
101682329,INSPEKSI TIER 1 SSTBBK730.GT0635,INST1,GD01.62507861,92492731,32730.INSPEKSI2,ULP.32730,COMP,ULP JENEPONTO,,24/08/2026,,CUKUP,P_BINAMU,28/08/2026,,,TND,Agu,UP3 BULUKUMBA,GD,INSP,"0,00",,2026,,,,,,,,,,,,
101682431,INSPEKSI TIER 1 BJ14000,INST1,GD01.06301327,,32730.INSPEKSI2,ULP.32730,COMP,ULP JENEPONTO,,24/08/2026,,KURANG,P_BINAMU,28/08/2026,,,TND,Agu,UP3 BULUKUMBA,GD,INSP,"0,00",,2026,,,,,,,,,,,,
101682454,INSPEKSI TIER 1 BJ14003,INST1,GD01.06301330,,32730.INSPEKSI2,ULP.32730,COMP,ULP JENEPONTO,,24/08/2026,,KURANG,P_BINAMU,28/08/2026,,,TND,Agu,UP3 BULUKUMBA,GD,INSP,"0,00",,2026,,,,,,,,,,,,
101682640,INSPEKSI TIER 1 SSTBBK730.GT0230,INST1,GD01.19602612,,32730.INSPEKSI2,ULP.32730,WFOLLOWUP,ULP JENEPONTO,,24/08/2026,,BURUK,P_ARUNGKEKE,28/08/2026,,,TND,Agu,UP3 BULUKUMBA,GD,INSP,"0,00",,2026,,,,,,,,,,,,
101682904,INSPEKSI TIER 1 SSTBBK730.GT0226,INST1,GD01.19602614,,32730.INSPEKSI2,ULP.32730,WINSP,ULP JENEPONTO,,24/08/2026,,,P_ARUNGKEKE,24/08/2026,,,TND,Agu,UP3 BULUKUMBA,GD,INSP,"0,00",,2026,,,,,,,,,,,,
101683050,INSPEKSI TIER 1 SSTBBK730.GT0229,INST1,GD01.06300923,,32730.INSPEKSI2,ULP.32730,INPRG,ULP JENEPONTO,,24/08/2026,,,P_ARUNGKEKE,26/08/2026,,,TND,Agu,UP3 BULUKUMBA,GD,INSP,"0,00",,2026,,,,,,,,,,,,
101683101,INSPEKSI TIER 1 BJ12060,INST1,GD01.19602629,,32730.INSPEKSI2,ULP.32730,WINSP,ULP JENEPONTO,,24/08/2026,,,P_ARUNGKEKE,24/08/2026,,,TND,Agu,UP3 BULUKUMBA,GD,INSP,"0,00",,2026,,,,,,,,,,,,
101683227,INSPEKSI TIER 1 SSTBBK730.GT0192,INST1,GD01.22369137,117692,32730.INSPEKSI2,ULP.32730,INPRG,ULP JENEPONTO,,24/08/2026,,,P_ARUNGKEKE,26/08/2026,,,TND,Agu,UP3 BULUKUMBA,GD,INSP,"0,00",,2026,,,,,,,,,,,,
101683384,INSPEKSI TIER 1 SSTBBK730.GT0631,INST1,GD01.06300978,,32730.INSPEKSI2,ULP.32730,WINSP,ULP JENEPONTO,,24/08/2026,,,P_PASAR KARISA,24/08/2026,,,TND,Agu,UP3 BULUKUMBA,GD,INSP,"0,00",,2026,,,,,,,,,,,,
101683497,INSPEKSI TIER 1 SSTBBK730.GT0638,INST1,GD01.62507911,92492781,32730.INSPEKSI2,ULP.32730,COMP,ULP JENEPONTO,,24/08/2026,,CUKUP,P_PASAR KARISA,28/08/2026,,,TND,Agu,UP3 BULUKUMBA,GD,INSP,"0,00",,2026,,,,,,,,,,,,
101683667,INSPEKSI TIER 1 SSTBBK730.GT0644,INST1,GD01.62684797,92673077,32730.INSPEKSI2,ULP.32730,INPRG,ULP JENEPONTO,,24/08/2026,,,P_PASAR KARISA,26/08/2026,,,TND,Agu,UP3 BULUKUMBA,GD,INSP,"0,00",,2026,,,,,,,,,,,,
101683835,INSPEKSI TIER 1 SSTBBK730.GT0646,INST1,GD01.62684831,92673086,32730.INSPEKSI2,ULP.32730,WINSP,ULP JENEPONTO,,24/08/2026,,,P_PASAR KARISA,24/08/2026,,,TND,Agu,UP3 BULUKUMBA,GD,INSP,"0,00",,2026,,,,,,,,,,,,
101684078,INSPEKSI TIER 1 SSTBBK730.GT0648,INST1,GD01.62924887,92976831,32730.INSPEKSI2,ULP.32730,WINSP,ULP JENEPONTO,,24/08/2026,,,P_PASAR KARISA,24/08/2026,,,TND,Agu,UP3 BULUKUMBA,GD,INSP,"0,00",,2026,,,,,,,,,,,,
101684461,INSPEKSI TIER 1 BJ61002,INST1,GD01.06301203,,32730.INSPEKSI2,ULP.32730,COMP,ULP JENEPONTO,,24/08/2026,,KURANG,P_PASAR KARISA,28/08/2026,,,TND,Agu,UP3 BULUKUMBA,GD,INSP,"0,00",,2026,,,,,,,,,,,,
101684536,INSPEKSI TIER 1 BJ61003,INST1,GD01.06301204,,32730.INSPEKSI2,ULP.32730,INPRG,ULP JENEPONTO,,24/08/2026,,,P_PASAR KARISA,26/08/2026,,,TND,Agu,UP3 BULUKUMBA,GD,INSP,"0,00",,2026,,,,,,,,,,,,
101684556,INSPEKSI TIER 1 BJ61005,INST1,GD01.06301206,,32730.INSPEKSI2,ULP.32730,WINSP,ULP JENEPONTO,,24/08/2026,,,P_PASAR KARISA,24/08/2026,,,TND,Agu,UP3 BULUKUMBA,GD,INSP,"0,00",,2026,,,,,,,,,,,,
101684584,INSPEKSI TIER 1 BJ61006,INST1,GD01.06301207,,32730.INSPEKSI2,ULP.32730,WINSP,ULP JENEPONTO,,24/08/2026,,,P_PASAR KARISA,24/08/2026,,,TND,Agu,UP3 BULUKUMBA,GD,INSP,"0,00",,2026,,,,,,,,,,,,
101684661,INSPEKSI TIER 1 BJ61008,INST1,GD01.06301209,,32730.INSPEKSI2,ULP.32730,WINSP,ULP JENEPONTO,,24/08/2026,,,P_PASAR KARISA,24/08/2026,,,TND,Agu,UP3 BULUKUMBA,GD,INSP,"0,00",,2026,,,,,,,,,,,,
101684710,INSPEKSI TIER 1 BJ61009,INST1,GD01.06301210,,32730.INSPEKSI2,ULP.32730,WINSP,ULP JENEPONTO,,24/08/2026,,,P_PASAR KARISA,24/08/2026,,,TND,Agu,UP3 BULUKUMBA,GD,INSP,"0,00",,2026,,,,,,,,,,,,
101684749,INSPEKSI TIER 1 BJ61011,INST1,GD01.06301212,,32730.INSPEKSI2,ULP.32730,WINSP,ULP JENEPONTO,,24/08/2026,,,P_PASAR KARISA,24/08/2026,,,TND,Agu,UP3 BULUKUMBA,GD,INSP,"0,00",,2026,,,,,,,,,,,,
101684816,INSPEKSI TIER 1 BJ61012,INST1,GD01.06301213,,32730.INSPEKSI2,ULP.32730,WINSP,ULP JENEPONTO,,24/08/2026,,,P_PASAR KARISA,24/08/2026,,,TND,Agu,UP3 BULUKUMBA,GD,INSP,"0,00",,2026,,,,,,,,,,,,
101691662,INSPEKSI TIER 1 BJ16004,INST1,GD01.06301160,,32730.INSPEKSI2,ULP.32730,WINSP,ULP JENEPONTO,,24/08/2026,,,P_JENTAK,24/08/2026,,,TND,Agu,UP3 BULUKUMBA,GD,INSP,"0,00",,2026,,,,,,,,,,,,
101692436,INSPEKSI TIER 1 SSTBBK730.GT0028,INST1,GD01.19602625,,32730.INSPEKSI2,ULP.32730,COMP,ULP JENEPONTO,,24/08/2026,,KURANG,P_TOLO,28/08/2026,,,TND,Agu,UP3 BULUKUMBA,GD,INSP,"0,00",,2026,,,,,,,,,,,,
101692705,INSPEKSI TIER 1 SSTBBK730.GT0032,INST1,GD01.22368800,117357,32730.INSPEKSI2,ULP.32730,INPRG,ULP JENEPONTO,,24/08/2026,,,P_TOLO,26/08/2026,,,TND,Agu,UP3 BULUKUMBA,GD,INSP,"0,00",,2026,,,,,,,,,,,,
101693077,INSPEKSI TIER 1 SSTBBK730.GT0033,INST1,GD01.22368802,117360,32730.INSPEKSI2,ULP.32730,INPRG,ULP JENEPONTO,,24/08/2026,,,P_TOLO,26/08/2026,,,TND,Agu,UP3 BULUKUMBA,GD,INSP,"0,00",,2026,,,,,,,,,,,,
101693355,INSPEKSI TIER 1 SSTBBK730.GT0462,INST1,GD01.24540404,173618,32730.INSPEKSI2,ULP.32730,WINSP,ULP JENEPONTO,,24/08/2026,,,P_TOLO,24/08/2026,,,TND,Agu,UP3 BULUKUMBA,GD,INSP,"0,00",,2026,,,,,,,,,,,,
101693588,INSPEKSI TIER 1 SSTBBK730.GT0084,INST1,GD01.60197793,89641314,32730.INSPEKSI2,ULP.32730,INPRG,ULP JENEPONTO,,24/08/2026,,,P_TOLO,26/08/2026,,,TND,Agu,UP3 BULUKUMBA,GD,INSP,"0,00",,2026,,,,,,,,,,,,
101693623,INSPEKSI TIER 1 SSTBBK730.GT0632,INST1,GD01.62507818,92492580,32730.INSPEKSI2,ULP.32730,INPRG,ULP JENEPONTO,,24/08/2026,,,P_TOLO,26/08/2026,,,TND,Agu,UP3 BULUKUMBA,GD,INSP,"0,00",,2026,,,,,,,,,,,,
101693679,INSPEKSI TIER 1 SSTBBK730.GT0634,INST1,GD01.62507847,92492662,32730.INSPEKSI2,ULP.32730,COMP,ULP JENEPONTO,,24/08/2026,,CUKUP,P_BATANG,28/08/2026,,,TND,Agu,UP3 BULUKUMBA,GD,INSP,"0,00",,2026,,,,,,,,,,,,
101693701,INSPEKSI TIER 1 SSTBBK730.GT0641,INST1,GD01.62507954,92492815,32730.INSPEKSI2,ULP.32730,WINSP,ULP JENEPONTO,,24/08/2026,,,P_JENTAK,24/08/2026,,,TND,Agu,UP3 BULUKUMBA,GD,INSP,"0,00",,2026,,,,,,,,,,,,
101694043,INSPEKSI TIER 1 SSTBBK730.GT0643,INST1,GD01.62507978,92492844,32730.INSPEKSI2,ULP.32730,WINSP,ULP JENEPONTO,,24/08/2026,,,P_JENTAK,24/08/2026,,,TND,Agu,UP3 BULUKUMBA,GD,INSP,"0,00",,2026,,,,,,,,,,,,
101694239,INSPEKSI TIER 1 SSTBBK730.GT0228,INST1,GD01.06300587,,32730.INSPEKSI2,ULP.32730,WINSP,ULP JENEPONTO,,24/08/2026,,,P_BINTARORE,24/08/2026,,,TND,Agu,UP3 BULUKUMBA,GD,INSP,"0,00",,2026,,,,,,,,,,,,
101695047,INSPEKSI TIER 1 BJ11018,INST1,GD01.06301035,,32730.INSPEKSI2,ULP.32730,WINSP,ULP JENEPONTO,,24/08/2026,,,P_BATANG,24/08/2026,,,TND,Agu,UP3 BULUKUMBA,GD,INSP,"0,00",,2026,,,,,,,,,,,,
101695089,INSPEKSI TIER 1 BJ11025,INST1,GD01.06301042,,32730.INSPEKSI2,ULP.32730,COMP,ULP JENEPONTO,,24/08/2026,,KURANG,P_BATANG,28/08/2026,,,TND,Agu,UP3 BULUKUMBA,GD,INSP,"0,00",,2026,,,,,,,,,,,,
101695163,INSPEKSI TIER 1 BJ11026,INST1,GD01.06301043,,32730.INSPEKSI2,ULP.32730,COMP,ULP JENEPONTO,,24/08/2026,,KURANG,P_BATANG,28/08/2026,,,TND,Agu,UP3 BULUKUMBA,GD,INSP,"0,00",,2026,,,,,,,,,,,,
101695209,INSPEKSI TIER 1 BJ11027,INST1,GD01.06301044,,32730.INSPEKSI2,ULP.32730,COMP,ULP JENEPONTO,,24/08/2026,,KURANG,P_BATANG,28/08/2026,,,TND,Agu,UP3 BULUKUMBA,GD,INSP,"0,00",,2026,,,,,,,,,,,,
101695262,INSPEKSI TIER 1 BJ11028,INST1,GD01.06301045,,32730.INSPEKSI2,ULP.32730,WFOLLOWUP,ULP JENEPONTO,,24/08/2026,,BURUK,P_BATANG,28/08/2026,,,TND,Agu,UP3 BULUKUMBA,GD,INSP,"0,00",,2026,,,,,,,,,,,,
101695317,INSPEKSI TIER 1 BJ11029,INST1,GD01.06301046,,32730.INSPEKSI2,ULP.32730,COMP,ULP JENEPONTO,,24/08/2026,,KURANG,P_BATANG,28/08/2026,,,TND,Agu,UP3 BULUKUMBA,GD,INSP,"0,00",,2026,,,,,,,,,,,,
101695344,INSPEKSI TIER 1 BJ11030,INST1,GD01.06301047,,32730.INSPEKSI2,ULP.32730,WINSP,ULP JENEPONTO,,24/08/2026,,,P_BATANG,24/08/2026,,,TND,Agu,UP3 BULUKUMBA,GD,INSP,"0,00",,2026,,,,,,,,,,,,
101695394,INSPEKSI TIER 1 BJ11031,INST1,GD01.06301048,,32730.INSPEKSI2,ULP.32730,WINSP,ULP JENEPONTO,,24/08/2026,,,P_BATANG,24/08/2026,,,TND,Agu,UP3 BULUKUMBA,GD,INSP,"0,00",,2026,,,,,,,,,,,,
101695731,INSPEKSI TIER 1 BJ11032,INST1,GD01.06301049,,32730.INSPEKSI2,ULP.32730,WINSP,ULP JENEPONTO,,24/08/2026,,,P_BATANG,24/08/2026,,,TND,Agu,UP3 BULUKUMBA,GD,INSP,"0,00",,2026,,,,,,,,,,,,
101695841,INSPEKSI TIER 1 BJ11033,INST1,GD01.06301050,,32730.INSPEKSI2,ULP.32730,WINSP,ULP JENEPONTO,,24/08/2026,,,P_BATANG,24/08/2026,,,TND,Agu,UP3 BULUKUMBA,GD,INSP,"0,00",,2026,,,,,,,,,,,,
101695867,INSPEKSI TIER 1 BJ11035,INST1,GD01.06301052,,32730.INSPEKSI2,ULP.32730,WINSP,ULP JENEPONTO,,24/08/2026,,,P_BATANG,24/08/2026,,,TND,Agu,UP3 BULUKUMBA,GD,INSP,"0,00",,2026,,,,,,,,,,,,
101695880,INSPEKSI TIER 1 BJ11036,INST1,GD01.06301053,,32730.INSPEKSI2,ULP.32730,WINSP,ULP JENEPONTO,,24/08/2026,,,P_BATANG,24/08/2026,,,TND,Agu,UP3 BULUKUMBA,GD,INSP,"0,00",,2026,,,,,,,,,,,,
101695918,INSPEKSI TIER 1 BJ11037,INST1,GD01.06301054,,32730.INSPEKSI2,ULP.32730,WINSP,ULP JENEPONTO,,24/08/2026,,,P_BATANG,24/08/2026,,,TND,Agu,UP3 BULUKUMBA,GD,INSP,"0,00",,2026,,,,,,,,,,,,
101696169,INSPEKSI TIER 1 BJ11038,INST1,GD01.06301055,,32730.INSPEKSI2,ULP.32730,WINSP,ULP JENEPONTO,,24/08/2026,,,P_BATANG,24/08/2026,,,TND,Agu,UP3 BULUKUMBA,GD,INSP,"0,00",,2026,,,,,,,,,,,,
101696317,INSPEKSI TIER 1 BJ11039,INST1,GD01.06301056,,32730.INSPEKSI2,ULP.32730,WINSP,ULP JENEPONTO,,24/08/2026,,,P_BATANG,24/08/2026,,,TND,Agu,UP3 BULUKUMBA,GD,INSP,"0,00",,2026,,,,,,,,,,,,
101696706,INSPEKSI TIER 1 BJ11040,INST1,GD01.06301057,,32730.INSPEKSI2,ULP.32730,WINSP,ULP JENEPONTO,,24/08/2026,,,P_BATANG,24/08/2026,,,TND,Agu,UP3 BULUKUMBA,GD,INSP,"0,00",,2026,,,,,,,,,,,,
101697889,INSPEKSI TIER 1 BJ11041,INST1,GD01.06301058,,32730.INSPEKSI2,ULP.32730,WINSP,ULP JENEPONTO,,24/08/2026,,,P_BATANG,24/08/2026,,,TND,Agu,UP3 BULUKUMBA,GD,INSP,"0,00",,2026,,,,,,,,,,,,
101697927,INSPEKSI TIER 1 BJ11042,INST1,GD01.06301059,,32730.INSPEKSI2,ULP.32730,WINSP,ULP JENEPONTO,,24/08/2026,,,P_BATANG,24/08/2026,,,TND,Agu,UP3 BULUKUMBA,GD,INSP,"0,00",,2026,,,,,,,,,,,,
101697977,INSPEKSI TIER 1 BJ11043,INST1,GD01.06301060,,32730.INSPEKSI2,ULP.32730,WINSP,ULP JENEPONTO,,24/08/2026,,,P_BATANG,24/08/2026,,,TND,Agu,UP3 BULUKUMBA,GD,INSP,"0,00",,2026,,,,,,,,,,,,
101698044,INSPEKSI TIER 1 BJ11044,INST1,GD01.06301061,,32730.INSPEKSI2,ULP.32730,WINSP,ULP JENEPONTO,,24/08/2026,,,P_BATANG,24/08/2026,,,TND,Agu,UP3 BULUKUMBA,GD,INSP,"0,00",,2026,,,,,,,,,,,,
101698128,INSPEKSI TIER 1 BJ11045,INST1,GD01.06301062,,32730.INSPEKSI2,ULP.32730,WINSP,ULP JENEPONTO,,24/08/2026,,,P_BATANG,24/08/2026,,,TND,Agu,UP3 BULUKUMBA,GD,INSP,"0,00",,2026,,,,,,,,,,,,
101698379,INSPEKSI TIER 1 BJ11046,INST1,GD01.06301063,,32730.INSPEKSI2,ULP.32730,WINSP,ULP JENEPONTO,,24/08/2026,,,P_BATANG,24/08/2026,,,TND,Agu,UP3 BULUKUMBA,GD,INSP,"0,00",,2026,,,,,,,,,,,,
101698469,INSPEKSI TIER 1 BJ11047,INST1,GD01.06301064,,32730.INSPEKSI2,ULP.32730,WINSP,ULP JENEPONTO,,24/08/2026,,,P_BATANG,24/08/2026,,,TND,Agu,UP3 BULUKUMBA,GD,INSP,"0,00",,2026,,,,,,,,,,,,
101698559,INSPEKSI TIER 1 BJ11048,INST1,GD01.06301065,,32730.INSPEKSI2,ULP.32730,WINSP,ULP JENEPONTO,,24/08/2026,,,P_BATANG,24/08/2026,,,TND,Agu,UP3 BULUKUMBA,GD,INSP,"0,00",,2026,,,,,,,,,,,,
101698651,INSPEKSI TIER 1 BJ11049,INST1,GD01.06301066,,32730.INSPEKSI2,ULP.32730,WINSP,ULP JENEPONTO,,24/08/2026,,,P_BATANG,24/08/2026,,,TND,Agu,UP3 BULUKUMBA,GD,INSP,"0,00",,2026,,,,,,,,,,,,
101698684,INSPEKSI TIER 1 BJ11050,INST1,GD01.06301067,,32730.INSPEKSI2,ULP.32730,WINSP,ULP JENEPONTO,,24/08/2026,,,P_BATANG,24/08/2026,,,TND,Agu,UP3 BULUKUMBA,GD,INSP,"0,00",,2026,,,,,,,,,,,,
101698705,INSPEKSI TIER 1 BJ11052,INST1,GD01.06301069,,32730.INSPEKSI2,ULP.32730,WINSP,ULP JENEPONTO,,24/08/2026,,,P_BATANG,24/08/2026,,,TND,Agu,UP3 BULUKUMBA,GD,INSP,"0,00",,2026,,,,,,,,,,,,
101698750,INSPEKSI TIER 1 BJ11053,INST1,GD01.06301070,,32730.INSPEKSI2,ULP.32730,WINSP,ULP JENEPONTO,,24/08/2026,,,P_BATANG,24/08/2026,,,TND,Agu,UP3 BULUKUMBA,GD,INSP,"0,00",,2026,,,,,,,,,,,,
101708439,Perbaikan/Pergantian INSPEKSI TIER 1 BR70053,INST1,GD01.06301571,,32750.INSPEKSI1,ULP.32750,WINSP,ULP SELAYAR,,24/08/2026,,,P_TIELINE SELAYAR 1,24/08/2026,,100913509,TND,Agu,UP3 BULUKUMBA,GD,TL,"0,00",,2026,,,,,,,,,,,,
101708505,Perbaikan/Pergantian INSPEKSI TIER 1 BR70059,INST1,GD01.06301580,,32750.INSPEKSI1,ULP.32750,WINSP,ULP SELAYAR,,24/08/2026,,,P_TIELINE SELAYAR 1,24/08/2026,,100155468,TND,Agu,UP3 BULUKUMBA,GD,TL,"0,00",,2026,,,,,,,,,,,,
101708547,Perbaikan/Pergantian INSPEKSI TIER 1 BR70047,INST1,GD01.06301568,,32750.INSPEKSI1,ULP.32750,WINSP,ULP SELAYAR,,24/08/2026,,,P_TIELINE SELAYAR 1,24/08/2026,,97462466,TND,Agu,UP3 BULUKUMBA,GD,TL,"0,00",,2026,,,,,,,,,,,,
101708581,Perbaikan/Pergantian INSPEKSI TIER 1 BR70054,INST1,GD01.06301572,,32750.INSPEKSI1,ULP.32750,WINSP,ULP SELAYAR,,24/08/2026,,,P_TIELINE SELAYAR 1,24/08/2026,,100913560,TND,Agu,UP3 BULUKUMBA,GD,TL,"0,00",,2026,,,,,,,,,,,,
101708681,Perbaikan/Pergantian INSPEKSI TIER 1 SEGMEN TG.BTSIKUYU.00608-TG.BTSIKUYU.00823,INST1,ULP.32750,4690782,32750.INSPEKSI3,ULP.32750,COMP,ULP SELAYAR,,24/08/2026,,BAIK,P_TIELINE BENTENG_SELAYAR,27/08/2026,,99552709,TND,Agu,UP3 BULUKUMBA,JTM,TL,"10,75",,2026,,,,,,,,,,,,
101708965,Perbaikan/Pergantian INSPEKSI TIER 1 SEGMEN TG.BTMANAI.00277-TG.BTMANAI.00349,INST1,ULP.32750,4690737,32750.INSPEKSI3,ULP.32750,WINSP,ULP SELAYAR,,24/08/2026,,,P_BONTOMANAI,24/08/2026,,101378571,TND,Agu,UP3 BULUKUMBA,JTM,TL,"3,55",,2026,,,,,,,,,,,,
101709127,Perbaikan/Pergantian INSPEKSI TIER 1 GT SISIPAN BONELOHE,INST1,GD01.06301652,,32750.INSPEKSI1,ULP.32750,WINSP,ULP SELAYAR,,24/08/2026,,,P_BONTOMATENE,24/08/2026,,100916083,TND,Agu,UP3 BULUKUMBA,GD,TL,"0,00",,2026,,,,,,,,,,,,
101709182,Perbaikan/Pergantian INSPEKSI TIER 1 BR15062,INST1,GD01.06301653,,32750.INSPEKSI1,ULP.32750,WINSP,ULP SELAYAR,,24/08/2026,,,P_BONTOMATENE,24/08/2026,,100916013,TND,Agu,UP3 BULUKUMBA,GD,TL,"0,00",,2026,,,,,,,,,,,,
101709272,Perbaikan/Pergantian INSPEKSI TIER 1 SEGMEN TG.BTSIKUYU.00238-TG.BTSIKUYU.00546,INST1,ULP.32750,4690778,32750.INSPEKSI3,ULP.32750,COMP,ULP SELAYAR,,24/08/2026,,BAIK,P_TIELINE BENTENG_SELAYAR,27/08/2026,,99552312,TND,Agu,UP3 BULUKUMBA,JTM,TL,"15,40",,2026,,,,,,,,,,,,
101709367,Perbaikan/Pergantian INSPEKSI TIER 1 BR70147,INST1,GD01.06301535,,32750.INSPEKSI3,ULP.32750,WOREJECT,ULP SELAYAR,,24/08/2026,,BURUK,P_BONTOBUKI,27/08/2026,,100150637,TND,Agu,UP3 BULUKUMBA,GD,TL,"0,00",,2026,,,,,,,,,,,,
101709428,Perbaikan/Pergantian INSPEKSI TIER 1 SEGMEN TG.BTMANAI.00349-TG.BTMANAI.00349.L0037,INST1,ULP.32750,4690738,32750.INSPEKSI3,ULP.32750,COMP,ULP SELAYAR,,24/08/2026,,BAIK,P_BONTOMANAI,27/08/2026,,101378651,TND,Agu,UP3 BULUKUMBA,JTM,TL,"1,85",,2026,,,,,,,,,,,,
101711685,Perbaikan/Pergantian INSPEKSI TIER 1 BJ63722,INST1,GD01.06301012,,32730.INSPEKSI1,ULP.32730,WINSP,ULP JENEPONTO,,24/08/2026,,,P_PASAR KARISA,24/08/2026,,100737081,TND,Agu,UP3 BULUKUMBA,GD,TL,"0,00",,2026,,,,,,,,,,,,
101711711,Perbaikan/Pergantian INSPEKSI TIER 1 BJ63721,INST1,GD01.06301011,,32730.INSPEKSI1,ULP.32730,WINSP,ULP JENEPONTO,,24/08/2026,,,P_PASAR KARISA,24/08/2026,,100917227,TND,Agu,UP3 BULUKUMBA,GD,TL,"0,00",,2026,,,,,,,,,,,,
101711800,Perbaikan/Pergantian INSPEKSI TIER 1 BJ63726,INST1,GD01.06301016,,32730.INSPEKSI1,ULP.32730,WINSP,ULP JENEPONTO,,24/08/2026,,,P_PASAR KARISA,24/08/2026,,100917257,TND,Agu,UP3 BULUKUMBA,GD,TL,"0,00",,2026,,,,,,,,,,,,
101715215,Perbaikan/Pergantian INSPEKSI TIER 1 BT50009,INST1,GD01.06300492,,32770.INSPEKSI1,ULP.32770,COMP,ULP TANETE,,24/08/2026,,KURANG,P_BINTARORE,27/08/2026,,100916837,TND,Agu,UP3 BULUKUMBA,GD,TL,"0,00",,2026,,,,,,,,,,,,
101716306,INSPEKSI TIER 1 BS59104,INST1,GD01.06302833,,32760.INSPEKSI2,ULP.32760,COMP,ULP SINJAI,,24/08/2026,,KURANG,P_LITHA,26/08/2026,,,TND,Agu,UP3 BULUKUMBA,GD,INSP,"0,00",,2026,,,,,,,,,,,,
101716547,INSPEKSI TIER 1 BS60-067,INST1,GD01.06301903,,32760.INSPEKSI2,ULP.32760,COMP,ULP SINJAI,,24/08/2026,,BAIK,P_MATUMPU,27/08/2026,,,TND,Agu,UP3 BULUKUMBA,GD,INSP,"0,00",,2026,,,,,,,,,,,,
101716650,INSPEKSI TIER 1 BS08005,INST1,GD01.06301774,,32760.INSPEKSI2,ULP.32760,COMP,ULP SINJAI,,24/08/2026,,KURANG,P_MATUMPU,27/08/2026,,,TND,Agu,UP3 BULUKUMBA,GD,INSP,"0,00",,2026,,,,,,,,,,,,
101717456,INSPEKSI TIER 1 BS60013,INST1,GD01.06301847,,32760.INSPEKSI2,ULP.32760,COMP,ULP SINJAI,,24/08/2026,,KURANG,P_MATUMPU,27/08/2026,,,TND,Agu,UP3 BULUKUMBA,GD,INSP,"0,00",,2026,,,,,,,,,,,,
101717598,INSPEKSI TIER 1 BS59187,INST1,GD01.06302003,,32760.INSPEKSI2,ULP.32760,COMP,ULP SINJAI,,24/08/2026,,KURANG,P_TIELINE TANGKA,28/08/2026,,,TND,Agu,UP3 BULUKUMBA,GD,INSP,"0,00",,2026,,,,,,,,,,,,
101717614,INSPEKSI TIER 1 BS59179,INST1,GD01.06302006,,32760.INSPEKSI2,ULP.32760,COMP,ULP SINJAI,,24/08/2026,,KURANG,P_TIELINE TANGKA,28/08/2026,,,TND,Agu,UP3 BULUKUMBA,GD,INSP,"0,00",,2026,,,,,,,,,,,,
101717625,INSPEKSI TIER 1 BS59178,INST1,GD01.06302007,,32760.INSPEKSI2,ULP.32760,COMP,ULP SINJAI,,24/08/2026,,KURANG,P_TIELINE TANGKA,28/08/2026,,,TND,Agu,UP3 BULUKUMBA,GD,INSP,"0,00",,2026,,,,,,,,,,,,
101717640,INSPEKSI TIER 1 BS59162,INST1,GD01.06302019,,32760.INSPEKSI2,ULP.32760,COMP,ULP SINJAI,,24/08/2026,,KURANG,P_TIELINE TANGKA,28/08/2026,,,TND,Agu,UP3 BULUKUMBA,GD,INSP,"0,00",,2026,,,,,,,,,,,,
101717671,INSPEKSI TIER 1 INSPEKSI TIER 1 BS06001,INST1,GD01.06302722,,32760.INSPEKSI2,ULP.32760,COMP,ULP SINJAI,,24/08/2026,,KURANG,P_LITHA,27/08/2026,,,TND,Agu,UP3 BULUKUMBA,GD,INSP,"0,00",,2026,,,,,,,,,,,,
101717693,INSPEKSI TIER 1 BS59000,INST1,GD01.06302724,,32760.INSPEKSI2,ULP.32760,COMP,ULP SINJAI,,24/08/2026,,KURANG,P_LITHA,27/08/2026,,,TND,Agu,UP3 BULUKUMBA,GD,INSP,"0,00",,2026,,,,,,,,,,,,
101717707,INSPEKSI TIER 1 BS59001,INST1,GD01.06302725,,32760.INSPEKSI2,ULP.32760,COMP,ULP SINJAI,,24/08/2026,,KURANG,P_LITHA,27/08/2026,,,TND,Agu,UP3 BULUKUMBA,GD,INSP,"0,00",,2026,,,,,,,,,,,,
101717730,INSPEKSI TIER 1 BS59004,INST1,GD01.06302728,,32760.INSPEKSI2,ULP.32760,COMP,ULP SINJAI,,24/08/2026,,KURANG,P_LITHA,26/08/2026,,,TND,Agu,UP3 BULUKUMBA,GD,INSP,"0,00",,2026,,,,,,,,,,,,
101717749,INSPEKSI TIER 1 BS59006,INST1,GD01.06302730,,32760.INSPEKSI2,ULP.32760,COMP,ULP SINJAI,,24/08/2026,,CUKUP,P_LITHA,26/08/2026,,,TND,Agu,UP3 BULUKUMBA,GD,INSP,"0,00",,2026,,,,,,,,,,,,
101717766,INSPEKSI TIER 1 BS59009,INST1,GD01.06302733,,32760.INSPEKSI2,ULP.32760,COMP,ULP SINJAI,,24/08/2026,,KURANG,P_LITHA,26/08/2026,,,TND,Agu,UP3 BULUKUMBA,GD,INSP,"0,00",,2026,,,,,,,,,,,,
101717798,INSPEKSI TIER 1 BS59016,INST1,GD01.06302740,,32760.INSPEKSI2,ULP.32760,COMP,ULP SINJAI,,24/08/2026,,KURANG,P_LITHA,26/08/2026,,,TND,Agu,UP3 BULUKUMBA,GD,INSP,"0,00",,2026,,,,,,,,,,,,
101717809,INSPEKSI TIER 1 BS59024,INST1,GD01.06302749,,32760.INSPEKSI2,ULP.32760,COMP,ULP SINJAI,,24/08/2026,,CUKUP,P_LITHA,26/08/2026,,,TND,Agu,UP3 BULUKUMBA,GD,INSP,"0,00",,2026,,,,,,,,,,,,
101717867,INSPEKSI TIER 1 SEGMEN TG.MALAKAJI.00077-TG.MALAKAJI.00077.L0028,INST1,ULP.32730,4691301,32730.INSPEKSI3,ULP.32730,INPRG,ULP JENEPONTO,,24/08/2026,,,P_TOLO,26/08/2026,,,TND,Agu,UP3 BULUKUMBA,JTM,INSP,"1,40",,2026,,,,,,,,,,,,
101718068,INSPEKSI TIER 1 SEGMEN TG.TULANG.00168-TG.TULANG.00168.L0016,INST1,ULP.32750,4690743,32750.INSPEKSI3,ULP.32750,COMP,ULP SELAYAR,,24/08/2026,,BAIK,P_BONTOBUKI,27/08/2026,,,TND,Agu,UP3 BULUKUMBA,JTM,INSP,"0,80",,2026,,,,,,,,,,,,
101718179,Perbaikan/Pergantian INSPEKSI TIER 1 BL03078,INST1,GD01.06303028,,32710.INSPEKSI1,ULP.32710,COMP,ULP PANRITA LOPI,,24/08/2026,,KURANG,P_UJUNGLOE,28/08/2026,,101483067,TND,Agu,UP3 BULUKUMBA,GD,TL,"0,00",,2026,,,,,,,,,,,,
101718184,Perbaikan/Pergantian INSPEKSI TIER 1 BL03041,INST1,GD01.06303030,,32710.INSPEKSI1,ULP.32710,COMP,ULP PANRITA LOPI,,24/08/2026,,KURANG,P_UJUNGLOE,28/08/2026,,101483089,TND,Agu,UP3 BULUKUMBA,GD,TL,"0,00",,2026,,,,,,,,,,,,
101718189,Perbaikan/Pergantian INSPEKSI TIER 1 BL03096,INST1,GD01.06303043,,32710.INSPEKSI1,ULP.32710,COMP,ULP PANRITA LOPI,,24/08/2026,,KURANG,P_UJUNGLOE,28/08/2026,,101483151,TND,Agu,UP3 BULUKUMBA,GD,TL,"0,00",,2026,,,,,,,,,,,,
101718194,Perbaikan/Pergantian INSPEKSI TIER 1 BL03110,INST1,GD01.06303046,,32710.INSPEKSI1,ULP.32710,COMP,ULP PANRITA LOPI,,24/08/2026,,KURANG,P_UJUNGLOE,28/08/2026,,101483321,TND,Agu,UP3 BULUKUMBA,GD,TL,"0,00",,2026,,,,,,,,,,,,
101718199,Perbaikan/Pergantian INSPEKSI TIER 1 BL03063,INST1,GD01.06303049,,32710.INSPEKSI1,ULP.32710,COMP,ULP PANRITA LOPI,,24/08/2026,,KURANG,P_UJUNGLOE,28/08/2026,,101483506,TND,Agu,UP3 BULUKUMBA,GD,TL,"0,00",,2026,,,,,,,,,,,,
101718204,Perbaikan/Pergantian INSPEKSI TIER 1 BL03068,INST1,GD01.06302992,,32710.INSPEKSI1,ULP.32710,INPRG,ULP PANRITA LOPI,,24/08/2026,,BURUK,P_SAPOLOHE,28/08/2026,,101482643,TND,Agu,UP3 BULUKUMBA,GD,TL,"0,00",,2026,,,,,,,,,,,,
101718483,Perbaikan/Pergantian INSPEKSI TIER 1 BL03050,INST1,GD01.06303001,,32710.INSPEKSI1,ULP.32710,COMP,ULP PANRITA LOPI,,24/08/2026,,KURANG,P_UJUNGLOE,28/08/2026,,101482740,TND,Agu,UP3 BULUKUMBA,GD,TL,"0,00",,2026,,,,,,,,,,,,
101718544,Perbaikan/Pergantian INSPEKSI TIER 1 BL03060,INST1,GD01.06303011,,32710.INSPEKSI1,ULP.32710,COMP,ULP PANRITA LOPI,,24/08/2026,,KURANG,P_UJUNGLOE,28/08/2026,,101482859,TND,Agu,UP3 BULUKUMBA,GD,TL,"0,00",,2026,,,,,,,,,,,,
101718575,Perbaikan/Pergantian INSPEKSI TIER 1 BL03056,INST1,GD01.06303015,,32710.INSPEKSI1,ULP.32710,COMP,ULP PANRITA LOPI,,24/08/2026,,KURANG,P_UJUNGLOE,28/08/2026,,101482901,TND,Agu,UP3 BULUKUMBA,GD,TL,"0,00",,2026,,,,,,,,,,,,
101718596,Perbaikan/Pergantian INSPEKSI TIER 1 BL03055,INST1,GD01.06303016,,32710.INSPEKSI1,ULP.32710,INPRG,ULP PANRITA LOPI,,24/08/2026,,BURUK,P_UJUNGLOE,28/08/2026,,101482930,TND,Agu,UP3 BULUKUMBA,GD,TL,"0,00",,2026,,,,,,,,,,,,
101718617,Perbaikan/Pergantian INSPEKSI TIER 1 BL03066,INST1,GD01.06303017,,32710.INSPEKSI1,ULP.32710,COMP,ULP PANRITA LOPI,,24/08/2026,,KURANG,P_UJUNGLOE,28/08/2026,,101482949,TND,Agu,UP3 BULUKUMBA,GD,TL,"0,00",,2026,,,,,,,,,,,,
101718641,Perbaikan/Pergantian INSPEKSI TIER 1 BL03082,INST1,GD01.06303020,,32710.INSPEKSI1,ULP.32710,COMP,ULP PANRITA LOPI,,24/08/2026,,KURANG,P_UJUNGLOE,28/08/2026,,101483005,TND,Agu,UP3 BULUKUMBA,GD,TL,"0,00",,2026,,,,,,,,,,,,
101719045,INSPEKSI TIER 1 BT51451,INST1,GD01.06300579,,32770.INSPEKSI3,ULP.32770,INPRG,ULP TANETE,,24/08/2026,,,P_BINTARORE,28/08/2026,,,TND,Agu,UP3 BULUKUMBA,GD,INSP,"0,00",,2026,,,,,,,,,,,,
101719054,INSPEKSI TIER 1 BT51452,INST1,GD01.06300580,,32770.INSPEKSI3,ULP.32770,INPRG,ULP TANETE,,24/08/2026,,,P_BINTARORE,28/08/2026,,,TND,Agu,UP3 BULUKUMBA,GD,INSP,"0,00",,2026,,,,,,,,,,,,
101719065,INSPEKSI TIER 1 BT51454,INST1,GD01.06300582,,32770.INSPEKSI3,ULP.32770,INPRG,ULP TANETE,,24/08/2026,,,P_BINTARORE,28/08/2026,,,TND,Agu,UP3 BULUKUMBA,GD,INSP,"0,00",,2026,,,,,,,,,,,,
101719074,INSPEKSI TIER 1 BT51455,INST1,GD01.06300583,,32770.INSPEKSI3,ULP.32770,INPRG,ULP TANETE,,24/08/2026,,,P_BINTARORE,28/08/2026,,,TND,Agu,UP3 BULUKUMBA,GD,INSP,"0,00",,2026,,,,,,,,,,,,
101719083,INSPEKSI TIER 1 BT51498,INST1,GD01.06300584,,32770.INSPEKSI3,ULP.32770,INPRG,ULP TANETE,,24/08/2026,,,P_BINTARORE,28/08/2026,,,TND,Agu,UP3 BULUKUMBA,GD,INSP,"0,00",,2026,,,,,,,,,,,,
101719094,INSPEKSI TIER 1 BT51456,INST1,GD01.06300585,,32770.INSPEKSI3,ULP.32770,INPRG,ULP TANETE,,24/08/2026,,,P_BINTARORE,28/08/2026,,,TND,Agu,UP3 BULUKUMBA,GD,INSP,"0,00",,2026,,,,,,,,,,,,
101719103,INSPEKSI TIER 1 BT51496,INST1,GD01.06300586,,32770.INSPEKSI3,ULP.32770,INPRG,ULP TANETE,,24/08/2026,,,P_BINTARORE,28/08/2026,,,TND,Agu,UP3 BULUKUMBA,GD,INSP,"0,00",,2026,,,,,,,,,,,,
101719114,INSPEKSI TIER 1 BT51458,INST1,GD01.06300588,,32770.INSPEKSI3,ULP.32770,INPRG,ULP TANETE,,24/08/2026,,,P_BINTARORE,28/08/2026,,,TND,Agu,UP3 BULUKUMBA,GD,INSP,"0,00",,2026,,,,,,,,,,,,
101719123,INSPEKSI TIER 1 BT51459,INST1,GD01.06300589,,32770.INSPEKSI3,ULP.32770,INPRG,ULP TANETE,,24/08/2026,,,P_BINTARORE,28/08/2026,,,TND,Agu,UP3 BULUKUMBA,GD,INSP,"0,00",,2026,,,,,,,,,,,,
101719133,INSPEKSI TIER 1 BT51460,INST1,GD01.06300590,,32770.INSPEKSI3,ULP.32770,INPRG,ULP TANETE,,24/08/2026,,,P_BINTARORE,28/08/2026,,,TND,Agu,UP3 BULUKUMBA,GD,INSP,"0,00",,2026,,,,,,,,,,,,
101719144,INSPEKSI TIER 1 BT51461,INST1,GD01.06300591,,32770.INSPEKSI3,ULP.32770,INPRG,ULP TANETE,,24/08/2026,,,P_BINTARORE,28/08/2026,,,TND,Agu,UP3 BULUKUMBA,GD,INSP,"0,00",,2026,,,,,,,,,,,,
101719153,INSPEKSI TIER 1 BT51462,INST1,GD01.06300592,,32770.INSPEKSI3,ULP.32770,INPRG,ULP TANETE,,24/08/2026,,,P_BINTARORE,28/08/2026,,,TND,Agu,UP3 BULUKUMBA,GD,INSP,"0,00",,2026,,,,,,,,,,,,
101719162,INSPEKSI TIER 1 BT51463,INST1,GD01.06300593,,32770.INSPEKSI3,ULP.32770,INPRG,ULP TANETE,,24/08/2026,,,P_BINTARORE,28/08/2026,,,TND,Agu,UP3 BULUKUMBA,GD,INSP,"0,00",,2026,,,,,,,,,,,,
101719171,INSPEKSI TIER 1 BT51464,INST1,GD01.06300594,,32770.INSPEKSI3,ULP.32770,WFOLLOWUP,ULP TANETE,,24/08/2026,,BURUK,P_BINTARORE,28/08/2026,,,TND,Agu,UP3 BULUKUMBA,GD,INSP,"0,00",,2026,,,,,,,,,,,,
101719180,INSPEKSI TIER 1 BT51465,INST1,GD01.06300596,,32770.INSPEKSI3,ULP.32770,INPRG,ULP TANETE,,24/08/2026,,,P_BINTARORE,28/08/2026,,,TND,Agu,UP3 BULUKUMBA,GD,INSP,"0,00",,2026,,,,,,,,,,,,
101719189,INSPEKSI TIER 1 BT51466,INST1,GD01.06300597,,32770.INSPEKSI3,ULP.32770,WFOLLOWUP,ULP TANETE,,24/08/2026,,BURUK,P_BINTARORE,28/08/2026,,,TND,Agu,UP3 BULUKUMBA,GD,INSP,"0,00",,2026,,,,,,,,,,,,
101719198,INSPEKSI TIER 1 BT51469,INST1,GD01.06300600,,32770.INSPEKSI3,ULP.32770,COMP,ULP TANETE,,24/08/2026,,KURANG,P_BINTARORE,28/08/2026,,,TND,Agu,UP3 BULUKUMBA,GD,INSP,"0,00",,2026,,,,,,,,,,,,
101719209,INSPEKSI TIER 1 BT51470,INST1,GD01.06300601,,32770.INSPEKSI3,ULP.32770,COMP,ULP TANETE,,24/08/2026,,KURANG,P_BINTARORE,28/08/2026,,,TND,Agu,UP3 BULUKUMBA,GD,INSP,"0,00",,2026,,,,,,,,,,,,
101719220,INSPEKSI TIER 1 BT51471,INST1,GD01.06300602,,32770.INSPEKSI3,ULP.32770,COMP,ULP TANETE,,24/08/2026,,KURANG,P_BINTARORE,28/08/2026,,,TND,Agu,UP3 BULUKUMBA,GD,INSP,"0,00",,2026,,,,,,,,,,,,
101719231,INSPEKSI TIER 1 BT51473,INST1,GD01.06300604,,32770.INSPEKSI3,ULP.32770,WFOLLOWUP,ULP TANETE,,24/08/2026,,BURUK,P_BINTARORE,28/08/2026,,,TND,Agu,UP3 BULUKUMBA,GD,INSP,"0,00",,2026,,,,,,,,,,,,
101719240,INSPEKSI TIER 1 BT51474,INST1,GD01.06300605,,32770.INSPEKSI3,ULP.32770,WFOLLOWUP,ULP TANETE,,24/08/2026,,BURUK,P_BINTARORE,28/08/2026,,,TND,Agu,UP3 BULUKUMBA,GD,INSP,"0,00",,2026,,,,,,,,,,,,
101719249,INSPEKSI TIER 1 BT51480,INST1,GD01.06300606,,32770.INSPEKSI3,ULP.32770,COMP,ULP TANETE,,24/08/2026,,KURANG,P_BINTARORE,28/08/2026,,,TND,Agu,UP3 BULUKUMBA,GD,INSP,"0,00",,2026,,,,,,,,,,,,
101719260,INSPEKSI TIER 1 BT51481,INST1,GD01.06300607,,32770.INSPEKSI3,ULP.32770,COMP,ULP TANETE,,24/08/2026,,KURANG,P_BINTARORE,28/08/2026,,,TND,Agu,UP3 BULUKUMBA,GD,INSP,"0,00",,2026,,,,,,,,,,,,
101719271,INSPEKSI TIER 1 BT51482,INST1,GD01.06300608,,32770.INSPEKSI3,ULP.32770,COMP,ULP TANETE,,24/08/2026,,KURANG,P_BINTARORE,28/08/2026,,,TND,Agu,UP3 BULUKUMBA,GD,INSP,"0,00",,2026,,,,,,,,,,,,
101719282,INSPEKSI TIER 1 BT51475,INST1,GD01.06300609,,32770.INSPEKSI3,ULP.32770,WFOLLOWUP,ULP TANETE,,24/08/2026,,BURUK,P_BINTARORE,28/08/2026,,,TND,Agu,UP3 BULUKUMBA,GD,INSP,"0,00",,2026,,,,,,,,,,,,
101741265,INSPEKSI TIER 1 SEGMEN TG. LAMATTIRILAU.00289.L0051-TG.LAMATTIRILAU.00289.L0051.L0052,INST1,ULP.32760,4691681,32760.INSPEKSI1,ULP.32760,WINSP,ULP SINJAI,,26/08/2026,,,P_MATUMPU,26/08/2026,,,TND,Agu,UP3 BULUKUMBA,JTM,INSP,"2,60",,2026,,,,,,,,,,,,
101741458,INSPEKSI TIER 1 SEGMEN TG.LAMATTIRILAU.00928-TG.LAMATTIRILAU.00928.L00046,INST1,ULP.32760,4691707,32760.INSPEKSI1,ULP.32760,WINSP,ULP SINJAI,,26/08/2026,,,P_MATUMPU,28/08/2026,,,TND,Agu,UP3 BULUKUMBA,JTM,INSP,"2,30",,2026,,,,,,,,,,,,
101741826,INSPEKSI TIER 1 SEGMEN TG.LAMATTIRILAU.00928-TG.LAMATTIRILAU.00952,INST1,ULP.32760,4691708,32760.INSPEKSI1,ULP.32760,WINSP,ULP SINJAI,,26/08/2026,,,P_MATUMPU,28/08/2026,,,TND,Agu,UP3 BULUKUMBA,JTM,INSP,"1,20",,2026,,,,,,,,,,,,
101742028,INSPEKSI TIER 1 SEGMEN TG.LAMATTIRILAU.00952.L00023-TG.LAMATTIRILAU.00952.L00023.R00039,INST1,ULP.32760,4691709,32760.INSPEKSI1,ULP.32760,WINSP,ULP SINJAI,,26/08/2026,,,P_MATUMPU,28/08/2026,,,TND,Agu,UP3 BULUKUMBA,JTM,INSP,"1,95",,2026,,,,,,,,,,,,
101742443,INSPEKSI TIER 1 SEGMEN TG.LAMATTIRILAU.00952.L00023-TG.LAMATTIRILAU.00952.L00071,INST1,ULP.32760,4691710,32760.INSPEKSI1,ULP.32760,WINSP,ULP SINJAI,,26/08/2026,,,P_MATUMPU,28/08/2026,,,TND,Agu,UP3 BULUKUMBA,JTM,INSP,"2,40",,2026,,,,,,,,,,,,
101743146,INSPEKSI TIER 1 SEGMEN TG.LAMATTIRILAU.00952-TG.LAMATTIRILAU.00952.L00023,INST1,ULP.32760,4691711,32760.INSPEKSI1,ULP.32760,WINSP,ULP SINJAI,,26/08/2026,,,P_MATUMPU,28/08/2026,,,TND,Agu,UP3 BULUKUMBA,JTM,INSP,"1,15",,2026,,,,,,,,,,,,
101743490,SEGMEN TG.LAMATTIRILAU.00952-TG.LAMATTIRILAU.00960,INST1,ULP.32760,4691712,32760.INSPEKSI1,ULP.32760,WINSP,ULP SINJAI,,26/08/2026,,,P_MATUMPU,28/08/2026,,,TND,Agu,UP3 BULUKUMBA,JTM,INSP,"0,40",,2026,,,,,,,,,,,,
101743552,INSPEKSI TIER 1 SEGMEN TG.LAMATTIRILAU.00960-TG.LAMATTIRILAU.00960.R00015,INST1,ULP.32760,4691713,32760.INSPEKSI1,ULP.32760,WINSP,ULP SINJAI,,26/08/2026,,,P_MATUMPU,28/08/2026,,,TND,Agu,UP3 BULUKUMBA,JTM,INSP,"0,75",,2026,,,,,,,,,,,,
101743667,INSPEKSI TIER 1 SEGMEN TG.LAMATTIRILAU.00960-TG.LAMATTIRILAU.01016,INST1,ULP.32760,4691714,32760.INSPEKSI1,ULP.32760,WINSP,ULP SINJAI,,26/08/2026,,,P_MATUMPU,28/08/2026,,,TND,Agu,UP3 BULUKUMBA,JTM,INSP,"2,80",,2026,,,,,,,,,,,,
101743878,INSPEKSI TIER 1 SEGMEN TG.LAMATTIRILAU.01016.L00034-TG.LAMATTIRILAU.01016.L00034.R00031,INST1,ULP.32760,4691715,32760.INSPEKSI1,ULP.32760,WINSP,ULP SINJAI,,26/08/2026,,,P_MATUMPU,28/08/2026,,,TND,Agu,UP3 BULUKUMBA,JTM,INSP,"1,55",,2026,,,,,,,,,,,,
101748000,INSPEKSI TIER 1 SEGMEN TG.LAMATTIRILAU.01016.L00034-TG.LAMATTIRILAU.01016.L00087,INST1,ULP.32760,4691716,32760.INSPEKSI1,ULP.32760,WINSP,ULP SINJAI,,26/08/2026,,,P_MATUMPU,28/08/2026,,,TND,Agu,UP3 BULUKUMBA,JTM,INSP,"2,65",,2026,,,,,,,,,,,,
101748082,INSPEKSI TIER 1 SEGMEN TG.LAMATTIRILAU.01016-TG.LAMATTIRILAU.01016.L00034,INST1,ULP.32760,4691717,32760.INSPEKSI1,ULP.32760,WINSP,ULP SINJAI,,26/08/2026,,,P_MATUMPU,28/08/2026,,,TND,Agu,UP3 BULUKUMBA,JTM,INSP,"1,70",,2026,,,,,,,,,,,,
101748153,INSPEKSI TIER 1 SEGMEN TG.LAMATTIRILAU.01016-TG.LAMATTIRILAU.01036,INST1,ULP.32760,4691718,32760.INSPEKSI1,ULP.32760,WINSP,ULP SINJAI,,26/08/2026,,,P_MATUMPU,28/08/2026,,,TND,Agu,UP3 BULUKUMBA,JTM,INSP,"1,00",,2026,,,,,,,,,,,,
101748204,INSPEKSI TIER 1 SEGMEN TG.LAMATTIRILAU.01036-TG.LAMATTIRILAU.01036.R00015,INST1,ULP.32760,4691719,32760.INSPEKSI1,ULP.32760,WINSP,ULP SINJAI,,26/08/2026,,,P_MATUMPU,28/08/2026,,,TND,Agu,UP3 BULUKUMBA,JTM,INSP,"0,75",,2026,,,,,,,,,,,,
101748245,INSPEKSI TIER 1 SEGMEN TG.LAMATTIRILAU.01036-TG.LAMATTIRILAU.01085,INST1,ULP.32760,4691720,32760.INSPEKSI1,ULP.32760,WINSP,ULP SINJAI,,26/08/2026,,,P_MATUMPU,28/08/2026,,,TND,Agu,UP3 BULUKUMBA,JTM,INSP,"2,45",,2026,,,,,,,,,,,,
101748312,INSPEKSI TIER 1 SEGMEN TG.LAMATTIRILAU.01085.L00035-TG.LAMATTIRILAU.01085.L00035.R00007,INST1,ULP.32760,4691721,32760.INSPEKSI1,ULP.32760,WINSP,ULP SINJAI,,26/08/2026,,,P_MATUMPU,28/08/2026,,,TND,Agu,UP3 BULUKUMBA,JTM,INSP,"0,35",,2026,,,,,,,,,,,,
101748355,INSPEKSI TIER 1 SEGMEN TG.LAMATTIRILAU.01085.L00035-TG.LAMATTIRILAU.01085.L00073,INST1,ULP.32760,4691722,32760.INSPEKSI1,ULP.32760,WINSP,ULP SINJAI,,26/08/2026,,,P_MATUMPU,28/08/2026,,,TND,Agu,UP3 BULUKUMBA,JTM,INSP,"1,90",,2026,,,,,,,,,,,,
101748407,INSPEKSI TIER 1 SEGMEN TG.LAMATTIRILAU.01085-TG.LAMATTIRILAU.01085.L00035,INST1,ULP.32760,4691723,32760.INSPEKSI1,ULP.32760,WINSP,ULP SINJAI,,26/08/2026,,,P_MATUMPU,28/08/2026,,,TND,Agu,UP3 BULUKUMBA,JTM,INSP,"1,75",,2026,,,,,,,,,,,,
101748467,INSPEKSI TIER 1 SEGMEN TG.LAMATTIRILAU.01178-TG.LAMATTIRILAU.01178.R00018,INST1,ULP.32760,4691724,32760.INSPEKSI1,ULP.32760,WINSP,ULP SINJAI,,26/08/2026,,,P_MATUMPU,28/08/2026,,,TND,Agu,UP3 BULUKUMBA,JTM,INSP,"0,90",,2026,,,,,,,,,,,,
101748487,INSPEKSI TIER 1 SEGMEN TG.LAMATTIRILAU.01178-TG.LAMATTIRILAU.01202,INST1,ULP.32760,4691725,32760.INSPEKSI1,ULP.32760,WINSP,ULP SINJAI,,26/08/2026,,,P_MATUMPU,26/08/2026,,,TND,Agu,UP3 BULUKUMBA,JTM,INSP,"1,20",,2026,,,,,,,,,,,,
101748521,INSPEKSI TIER 1 SEGMEN TG.LAMATTIRILAU.01202.R00002-TG.LAMATTIRILAU.01202.R00002.R00151,INST1,ULP.32760,4691726,32760.INSPEKSI1,ULP.32760,WFOLLOWUP,ULP SINJAI,,26/08/2026,,BURUK,P_MATUMPU,28/08/2026,,,TND,Agu,UP3 BULUKUMBA,JTM,INSP,"7,55",,2026,,,,,,,,,,,,
101748697,INSPEKSI TIER 1 SEGMEN TG.LAMATTIRILAU.01202.R00002-TG.LAMATTIRILAU.01202.R00032,INST1,ULP.32760,4691727,32760.INSPEKSI1,ULP.32760,COMP,ULP SINJAI,,26/08/2026,,BAIK,P_MATUMPU,28/08/2026,,,TND,Agu,UP3 BULUKUMBA,JTM,INSP,"1,50",,2026,,,,,,,,,,,,
101748751,INSPEKSI TIER 1 SEGMEN TG.LAMATTIRILAU.01202.R00032-TG.LAMATTIRILAU.01202.R00032.L00060,INST1,ULP.32760,4691728,32760.INSPEKSI1,ULP.32760,COMP,ULP SINJAI,,26/08/2026,,CUKUP,P_MATUMPU,28/08/2026,,,TND,Agu,UP3 BULUKUMBA,JTM,INSP,"3,00",,2026,,,,,,,,,,,,
101748834,INSPEKSI TIER 1 SEGMEN TG.LAMATTIRILAU.01202.R00032-TG.LAMATTIRILAU.01202.R00115,INST1,ULP.32760,4691729,32760.INSPEKSI1,ULP.32760,COMP,ULP SINJAI,,26/08/2026,,CUKUP,P_MATUMPU,28/08/2026,,,TND,Agu,UP3 BULUKUMBA,JTM,INSP,"4,15",,2026,,,,,,,,,,,,
101748934,INSPEKSI TIER 1 SEGMEN TG.LAMATTIRILAU.01202.R00115-TG.LAMATTIRILAU.01202.R00115.L00011,INST1,ULP.32760,4691730,32760.INSPEKSI1,ULP.32760,COMP,ULP SINJAI,,26/08/2026,,BAIK,P_MATUMPU,27/08/2026,,,TND,Agu,UP3 BULUKUMBA,JTM,INSP,"0,55",,2026,,,,,,,,,,,,
101748954,INSPEKSI TIER 1 SEGMEN TG.LAMATTIRILAU.01202.R00115-TG.LAMATTIRILAU.01202.R00169,INST1,ULP.32760,4691731,32760.INSPEKSI1,ULP.32760,WFOLLOWUP,ULP SINJAI,,26/08/2026,,BURUK,P_MATUMPU,27/08/2026,,,TND,Agu,UP3 BULUKUMBA,JTM,INSP,"2,70",,2026,,,,,,,,,,,,
101763052,INSPEKSI TIER 1 BS59-060,INST1,GD01.06302788,,32760.INSPEKSI3,ULP.32760,COMP,ULP SINJAI,,27/08/2026,,BAIK,P_LITHA,28/08/2026,,,TND,Agu,UP3 BULUKUMBA,GD,INSP,"0,00",,2026,,,,,,,,,,,,
101763078,INSPEKSI TIER 1 BS59-061,INST1,GD01.06302789,,32760.INSPEKSI3,ULP.32760,COMP,ULP SINJAI,,27/08/2026,,CUKUP,P_LITHA,28/08/2026,,,TND,Agu,UP3 BULUKUMBA,GD,INSP,"0,00",,2026,,,,,,,,,,,,
101763099,INSPEKSI TIER 1 BS59-062,INST1,GD01.06302790,,32760.INSPEKSI3,ULP.32760,COMP,ULP SINJAI,,27/08/2026,,BAIK,P_LITHA,28/08/2026,,,TND,Agu,UP3 BULUKUMBA,GD,INSP,"0,00",,2026,,,,,,,,,,,,
101763117,INSPEKSI TIER 1 BS59-064,INST1,GD01.06302792,,32760.INSPEKSI3,ULP.32760,WINSP,ULP SINJAI,,27/08/2026,,,P_LITHA,28/08/2026,,,TND,Agu,UP3 BULUKUMBA,GD,INSP,"0,00",,2026,,,,,,,,,,,,
101763128,INSPEKSI TIER 1 BS59-065,INST1,GD01.06302793,,32760.INSPEKSI3,ULP.32760,WINSP,ULP SINJAI,,27/08/2026,,,P_LITHA,28/08/2026,,,TND,Agu,UP3 BULUKUMBA,GD,INSP,"0,00",,2026,,,,,,,,,,,,
101763149,INSPEKSI TIER 1 BS59-066,INST1,GD01.06302794,,32760.INSPEKSI3,ULP.32760,COMP,ULP SINJAI,,27/08/2026,,BAIK,P_LITHA,28/08/2026,,,TND,Agu,UP3 BULUKUMBA,GD,INSP,"0,00",,2026,,,,,,,,,,,,
101763165,INSPEKSI TIER 1 BS59-077,INST1,GD01.06302805,,32760.INSPEKSI3,ULP.32760,COMP,ULP SINJAI,,27/08/2026,,CUKUP,P_LITHA,28/08/2026,,,TND,Agu,UP3 BULUKUMBA,GD,INSP,"0,00",,2026,,,,,,,,,,,,
101763196,INSPEKSI TIER 1 BS59-078,INST1,GD01.06302806,,32760.INSPEKSI3,ULP.32760,WINSP,ULP SINJAI,,27/08/2026,,,P_LITHA,28/08/2026,,,TND,Agu,UP3 BULUKUMBA,GD,INSP,"0,00",,2026,,,,,,,,,,,,
101763456,INSPEKSI TIER 1 BS59-079,INST1,GD01.06302807,,32760.INSPEKSI3,ULP.32760,COMP,ULP SINJAI,,27/08/2026,,BAIK,P_LITHA,28/08/2026,,,TND,Agu,UP3 BULUKUMBA,GD,INSP,"0,00",,2026,,,,,,,,,,,,
101763509,INSPEKSI TIER 1 BS59-080,INST1,GD01.06302808,,32760.INSPEKSI3,ULP.32760,COMP,ULP SINJAI,,27/08/2026,,CUKUP,P_LITHA,28/08/2026,,,TND,Agu,UP3 BULUKUMBA,GD,INSP,"0,00",,2026,,,,,,,,,,,,
101763546,INSPEKSI TIER 1 BS59-081,INST1,GD01.06302809,,32760.INSPEKSI3,ULP.32760,WINSP,ULP SINJAI,,27/08/2026,,,P_LITHA,28/08/2026,,,TND,Agu,UP3 BULUKUMBA,GD,INSP,"0,00",,2026,,,,,,,,,,,,
101763559,INSPEKSI TIER 1 BS59-082,INST1,GD01.06302810,,32760.INSPEKSI3,ULP.32760,WINSP,ULP SINJAI,,27/08/2026,,,P_LITHA,28/08/2026,,,TND,Agu,UP3 BULUKUMBA,GD,INSP,"0,00",,2026,,,,,,,,,,,,
101763578,INSPEKSI TIER 1 BS59-083,INST1,GD01.06302811,,32760.INSPEKSI3,ULP.32760,WINSP,ULP SINJAI,,27/08/2026,,,P_LITHA,28/08/2026,,,TND,Agu,UP3 BULUKUMBA,GD,INSP,"0,00",,2026,,,,,,,,,,,,
101763601,INSPEKSI TIER 1 BS59-090,INST1,GD01.06302812,,32760.INSPEKSI3,ULP.32760,COMP,ULP SINJAI,,27/08/2026,,CUKUP,P_LITHA,28/08/2026,,,TND,Agu,UP3 BULUKUMBA,GD,INSP,"0,00",,2026,,,,,,,,,,,,
101763639,INSPEKSI TIER 1 BS59-084,INST1,GD01.06302813,,32760.INSPEKSI3,ULP.32760,COMP,ULP SINJAI,,27/08/2026,,BAIK,P_LITHA,28/08/2026,,,TND,Agu,UP3 BULUKUMBA,GD,INSP,"0,00",,2026,,,,,,,,,,,,
101763664,INSPEKSI TIER 1 BS59-085,INST1,GD01.06302814,,32760.INSPEKSI3,ULP.32760,COMP,ULP SINJAI,,27/08/2026,,BAIK,P_LITHA,28/08/2026,,,TND,Agu,UP3 BULUKUMBA,GD,INSP,"0,00",,2026,,,,,,,,,,,,
101763690,INSPEKSI TIER 1 BS59-086,INST1,GD01.06302815,,32760.INSPEKSI3,ULP.32760,WINSP,ULP SINJAI,,27/08/2026,,,P_LITHA,28/08/2026,,,TND,Agu,UP3 BULUKUMBA,GD,INSP,"0,00",,2026,,,,,,,,,,,,
101763713,INSPEKSI TIER 1 BS59-087,INST1,GD01.06302816,,32760.INSPEKSI3,ULP.32760,WINSP,ULP SINJAI,,27/08/2026,,,P_LITHA,28/08/2026,,,TND,Agu,UP3 BULUKUMBA,GD,INSP,"0,00",,2026,,,,,,,,,,,,
101763775,INSPEKSI TIER 1 BS59-088,INST1,GD01.06302817,,32760.INSPEKSI3,ULP.32760,WINSP,ULP SINJAI,,27/08/2026,,,P_LITHA,28/08/2026,,,TND,Agu,UP3 BULUKUMBA,GD,INSP,"0,00",,2026,,,,,,,,,,,,
101763821,INSPEKSI TIER 1 BS59-089,INST1,GD01.06302818,,32760.INSPEKSI3,ULP.32760,WINSP,ULP SINJAI,,27/08/2026,,,P_LITHA,28/08/2026,,,TND,Agu,UP3 BULUKUMBA,GD,INSP,"0,00",,2026,,,,,,,,,,,,
101763882,INSPEKSI TIER 1 BS59-214,INST1,GD01.06302819,,32760.INSPEKSI3,ULP.32760,COMP,ULP SINJAI,,27/08/2026,,CUKUP,P_LITHA,28/08/2026,,,TND,Agu,UP3 BULUKUMBA,GD,INSP,"0,00",,2026,,,,,,,,,,,,
101763937,INSPEKSI TIER 1 BS59-215,INST1,GD01.06302820,,32760.INSPEKSI3,ULP.32760,COMP,ULP SINJAI,,27/08/2026,,BAIK,P_LITHA,28/08/2026,,,TND,Agu,UP3 BULUKUMBA,GD,INSP,"0,00",,2026,,,,,,,,,,,,
101763958,INSPEKSI TIER 1 BS59-091,INST1,GD01.06302821,,32760.INSPEKSI3,ULP.32760,COMP,ULP SINJAI,,27/08/2026,,BAIK,P_LITHA,28/08/2026,,,TND,Agu,UP3 BULUKUMBA,GD,INSP,"0,00",,2026,,,,,,,,,,,,
101764147,INSPEKSI TIER 1 BS59-092,INST1,GD01.06302822,,32760.INSPEKSI3,ULP.32760,COMP,ULP SINJAI,,27/08/2026,,KURANG,P_LITHA,28/08/2026,,,TND,Agu,UP3 BULUKUMBA,GD,INSP,"0,00",,2026,,,,,,,,,,,,
101764163,INSPEKSI TIER 1 BS59094,INST1,GD01.06302823,,32760.INSPEKSI3,ULP.32760,WINSP,ULP SINJAI,,27/08/2026,,,P_LITHA,28/08/2026,,,TND,Agu,UP3 BULUKUMBA,GD,INSP,"0,00",,2026,,,,,,,,,,,,
101764172,INSPEKSI TIER 1 BS59095,INST1,GD01.06302824,,32760.INSPEKSI3,ULP.32760,WINSP,ULP SINJAI,,27/08/2026,,,P_LITHA,28/08/2026,,,TND,Agu,UP3 BULUKUMBA,GD,INSP,"0,00",,2026,,,,,,,,,,,,
101764201,INSPEKSI TIER 1 BS59-096,INST1,GD01.06302825,,32760.INSPEKSI3,ULP.32760,WINSP,ULP SINJAI,,27/08/2026,,,P_LITHA,28/08/2026,,,TND,Agu,UP3 BULUKUMBA,GD,INSP,"0,00",,2026,,,,,,,,,,,,
101764221,INSPEKSI TIER 1 BS59097,INST1,GD01.06302826,,32760.INSPEKSI3,ULP.32760,WINSP,ULP SINJAI,,27/08/2026,,,P_LITHA,28/08/2026,,,TND,Agu,UP3 BULUKUMBA,GD,INSP,"0,00",,2026,,,,,,,,,,,,
101764249,INSPEKSI TIER 1 BS59098,INST1,GD01.06302827,,32760.INSPEKSI3,ULP.32760,WINSP,ULP SINJAI,,27/08/2026,,,P_LITHA,28/08/2026,,,TND,Agu,UP3 BULUKUMBA,GD,INSP,"0,00",,2026,,,,,,,,,,,,
101764327,INSPEKSI TIER 1 BS59099,INST1,GD01.06302828,,32760.INSPEKSI3,ULP.32760,WINSP,ULP SINJAI,,27/08/2026,,,P_LITHA,28/08/2026,,,TND,Agu,UP3 BULUKUMBA,GD,INSP,"0,00",,2026,,,,,,,,,,,,
101764344,INSPEKSI TIER 1 BS59100,INST1,GD01.06302829,,32760.INSPEKSI3,ULP.32760,WINSP,ULP SINJAI,,27/08/2026,,,P_LITHA,28/08/2026,,,TND,Agu,UP3 BULUKUMBA,GD,INSP,"0,00",,2026,,,,,,,,,,,,
101764382,INSPEKSI TIER 1 BS59101,INST1,GD01.06302830,,32760.INSPEKSI3,ULP.32760,WINSP,ULP SINJAI,,27/08/2026,,,P_LITHA,28/08/2026,,,TND,Agu,UP3 BULUKUMBA,GD,INSP,"0,00",,2026,,,,,,,,,,,,
101764571,INSPEKSI TIER 1 BS59103,INST1,GD01.06302832,,32760.INSPEKSI3,ULP.32760,WINSP,ULP SINJAI,,27/08/2026,,,P_LITHA,28/08/2026,,,TND,Agu,UP3 BULUKUMBA,GD,INSP,"0,00",,2026,,,,,,,,,,,,
101764588,INSPEKSI TIER 1 BS59107,INST1,GD01.06302837,,32760.INSPEKSI3,ULP.32760,WINSP,ULP SINJAI,,27/08/2026,,,P_LITHA,28/08/2026,,,TND,Agu,UP3 BULUKUMBA,GD,INSP,"0,00",,2026,,,,,,,,,,,,
101764600,INSPEKSI TIER 1 BS59108,INST1,GD01.06302838,,32760.INSPEKSI3,ULP.32760,WINSP,ULP SINJAI,,27/08/2026,,,P_LITHA,28/08/2026,,,TND,Agu,UP3 BULUKUMBA,GD,INSP,"0,00",,2026,,,,,,,,,,,,
101764628,INSPEKSI TIER 1 BS59109,INST1,GD01.06302839,,32760.INSPEKSI3,ULP.32760,WINSP,ULP SINJAI,,27/08/2026,,,P_LITHA,28/08/2026,,,TND,Agu,UP3 BULUKUMBA,GD,INSP,"0,00",,2026,,,,,,,,,,,,
101764721,INSPEKSI TIER 1 BS59110,INST1,GD01.06302840,,32760.INSPEKSI3,ULP.32760,WINSP,ULP SINJAI,,27/08/2026,,,P_LITHA,28/08/2026,,,TND,Agu,UP3 BULUKUMBA,GD,INSP,"0,00",,2026,,,,,,,,,,,,
101764790,INSPEKSI TIER 1 BS59111,INST1,GD01.06302841,,32760.INSPEKSI3,ULP.32760,WINSP,ULP SINJAI,,27/08/2026,,,P_LITHA,28/08/2026,,,TND,Agu,UP3 BULUKUMBA,GD,INSP,"0,00",,2026,,,,,,,,,,,,
101766087,INSPEKSI TIER 1 BS59112,INST1,GD01.06302842,,32760.INSPEKSI3,ULP.32760,WINSP,ULP SINJAI,,27/08/2026,,,P_LITHA,28/08/2026,,,TND,Agu,UP3 BULUKUMBA,GD,INSP,"0,00",,2026,,,,,,,,,,,,
101766305,INSPEKSI TIER 1 BS59204,INST1,GD01.06302843,,32760.INSPEKSI3,ULP.32760,WINSP,ULP SINJAI,,27/08/2026,,,P_LITHA,28/08/2026,,,TND,Agu,UP3 BULUKUMBA,GD,INSP,"0,00",,2026,,,,,,,,,,,,
101766379,INSPEKSI TIER 1 BS59113,INST1,GD01.06302844,,32760.INSPEKSI3,ULP.32760,WINSP,ULP SINJAI,,27/08/2026,,,P_LITHA,28/08/2026,,,TND,Agu,UP3 BULUKUMBA,GD,INSP,"0,00",,2026,,,,,,,,,,,,
101766553,INSPEKSI TIER 1 BS59114,INST1,GD01.06302845,,32760.INSPEKSI3,ULP.32760,WINSP,ULP SINJAI,,27/08/2026,,,P_LITHA,28/08/2026,,,TND,Agu,UP3 BULUKUMBA,GD,INSP,"0,00",,2026,,,,,,,,,,,,
101766654,INSPEKSI TIER 1 BS59115,INST1,GD01.06302846,,32760.INSPEKSI3,ULP.32760,WINSP,ULP SINJAI,,27/08/2026,,,P_LITHA,28/08/2026,,,TND,Agu,UP3 BULUKUMBA,GD,INSP,"0,00",,2026,,,,,,,,,,,,
101774861,Perbaikan/Pergantian INSPEKSI TIER 1 SEGMEN B.MATENE00186-B.MATENE00186.R00127,INST1,ULP.32750,4690803,32750.INSPEKSI3,ULP.32750,WINSP,ULP SELAYAR,,27/08/2026,,,P_BONTOMATENE,27/08/2026,,101640190,TND,Agu,UP3 BULUKUMBA,JTM,TL,"6,35",,2026,,,,,,,,,,,,
101774908,Perbaikan/Pergantian INSPEKSI TIER 1 SEGMEN B.MATENE00302-B.MATENE00302.R00031,INST1,ULP.32750,4690802,32750.INSPEKSI3,ULP.32750,WINSP,ULP SELAYAR,,27/08/2026,,,P_BONTOMATENE,27/08/2026,,101639999,TND,Agu,UP3 BULUKUMBA,JTM,TL,"1,55",,2026,,,,,,,,,,,,
101774918,Perbaikan/Pergantian INSPEKSI TIER 1 SEGMEN B.MATENE00262-B.MATENE00302,INST1,ULP.32750,4690801,32750.INSPEKSI3,ULP.32750,WINSP,ULP SELAYAR,,27/08/2026,,,P_BONTOMATENE,27/08/2026,,101639944,TND,Agu,UP3 BULUKUMBA,JTM,TL,"2,00",,2026,,,,,,,,,,,,
101774941,Perbaikan/Pergantian INSPEKSI TIER 1 SEGMEN B.MATENE00186-B.MATENE00262,INST1,ULP.32750,4690799,32750.INSPEKSI3,ULP.32750,WINSP,ULP SELAYAR,,27/08/2026,,,P_BONTOMATENE,27/08/2026,,101639743,TND,Agu,UP3 BULUKUMBA,JTM,TL,"3,80",,2026,,,,,,,,,,,,
101778855,Perbaikan/Pergantian INSPEKSI TIER 1 BB72543,INST1,GD01.06302397,,32740.INSPEKSI2,ULP.32740,WAPPR,ULP BANTAENG,,27/08/2026,,,P_LEMBANG,27/08/2026,,101132491,TND,Agu,UP3 BULUKUMBA,GD,TL,"0,00",,2026,,,,,,,,,,,,
101778885,Perbaikan/Pergantian INSPEKSI TIER 1 BB72534,INST1,GD01.06302388,,32740.INSPEKSI2,ULP.32740,WAPPR,ULP BANTAENG,,27/08/2026,,,P_LEMBANG,27/08/2026,,101130585,TND,Agu,UP3 BULUKUMBA,GD,TL,"0,00",,2026,,,,,,,,,,,,
101778905,Perbaikan/Pergantian INSPEKSI TIER 1 BB72537,INST1,GD01.06302391,,32740.INSPEKSI2,ULP.32740,WAPPR,ULP BANTAENG,,27/08/2026,,,P_LEMBANG,27/08/2026,,101130880,TND,Agu,UP3 BULUKUMBA,GD,TL,"0,00",,2026,,,,,,,,,,,,
101778914,Perbaikan/Pergantian INSPEKSI TIER 1 BB72540,INST1,GD01.06302394,,32740.INSPEKSI2,ULP.32740,WAPPR,ULP BANTAENG,,27/08/2026,,,P_LEMBANG,27/08/2026,,101131915,TND,Agu,UP3 BULUKUMBA,GD,TL,"0,00",,2026,,,,,,,,,,,,
101778920,Perbaikan/Pergantian INSPEKSI TIER 1 BB72528,INST1,GD01.06302380,,32740.INSPEKSI2,ULP.32740,WAPPR,ULP BANTAENG,,27/08/2026,,,P_LEMBANG,27/08/2026,,101129237,TND,Agu,UP3 BULUKUMBA,GD,TL,"0,00",,2026,,,,,,,,,,,,
101778953,Perbaikan/Pergantian INSPEKSI TIER 1 BB72544,INST1,GD01.06302398,,32740.INSPEKSI2,ULP.32740,WAPPR,ULP BANTAENG,,27/08/2026,,,P_LEMBANG,27/08/2026,,101132986,TND,Agu,UP3 BULUKUMBA,GD,TL,"0,00",,2026,,,,,,,,,,,,
101778960,Perbaikan/Pergantian INSPEKSI TIER 1 BB72527,INST1,GD01.06302379,,32740.INSPEKSI2,ULP.32740,WAPPR,ULP BANTAENG,,27/08/2026,,,P_LEMBANG,27/08/2026,,101128921,TND,Agu,UP3 BULUKUMBA,GD,TL,"0,00",,2026,,,,,,,,,,,,
101778970,Perbaikan/Pergantian INSPEKSI TIER 1 BB71584,INST1,GD01.06302382,,32740.INSPEKSI2,ULP.32740,WAPPR,ULP BANTAENG,,27/08/2026,,,P_LEMBANG,27/08/2026,,101129960,TND,Agu,UP3 BULUKUMBA,GD,TL,"0,00",,2026,,,,,,,,,,,,
101778974,Perbaikan/Pergantian INSPEKSI TIER 1 Bb72529,INST1,GD01.06302383,,32740.INSPEKSI2,ULP.32740,WAPPR,ULP BANTAENG,,27/08/2026,,,P_LEMBANG,27/08/2026,,101130165,TND,Agu,UP3 BULUKUMBA,GD,TL,"0,00",,2026,,,,,,,,,,,,
101778989,Perbaikan/Pergantian INSPEKSI TIER 1 BB72529,INST1,GD01.06302381,,32740.INSPEKSI2,ULP.32740,WAPPR,ULP BANTAENG,,27/08/2026,,,P_LEMBANG,27/08/2026,,101129398,TND,Agu,UP3 BULUKUMBA,GD,TL,"0,00",,2026,,,,,,,,,,,,
101782005,Perbaikan/Pergantian INSPEKSI TIER 1 SEGMEN TG.LAMATTIRILAU.01202.R00115-TG.LAMATTIRILAU.01202.R00169,INST1,ULP.32760,4691731,32760.INSPEKSI1,ULP.32760,WINSP,ULP SINJAI,,27/08/2026,,,P_MATUMPU,28/08/2026,,101748954,TND,Agu,UP3 BULUKUMBA,JTM,TL,"2,70",,2026,,,,,,,,,,,,
101787497,INSPEKSI TIER 1 BT50014,INST1,GD01.06300497,,32770.INSPEKSI3,ULP.32770,WFOLLOWUP,ULP TANETE,,28/08/2026,,BURUK,P_BINTARORE,28/08/2026,,,TND,Agu,UP3 BULUKUMBA,GD,INSP,"0,00",,2026,,,,,,,,,,,,
101797715,INSPEKSI TIER 1 BL53008,INST1,GD01.06301691,,32710.INSPEKSI1,ULP.32710,WSCH,ULP PANRITA LOPI,,28/08/2026,,,P_MATTEKO,28/08/2026,,,TND,Agu,UP3 BULUKUMBA,GD,INSP,"0,00",,2026,,,,,,,,,,,,
101797837,INSPEKSI TIER 1 BL54343,INST1,GD01.06301702,,32710.INSPEKSI1,ULP.32710,WSCH,ULP PANRITA LOPI,,28/08/2026,,,P_MATTEKO,28/08/2026,,,TND,Agu,UP3 BULUKUMBA,GD,INSP,"0,00",,2026,,,,,,,,,,,,
101798799,Perbaikan/Pergantian INSPEKSI TIER 1 BT51464,INST1,GD01.06300594,,32770.INSPEKSI3,ULP.32770,WINSP,ULP TANETE,,28/08/2026,,,P_BINTARORE,28/08/2026,,101719171,TND,Agu,UP3 BULUKUMBA,GD,TL,"0,00",,2026,,,,,,,,,,,,
101798835,Perbaikan/Pergantian INSPEKSI TIER 1 BT51466,INST1,GD01.06300597,,32770.INSPEKSI3,ULP.32770,WINSP,ULP TANETE,,28/08/2026,,,P_BINTARORE,28/08/2026,,101719189,TND,Agu,UP3 BULUKUMBA,GD,TL,"0,00",,2026,,,,,,,,,,,,
101798859,Perbaikan/Pergantian INSPEKSI TIER 1 BT51473,INST1,GD01.06300604,,32770.INSPEKSI3,ULP.32770,WINSP,ULP TANETE,,28/08/2026,,,P_BINTARORE,28/08/2026,,101719231,TND,Agu,UP3 BULUKUMBA,GD,TL,"0,00",,2026,,,,,,,,,,,,
101798871,Perbaikan/Pergantian INSPEKSI TIER 1 BT51474,INST1,GD01.06300605,,32770.INSPEKSI3,ULP.32770,WINSP,ULP TANETE,,28/08/2026,,,P_BINTARORE,28/08/2026,,101719240,TND,Agu,UP3 BULUKUMBA,GD,TL,"0,00",,2026,,,,,,,,,,,,
101798900,Perbaikan/Pergantian INSPEKSI TIER 1 BT51475,INST1,GD01.06300609,,32770.INSPEKSI3,ULP.32770,WINSP,ULP TANETE,,28/08/2026,,,P_BINTARORE,28/08/2026,,101719282,TND,Agu,UP3 BULUKUMBA,GD,TL,"0,00",,2026,,,,,,,,,,,,
101798910,Perbaikan/Pergantian INSPEKSI TIER 1 BT50014,INST1,GD01.06300497,,32770.INSPEKSI3,ULP.32770,WINSP,ULP TANETE,,28/08/2026,,,P_BINTARORE,28/08/2026,,101787497,TND,Agu,UP3 BULUKUMBA,GD,TL,"0,00",,2026,,,,,,,,,,,,
101799114,Perbaikan/Pergantian INSPEKSI TIER 1 BK58695,INST1,GD01.06300792,,32720.INSPEKSI2,ULP.32720,WINSP,ULP KALUMPANG,,28/08/2026,,,P_SAPOLOHE,28/08/2026,,100033143,TND,Agu,UP3 BULUKUMBA,GD,TL,"0,00",,2026,,,,,,,,,,,,
101799119,Perbaikan/Pergantian INSPEKSI TIER 1 BK58690,INST1,GD01.06300787,,32720.INSPEKSI2,ULP.32720,WINSP,ULP KALUMPANG,,28/08/2026,,,P_SAPOLOHE,28/08/2026,,100032886,TND,Agu,UP3 BULUKUMBA,GD,TL,"0,00",,2026,,,,,,,,,,,,
101799140,Perbaikan/Pergantian INSPEKSI TIER 1 BK58695,INST1,GD01.06300792,,32720.INSPEKSI2,ULP.32720,WINSP,ULP KALUMPANG,,28/08/2026,,,P_SAPOLOHE,28/08/2026,,100033372,TND,Agu,UP3 BULUKUMBA,GD,TL,"0,00",,2026,,,,,,,,,,,,
101799147,Perbaikan/Pergantian INSPEKSI TIER 1 BK58720,INST1,GD01.06300817,,32720.INSPEKSI2,ULP.32720,WINSP,ULP KALUMPANG,,28/08/2026,,,P_SAPOLOHE,28/08/2026,,100972038,TND,Agu,UP3 BULUKUMBA,GD,TL,"0,00",,2026,,,,,,,,,,,,
101799152,Perbaikan/Pergantian INSPEKSI TIER 1 BK57383,INST1,GD01.06300875,,32720.INSPEKSI2,ULP.32720,WINSP,ULP KALUMPANG,,28/08/2026,,,P_SAPOLOHE,28/08/2026,,100972360,TND,Agu,UP3 BULUKUMBA,GD,TL,"0,00",,2026,,,,,,,,,,,,
101799158,Perbaikan/Pergantian INSPEKSI TIER 1 BK03901,INST1,GD01.06300715,,32720.INSPEKSI2,ULP.32720,WINSP,ULP KALUMPANG,,28/08/2026,,,P_UJUNGLOE,28/08/2026,,100987255,TND,Agu,UP3 BULUKUMBA,GD,TL,"0,00",,2026,,,,,,,,,,,,
101799164,Perbaikan/Pergantian INSPEKSI TIER 1 BK03900,INST1,GD01.06300716,,32720.INSPEKSI2,ULP.32720,WINSP,ULP KALUMPANG,,28/08/2026,,,P_UJUNGLOE,28/08/2026,,100987379,TND,Agu,UP3 BULUKUMBA,GD,TL,"0,00",,2026,,,,,,,,,,,,
101799187,Perbaikan/Pergantian INSPEKSI TIER 1 BK58673,INST1,GD01.06300768,,32720.INSPEKSI2,ULP.32720,WINSP,ULP KALUMPANG,,28/08/2026,,,P_SAPOLOHE,28/08/2026,,98482891,TND,Agu,UP3 BULUKUMBA,GD,TL,"0,00",,2026,,,,,,,,,,,,
101799274,Perbaikan/Pergantian INSPEKSI TIER 1 BK58694,INST1,GD01.06300791,,32720.INSPEKSI2,ULP.32720,WINSP,ULP KALUMPANG,,28/08/2026,,,P_SAPOLOHE,28/08/2026,,100988490,TND,Agu,UP3 BULUKUMBA,GD,TL,"0,00",,2026,,,,,,,,,,,,
101816085,Perbaikan/Pergantian INSPEKSI TIER 1 BB72562,INST1,GD01.06302419,,32740.INSPEKSI3,ULP.32740,WAPPR,ULP BANTAENG,,28/08/2026,,,P_LEMBANG,28/08/2026,,101654383,TND,Agu,UP3 BULUKUMBA,GD,TL,"0,00",,2026,,,,,,,,,,,,
101816103,Perbaikan/Pergantian INSPEKSI TIER 1 BB72563,INST1,GD01.06302420,,32740.INSPEKSI3,ULP.32740,WAPPR,ULP BANTAENG,,28/08/2026,,,P_LEMBANG,28/08/2026,,101654646,TND,Agu,UP3 BULUKUMBA,GD,TL,"0,00",,2026,,,,,,,,,,,,
101816115,Perbaikan/Pergantian INSPEKSI TIER 1 BB72568,INST1,GD01.06302425,,32740.INSPEKSI3,ULP.32740,WAPPR,ULP BANTAENG,,28/08/2026,,,P_LEMBANG,28/08/2026,,101656883,TND,Agu,UP3 BULUKUMBA,GD,TL,"0,00",,2026,,,,,,,,,,,,
101816121,Perbaikan/Pergantian INSPEKSI TIER 1 BB72567,INST1,GD01.06302424,,32740.INSPEKSI3,ULP.32740,WAPPR,ULP BANTAENG,,28/08/2026,,,P_LEMBANG,28/08/2026,,101655655,TND,Agu,UP3 BULUKUMBA,GD,TL,"0,00",,2026,,,,,,,,,,,,
101818596,INSPEKSI TIER 1 BK58696,INST1,GD01.06300793,,32720.INSPEKSI2,ULP.32720,WINSP,ULP KALUMPANG,,28/08/2026,,,P_SAPOLOHE,28/08/2026,,,TND,Agu,UP3 BULUKUMBA,GD,INSP,"0,00",,2026,,,,,,,,,,,,
101818622,INSPEKSI TIER 1 SEGMEN TG.SLOHE.00157-TG.SLOHE.00157.L0052,INST1,ULP.32720,4690997,32720.INSPEKSI3,ULP.32720,WINSP,ULP KALUMPANG,,28/08/2026,,,P_SAPOLOHE,28/08/2026,,,TND,Agu,UP3 BULUKUMBA,JTM,INSP,"2,60",,2026,,,,,,,,,,,,
101818681,INSPEKSI TIER 1 SEGMEN TG.KALUMPANG.00035-TG.KALUMPANG.00091,INST1,ULP.32720,4691023,32720.INSPEKSI3,ULP.32720,WINSP,ULP KALUMPANG,,28/08/2026,,,P_SAPOLOHE,28/08/2026,,,TND,Agu,UP3 BULUKUMBA,JTM,INSP,"2,80",,2026,,,,,,,,,,,,
101818740,INSPEKSI TIER 1 SEGMEN TG.KALUMPANG.00091-TG.KALUMPANG.00139,INST1,ULP.32720,4691027,32720.INSPEKSI3,ULP.32720,WINSP,ULP KALUMPANG,,28/08/2026,,,P_SAPOLOHE,28/08/2026,,,TND,Agu,UP3 BULUKUMBA,JTM,INSP,"2,40",,2026,,,,,,,,,,,,
101818791,INSPEKSI TIER 1 SEGMEN TG.KALUMPANG.00221-TG.KALUMPANG.00221.R0051,INST1,ULP.32720,4691039,32720.INSPEKSI3,ULP.32720,WINSP,ULP KALUMPANG,,28/08/2026,,,P_SAPOLOHE,28/08/2026,,,TND,Agu,UP3 BULUKUMBA,JTM,INSP,"2,40",,2026,,,,,,,,,,,,
101818846,INSPEKSI TIER 1 SEGMEN TG.TANUNTUNG.00384.R0007-TG.TANUNTUNG.00384.R0007.L0044,INST1,ULP.32720,4691082,32720.INSPEKSI3,ULP.32720,WINSP,ULP KALUMPANG,,28/08/2026,,,P_SAPOLOHE,28/08/2026,,,TND,Agu,UP3 BULUKUMBA,JTM,INSP,"2,20",,2026,,,,,,,,,,,,
101818891,INSPEKSI TIER 1 SEGMEN TG.TANUNTUNG.00448-TG.TANUNTUNG.00448.R0045,INST1,ULP.32720,4691093,32720.INSPEKSI3,ULP.32720,WINSP,ULP KALUMPANG,,28/08/2026,,,P_SAPOLOHE,28/08/2026,,,TND,Agu,UP3 BULUKUMBA,JTM,INSP,"2,25",,2026,,,,,,,,,,,,
101818945,INSPEKSI TIER 1 SEGMEN MANDALA RIA,INST1,ULP.32720,91034722,32720.INSPEKSI3,ULP.32720,WINSP,ULP KALUMPANG,,28/08/2026,,,P_SAPOLOHE,28/08/2026,,,TND,Agu,UP3 BULUKUMBA,JTM,INSP,"3,14",,2026,,,,,,,,,,,,
101818947,INSPEKSI TIER 1 SEGMEN LOOP TG.SLOHE.00302-TG.KALUMPANG.00201.R0133,INST1,TG01.06261026,92187839,32720.INSPEKSI3,ULP.32720,WINSP,ULP KALUMPANG,,28/08/2026,,,P_SAPOLOHE,28/08/2026,,,TND,Agu,UP3 BULUKUMBA,JTM,INSP,"3,55",,2026,,,,,,,,,,,,
101818970,INSPEKSI TIER 1 SEGMEN TG.TANUNTUNG00480-TG.TANUNTUNG.00480.R0001,INST1,TG01.06263689,92188159,32720.INSPEKSI3,ULP.32720,WINSP,ULP KALUMPANG,,28/08/2026,,,P_SAPOLOHE,28/08/2026,,,TND,Agu,UP3 BULUKUMBA,JTM,INSP,"2,68",,2026,,,,,,,,,,,,
101818978,INSPEKSI TIER 1 SEGMEN TG.TANUNTUNG.00179.L0036-TG.TANUNTUNG.00179.L0102,INST1,TG01.06262929,92188710,32720.INSPEKSI3,ULP.32720,WINSP,ULP KALUMPANG,,28/08/2026,,,P_SAPOLOHE,28/08/2026,,,TND,Agu,UP3 BULUKUMBA,JTM,INSP,"3,52",,2026,,,,,,,,,,,,
101818980,INSPEKSI TIER 1 SEGMEN TG.SLOHE.0D012-TG.SLOHE.0D055,INST1,ULP.32720,4691015,32720.INSPEKSI3,ULP.32720,WINSP,ULP KALUMPANG,,28/08/2026,,,P_SAPOLOHE,28/08/2026,,,TND,Agu,UP3 BULUKUMBA,JTM,INSP,"2,15",,2026,,,,,,,,,,,,
101819026,INSPEKSI TIER 1 SEGMEN TG.KALUMPANG.00297-TG.KALUMPANG.00339,INST1,ULP.32720,4691046,32720.INSPEKSI3,ULP.32720,WINSP,ULP KALUMPANG,,28/08/2026,,,P_SAPOLOHE,28/08/2026,,,TND,Agu,UP3 BULUKUMBA,JTM,INSP,"2,05",,2026,,,,,,,,,,,,
101819069,INSPEKSI TIER 1 SEGMEN TG.TANUNTUNG.00404-TG.TANUNTUNG.00448,INST1,ULP.32720,4691092,32720.INSPEKSI3,ULP.32720,WINSP,ULP KALUMPANG,,28/08/2026,,,P_SAPOLOHE,28/08/2026,,,TND,Agu,UP3 BULUKUMBA,JTM,INSP,"2,15",,2026,,,,,,,,,,,,
101819114,INSPEKSI TIER 1 SEGMEN TG.TANUNTUNG.00457.L0028-TG.TANUNTUNG.00457.L0072,INST1,ULP.32720,4691098,32720.INSPEKSI3,ULP.32720,WINSP,ULP KALUMPANG,,28/08/2026,,,P_SAPOLOHE,28/08/2026,,,TND,Agu,UP3 BULUKUMBA,JTM,INSP,"2,15",,2026,,,,,,,,,,,,
101819159,INSPEKSI TIER 1 SEGMEN TG.TANUNTUNG.00494-TG.TANUNTUNG.00494.R0040,INST1,ULP.32720,4691101,32720.INSPEKSI3,ULP.32720,WINSP,ULP KALUMPANG,,28/08/2026,,,P_SAPOLOHE,28/08/2026,,,TND,Agu,UP3 BULUKUMBA,JTM,INSP,"2,00",,2026,,,,,,,,,,,,
101819209,Perbaikan/Pergantian INSPEKSI TIER 1 BK56018,INST1,GD01.06300738,,32720.INSPEKSI3,ULP.32720,WINSP,ULP KALUMPANG,,28/08/2026,,,P_SAPOLOHE,28/08/2026,,101583688,TND,Agu,UP3 BULUKUMBA,GD,TL,"0,00",,2026,,,,,,,,,,,,
101819214,Perbaikan/Pergantian INSPEKSI TIER 1 BK57353,INST1,GD01.06300842,,32720.INSPEKSI3,ULP.32720,WINSP,ULP KALUMPANG,,28/08/2026,,,P_SAPOLOHE,28/08/2026,,100036537,TND,Agu,UP3 BULUKUMBA,GD,TL,"0,00",,2026,,,,,,,,,,,,
101819219,Perbaikan/Pergantian INSPEKSI TIER 1 BK57363,INST1,GD01.06300853,,32720.INSPEKSI3,ULP.32720,WINSP,ULP KALUMPANG,,28/08/2026,,,P_SAPOLOHE,28/08/2026,,100429669,TND,Agu,UP3 BULUKUMBA,GD,TL,"0,00",,2026,,,,,,,,,,,,
101819224,Perbaikan/Pergantian INSPEKSI TIER 1 BK58689,INST1,GD01.06300786,,32720.INSPEKSI2,ULP.32720,WINSP,ULP KALUMPANG,,28/08/2026,,,P_SAPOLOHE,28/08/2026,,98482963,TND,Agu,UP3 BULUKUMBA,GD,TL,"0,00",,2026,,,,,,,,,,,,
101819229,Perbaikan/Pergantian INSPEKSI TIER 1 BK56024,INST1,GD01.06300744,,32720.INSPEKSI2,ULP.32720,WINSP,ULP KALUMPANG,,28/08/2026,,,P_SAPOLOHE,28/08/2026,,100032176,TND,Agu,UP3 BULUKUMBA,GD,TL,"0,00",,2026,,,,,,,,,,,,
101819248,INSPEKSI TIER 1 BK58697,INST1,GD01.06300794,,32720.INSPEKSI2,ULP.32720,WINSP,ULP KALUMPANG,,28/08/2026,,,P_SAPOLOHE,28/08/2026,,,TND,Agu,UP3 BULUKUMBA,GD,INSP,"0,00",,2026,,,,,,,,,,,,
101819262,INSPEKSI TIER 1 BK58698,INST1,GD01.06300795,,32720.INSPEKSI2,ULP.32720,WINSP,ULP KALUMPANG,,28/08/2026,,,P_SAPOLOHE,28/08/2026,,,TND,Agu,UP3 BULUKUMBA,GD,INSP,"0,00",,2026,,,,,,,,,,,,
101819273,INSPEKSI TIER 1 BK58702,INST1,GD01.06300796,,32720.INSPEKSI2,ULP.32720,WINSP,ULP KALUMPANG,,28/08/2026,,,P_SAPOLOHE,28/08/2026,,,TND,Agu,UP3 BULUKUMBA,GD,INSP,"0,00",,2026,,,,,,,,,,,,
101819287,INSPEKSI TIER 1 BK58699,INST1,GD01.06300797,,32720.INSPEKSI2,ULP.32720,WINSP,ULP KALUMPANG,,28/08/2026,,,P_SAPOLOHE,28/08/2026,,,TND,Agu,UP3 BULUKUMBA,GD,INSP,"0,00",,2026,,,,,,,,,,,,
101819302,INSPEKSI TIER 1 BK58700,INST1,GD01.06300798,,32720.INSPEKSI2,ULP.32720,WINSP,ULP KALUMPANG,,28/08/2026,,,P_SAPOLOHE,28/08/2026,,,TND,Agu,UP3 BULUKUMBA,GD,INSP,"0,00",,2026,,,,,,,,,,,,
101819311,INSPEKSI TIER 1 BK58701,INST1,GD01.06300799,,32720.INSPEKSI2,ULP.32720,WINSP,ULP KALUMPANG,,28/08/2026,,,P_SAPOLOHE,28/08/2026,,,TND,Agu,UP3 BULUKUMBA,GD,INSP,"0,00",,2026,,,,,,,,,,,,
101819326,INSPEKSI TIER 1 BK58706,INST1,GD01.06300803,,32720.INSPEKSI2,ULP.32720,WINSP,ULP KALUMPANG,,28/08/2026,,,P_SAPOLOHE,28/08/2026,,,TND,Agu,UP3 BULUKUMBA,GD,INSP,"0,00",,2026,,,,,,,,,,,,
101819335,Perbaikan/Pergantian INSPEKSI TIER 1 SEGMEN TG.LAMATTIRILAU.01202.R00002-TG.LAMATTIRILAU.01202.R00002.R00151,INST1,ULP.32760,4691726,32760.INSPEKSI1,ULP.32760,WINSP,ULP SINJAI,,28/08/2026,,,P_MATUMPU,28/08/2026,,101748521,TND,Agu,UP3 BULUKUMBA,JTM,TL,"7,55",,2026,,,,,,,,,,,,
101819339,INSPEKSI TIER 1 BK58707,INST1,GD01.06300804,,32720.INSPEKSI2,ULP.32720,WINSP,ULP KALUMPANG,,28/08/2026,,,P_SAPOLOHE,28/08/2026,,,TND,Agu,UP3 BULUKUMBA,GD,INSP,"0,00",,2026,,,,,,,,,,,,
101819350,INSPEKSI TIER 1 BK58708,INST1,GD01.06300805,,32720.INSPEKSI2,ULP.32720,WINSP,ULP KALUMPANG,,28/08/2026,,,P_SAPOLOHE,28/08/2026,,,TND,Agu,UP3 BULUKUMBA,GD,INSP,"0,00",,2026,,,,,,,,,,,,
101819362,INSPEKSI TIER 1 BK58713,INST1,GD01.06300810,,32720.INSPEKSI2,ULP.32720,WINSP,ULP KALUMPANG,,28/08/2026,,,P_SAPOLOHE,28/08/2026,,,TND,Agu,UP3 BULUKUMBA,GD,INSP,"0,00",,2026,,,,,,,,,,,,
101819371,INSPEKSI TIER 1 BK58714,INST1,GD01.06300811,,32720.INSPEKSI2,ULP.32720,WINSP,ULP KALUMPANG,,28/08/2026,,,P_SAPOLOHE,28/08/2026,,,TND,Agu,UP3 BULUKUMBA,GD,INSP,"0,00",,2026,,,,,,,,,,,,
101819380,INSPEKSI TIER 1 BK58715,INST1,GD01.06300812,,32720.INSPEKSI2,ULP.32720,WINSP,ULP KALUMPANG,,28/08/2026,,,P_SAPOLOHE,28/08/2026,,,TND,Agu,UP3 BULUKUMBA,GD,INSP,"0,00",,2026,,,,,,,,,,,,
101819389,INSPEKSI TIER 1 BK58716,INST1,GD01.06300813,,32720.INSPEKSI2,ULP.32720,WINSP,ULP KALUMPANG,,28/08/2026,,,P_SAPOLOHE,28/08/2026,,,TND,Agu,UP3 BULUKUMBA,GD,INSP,"0,00",,2026,,,,,,,,,,,,
101819398,INSPEKSI TIER 1 BK58717,INST1,GD01.06300814,,32720.INSPEKSI2,ULP.32720,WINSP,ULP KALUMPANG,,28/08/2026,,,P_SAPOLOHE,28/08/2026,,,TND,Agu,UP3 BULUKUMBA,GD,INSP,"0,00",,2026,,,,,,,,,,,,
101819409,INSPEKSI TIER 1 BK58718,INST1,GD01.06300815,,32720.INSPEKSI2,ULP.32720,WINSP,ULP KALUMPANG,,28/08/2026,,,P_SAPOLOHE,28/08/2026,,,TND,Agu,UP3 BULUKUMBA,GD,INSP,"0,00",,2026,,,,,,,,,,,,
101819420,INSPEKSI TIER 1 BK58719,INST1,GD01.06300816,,32720.INSPEKSI2,ULP.32720,WINSP,ULP KALUMPANG,,28/08/2026,,,P_SAPOLOHE,28/08/2026,,,TND,Agu,UP3 BULUKUMBA,GD,INSP,"0,00",,2026,,,,,,,,,,,,
101819431,INSPEKSI TIER 1 BK58722,INST1,GD01.06300820,,32720.INSPEKSI2,ULP.32720,WINSP,ULP KALUMPANG,,28/08/2026,,,P_SAPOLOHE,28/08/2026,,,TND,Agu,UP3 BULUKUMBA,GD,INSP,"0,00",,2026,,,,,,,,,,,,
101819442,INSPEKSI TIER 1 BK57333,INST1,GD01.06300821,,32720.INSPEKSI2,ULP.32720,WINSP,ULP KALUMPANG,,28/08/2026,,,P_SAPOLOHE,28/08/2026,,,TND,Agu,UP3 BULUKUMBA,GD,INSP,"0,00",,2026,,,,,,,,,,,,
101819453,INSPEKSI TIER 1 BK57334,INST1,GD01.06300822,,32720.INSPEKSI2,ULP.32720,WINSP,ULP KALUMPANG,,28/08/2026,,,P_SAPOLOHE,28/08/2026,,,TND,Agu,UP3 BULUKUMBA,GD,INSP,"0,00",,2026,,,,,,,,,,,,
101819463,INSPEKSI TIER 1 BK57335,INST1,GD01.06300823,,32720.INSPEKSI2,ULP.32720,WINSP,ULP KALUMPANG,,28/08/2026,,,P_SAPOLOHE,28/08/2026,,,TND,Agu,UP3 BULUKUMBA,GD,INSP,"0,00",,2026,,,,,,,,,,,,
101819472,INSPEKSI TIER 1 BK57337,INST1,GD01.06300825,,32720.INSPEKSI2,ULP.32720,WINSP,ULP KALUMPANG,,28/08/2026,,,P_SAPOLOHE,28/08/2026,,,TND,Agu,UP3 BULUKUMBA,GD,INSP,"0,00",,2026,,,,,,,,,,,,
101819481,INSPEKSI TIER 1 BK57338,INST1,GD01.06300826,,32720.INSPEKSI2,ULP.32720,WINSP,ULP KALUMPANG,,28/08/2026,,,P_SAPOLOHE,28/08/2026,,,TND,Agu,UP3 BULUKUMBA,GD,INSP,"0,00",,2026,,,,,,,,,,,,
101819490,INSPEKSI TIER 1 BK57339,INST1,GD01.06300827,,32720.INSPEKSI2,ULP.32720,WINSP,ULP KALUMPANG,,28/08/2026,,,P_SAPOLOHE,28/08/2026,,,TND,Agu,UP3 BULUKUMBA,GD,INSP,"0,00",,2026,,,,,,,,,,,,
101819499,INSPEKSI TIER 1 BK57410,INST1,GD01.06300828,,32720.INSPEKSI2,ULP.32720,WINSP,ULP KALUMPANG,,28/08/2026,,,P_SAPOLOHE,28/08/2026,,,TND,Agu,UP3 BULUKUMBA,GD,INSP,"0,00",,2026,,,,,,,,,,,,
101819520,Perbaikan/Pergantian INSPEKSI TIER 1 BR15022,INST1,GD01.06301640,,32750.INSPEKSI2,ULP.32750,WINSP,ULP SELAYAR,,28/08/2026,,,P_BONTOMATENE,28/08/2026,,101096073,TND,Agu,UP3 BULUKUMBA,GD,TL,"0,00",,2026,,,,,,,,,,,,
101819526,Perbaikan/Pergantian INSPEKSI TIER 1 BR70071,INST1,GD01.06301592,,32750.INSPEKSI2,ULP.32750,WINSP,ULP SELAYAR,,28/08/2026,,,P_TIELINE SELAYAR 1,28/08/2026,,101093971,TND,Agu,UP3 BULUKUMBA,GD,TL,"0,00",,2026,,,,,,,,,,,,
101819532,Perbaikan/Pergantian INSPEKSI TIER 1 BR70072,INST1,GD01.06301593,,32750.INSPEKSI2,ULP.32750,WINSP,ULP SELAYAR,,28/08/2026,,,P_TIELINE SELAYAR 1,28/08/2026,,101094899,TND,Agu,UP3 BULUKUMBA,GD,TL,"0,00",,2026,,,,,,,,,,,,
101819538,Perbaikan/Pergantian INSPEKSI TIER 1 BR15059,INST1,GD01.06301649,,32750.INSPEKSI2,ULP.32750,WINSP,ULP SELAYAR,,28/08/2026,,,P_BONTOMATENE,28/08/2026,,101090151,TND,Agu,UP3 BULUKUMBA,GD,TL,"0,00",,2026,,,,,,,,,,,,
101819544,Perbaikan/Pergantian INSPEKSI TIER 1 BR15057,INST1,GD01.06301647,,32750.INSPEKSI2,ULP.32750,WINSP,ULP SELAYAR,,28/08/2026,,,P_BONTOMATENE,28/08/2026,,101096298,TND,Agu,UP3 BULUKUMBA,GD,TL,"0,00",,2026,,,,,,,,,,,,
101819550,Perbaikan/Pergantian INSPEKSI TIER 1 BR15060,INST1,GD01.06301648,,32750.INSPEKSI2,ULP.32750,WINSP,ULP SELAYAR,,28/08/2026,,,P_BONTOMATENE,28/08/2026,,101089651,TND,Agu,UP3 BULUKUMBA,GD,TL,"0,00",,2026,,,,,,,,,,,,
101819580,Perbaikan/Pergantian INSPEKSI TIER 1 BJ11028,INST1,GD01.06301045,,32730.INSPEKSI2,ULP.32730,WINSP,ULP JENEPONTO,,28/08/2026,,,P_BATANG,28/08/2026,,101695262,TND,Agu,UP3 BULUKUMBA,GD,TL,"0,00",,2026,,,,,,,,,,,,
101819585,Perbaikan/Pergantian INSPEKSI TIER 1 SSTBBK730.GT0230,INST1,GD01.19602612,,32730.INSPEKSI2,ULP.32730,WINSP,ULP JENEPONTO,,28/08/2026,,,P_ARUNGKEKE,28/08/2026,,101682640,TND,Agu,UP3 BULUKUMBA,GD,TL,"0,00",,2026,,,,,,,,,,,,
101819591,Perbaikan/Pergantian INSPEKSI TIER 1 SSTBBK730.GT0238,INST1,GD01.60182811,,32730.INSPEKSI2,ULP.32730,WINSP,ULP JENEPONTO,,28/08/2026,,,P_BINAMU,28/08/2026,,101681712,TND,Agu,UP3 BULUKUMBA,GD,TL,"0,00",,2026,,,,,,,,,,,,
101819596,Perbaikan/Pergantian INSPEKSI TIER 1 BJ63723,INST1,GD01.06301013,,32730.INSPEKSI2,ULP.32730,WINSP,ULP JENEPONTO,,28/08/2026,,,P_PASAR KARISA,28/08/2026,,100792945,TND,Agu,UP3 BULUKUMBA,GD,TL,"0,00",,2026,,,,,,,,,,,,
95487531,INSPEKSI TIER 1 SEGMEN TG.KOTA BARAT.00022.R0025.L0006-TG.KOTA BARAT.00022.R0025.L0017,INST1,ULP.32710,22260596,32710.INSPEKSI3,ULP.32710,COMP,ULP PANRITA LOPI,,08/04/2026,,BAIK,P_MATTEKO,13/04/2026,,,TND,Apr,UP3 BULUKUMBA,JTM,INSP,"0,55",,2026,,,,,,,,,,,,
95488929,INSPEKSI TIER 1 SEGMEN TG.PAJUKUKANG.00036.L0020-TG.PAJUKUKANG.00036.L0033,INST1,ULP.32710,22260613,32710.INSPEKSI3,ULP.32710,COMP,ULP PANRITA LOPI,,08/04/2026,,BAIK,P_PAJUKUKANG,13/04/2026,,,TND,Apr,UP3 BULUKUMBA,JTM,INSP,"0,65",,2026,,,,,,,,,,,,
95489454,INSPEKSI TIER 1 SEGMEN TG.PONRE.00070-TG.PONRE.00070.L0003,INST1,ULP.32710,22260616,32710.INSPEKSI3,ULP.32710,COMP,ULP PANRITA LOPI,,08/04/2026,,BAIK,P_BINTARORE,14/04/2026,,,TND,Apr,UP3 BULUKUMBA,JTM,INSP,"0,15",,2026,,,,,,,,,,,,
95492035,INSPEKSI TIER 1 SEGMEN TG.PONRE.00070.R0005.L0005-TG.PONRE.00070.R0005.L0005.R0005,INST1,ULP.32710,22260617,32710.INSPEKSI3,ULP.32710,COMP,ULP PANRITA LOPI,,08/04/2026,,BAIK,P_BINTARORE,14/04/2026,,,TND,Apr,UP3 BULUKUMBA,JTM,INSP,"0,25",,2026,,,,,,,,,,,,
95492495,INSPEKSI TIER 1 SEGMEN TG.PONRE.00070.R0011-TG.PONRE.00070.R0011.R0015,INST1,ULP.32710,22260618,32710.INSPEKSI3,ULP.32710,COMP,ULP PANRITA LOPI,,08/04/2026,,BAIK,P_BINTARORE,14/04/2026,,,TND,Apr,UP3 BULUKUMBA,JTM,INSP,"0,75",,2026,,,,,,,,,,,,
95492665,INSPEKSI TIER 1 SEGMEN TG.PONRE.00085.R0040-TG.PONRE.00085.R0040.R0004,INST1,ULP.32710,22260619,32710.INSPEKSI3,ULP.32710,COMP,ULP PANRITA LOPI,,08/04/2026,,BAIK,P_BINTARORE,14/04/2026,,,TND,Apr,UP3 BULUKUMBA,JTM,INSP,"0,20",,2026,,,,,,,,,,,,
95492759,INSPEKSI TIER 1 SEGMEN TG.PONRE.00089.L0013-TG.PONRE.00089.L0013.R0003,INST1,ULP.32710,22260620,32710.INSPEKSI3,ULP.32710,COMP,ULP PANRITA LOPI,,08/04/2026,,BAIK,P_BINTARORE,14/04/2026,,,TND,Apr,UP3 BULUKUMBA,JTM,INSP,"0,15",,2026,,,,,,,,,,,,
95493166,INSPEKSI TIER 1 SEGMEN TG.PONRE.00089.L0024-TG.PONRE.00089.L0045,INST1,ULP.32710,22260621,32710.INSPEKSI3,ULP.32710,COMP,ULP PANRITA LOPI,,08/04/2026,,BAIK,P_BINTARORE,14/04/2026,,,TND,Apr,UP3 BULUKUMBA,JTM,INSP,"1,05",,2026,,,,,,,,,,,,
95493447,INSPEKSI TIER 1 SEGMEN TG.PONRE.00154.L0243.L0028-TG.PONRE.00154.L0243.L0036,INST1,ULP.32710,22260622,32710.INSPEKSI3,ULP.32710,COMP,ULP PANRITA LOPI,,08/04/2026,,BAIK,P_BINTARORE,13/04/2026,,,TND,Apr,UP3 BULUKUMBA,JTM,INSP,"0,40",,2026,,,,,,,,,,,,
95493592,INSPEKSI TIER 1 SEGMEN TG.SAPIRI.00108.R0028.L0041.R0026.R0016.L0116.R0028-TG.SAPIRI.00108.R0028.L0041.R0026.R0016.L0116.R0031,INST1,ULP.32710,22260625,32710.INSPEKSI3,ULP.32710,COMP,ULP PANRITA LOPI,,08/04/2026,,BAIK,P_SAPIRIA,13/04/2026,,,TND,Apr,UP3 BULUKUMBA,JTM,INSP,"0,15",,2026,,,,,,,,,,,,
95499613,INSPEKSI TIER 1 BR66001,INST1,GD01.06301482,,32750.INSPEKSI1,ULP.32750,COMP,ULP SELAYAR,,08/04/2026,,KURANG,P_TIELINE SELAYAR 1,20/04/2026,,,TND,Apr,UP3 BULUKUMBA,GD,INSP,"0,00",,2026,,,,,,,,,,,,
95499713,INSPEKSI TIER 1 BL53004,INST1,GD01.06301683,,32710.INSPEKSI1,ULP.32710,COMP,ULP PANRITA LOPI,,08/04/2026,,KURANG,P_MATTEKO,22/04/2026,,,TND,Apr,UP3 BULUKUMBA,GD,INSP,"0,00",,2026,,,,,,,,,,,,
95500597,INSPEKSI TIER 1 BL53005,INST1,GD01.06301684,,32710.INSPEKSI1,ULP.32710,COMP,ULP PANRITA LOPI,,08/04/2026,,CUKUP,P_MATTEKO,20/04/2026,,,TND,Apr,UP3 BULUKUMBA,GD,INSP,"0,00",,2026,,,,,,,,,,,,
95500643,INSPEKSI TIER 1 BL55695,INST1,GD01.06301727,,32710.INSPEKSI3,ULP.32710,COMP,ULP PANRITA LOPI,,08/04/2026,,KURANG,P_MATTEKO,27/04/2026,,,TND,Apr,UP3 BULUKUMBA,GD,INSP,"0,00",,2026,,,,,,,,,,,,
95500911,INSPEKSI TIER 1 BL53000,INST1,GD01.06301685,,32710.INSPEKSI1,ULP.32710,COMP,ULP PANRITA LOPI,,08/04/2026,,KURANG,P_MATTEKO,21/04/2026,,,TND,Apr,UP3 BULUKUMBA,GD,INSP,"0,00",,2026,,,,,,,,,,,,
95501250,INSPEKSI TIER 1 BL53001,INST1,GD01.06301686,,32710.INSPEKSI1,ULP.32710,COMP,ULP PANRITA LOPI,,08/04/2026,,KURANG,P_MATTEKO,20/04/2026,,,TND,Apr,UP3 BULUKUMBA,GD,INSP,"0,00",,2026,,,,,,,,,,,,
95501758,INSPEKSI TIER 1 BL53002,INST1,GD01.06301687,,32710.INSPEKSI1,ULP.32710,COMP,ULP PANRITA LOPI,,08/04/2026,,KURANG,P_MATTEKO,20/04/2026,,,TND,Apr,UP3 BULUKUMBA,GD,INSP,"0,00",,2026,,,,,,,,,,,,
95504366,INSPEKSI TIER 1 BL53006,INST1,GD01.06301688,,32710.INSPEKSI1,ULP.32710,COMP,ULP PANRITA LOPI,,08/04/2026,,KURANG,P_MATTEKO,20/04/2026,,,TND,Apr,UP3 BULUKUMBA,GD,INSP,"0,00",,2026,,,,,,,,,,,,
95517871,INSPEKSI TIER 1 SEGMEN TG.BMANAI.00029.L0072-TG.BMANAI.00029.L0099,INST1,ULP.32770,22260592,32770.INSPEKSI3,ULP.32770,COMP,ULP TANETE,,08/04/2026,4/13/26 9:54 PM,BURUK,P_BULO-BULO,02/06/2026,,,TND,Apr,UP3 BULUKUMBA,JTM,INSP,"1,35",,2026,,,,,,,,,,,,
95517937,SEGMEN TG.ULOE.00198.L0074.L0059.R0018-TG.ULOE.00198.L0074.L0059.R0021,INST1,ULP.32770,22260638,32770.INSPEKSI3,ULP.32770,COMP,ULP TANETE,,08/04/2026,4/13/26 9:55 PM,BAIK,P_UJUNGLOE,17/04/2026,,,TND,Apr,UP3 BULUKUMBA,JTM,INSP,"0,15",,2026,,,,,,,,,,,,
95517979,INSPEKSI TIER 1 SEGMEN TG.ULOE.00460-TG.ULOE.00460.R0007,INST1,ULP.32770,22260639,32770.INSPEKSI3,ULP.32770,COMP,ULP TANETE,,08/04/2026,4/13/26 9:55 PM,BAIK,P_UJUNGLOE,17/04/2026,,,TND,Apr,UP3 BULUKUMBA,JTM,INSP,"0,35",,2026,,,,,,,,,,,,
95518347,INSPEKSI TIER 1 BL53009,INST1,GD01.06301689,,32710.INSPEKSI1,ULP.32710,COMP,ULP PANRITA LOPI,,08/04/2026,,KURANG,P_MATTEKO,20/04/2026,,,TND,Apr,UP3 BULUKUMBA,GD,INSP,"0,00",,2026,,,,,,,,,,,,
95518744,INSPEKSI TIER 1 BL53007,INST1,GD01.06301690,,32710.INSPEKSI1,ULP.32710,COMP,ULP PANRITA LOPI,,08/04/2026,,KURANG,P_MATTEKO,20/04/2026,,,TND,Apr,UP3 BULUKUMBA,GD,INSP,"0,00",,2026,,,,,,,,,,,,
95518840,INSPEKSI TIER 1 BL53008,INST1,GD01.06301691,,32710.INSPEKSI1,ULP.32710,WFOLLOWUP,ULP PANRITA LOPI,,08/04/2026,,BURUK,P_MATTEKO,20/04/2026,,,TND,Apr,UP3 BULUKUMBA,GD,INSP,"0,00",,2026,,,,,,,,,,,,
95519758,INSPEKSI TIER 1 BL54333,INST1,GD01.06301692,,32710.INSPEKSI1,ULP.32710,COMP,ULP PANRITA LOPI,,08/04/2026,,CUKUP,P_MATTEKO,20/04/2026,,,TND,Apr,UP3 BULUKUMBA,GD,INSP,"0,00",,2026,,,,,,,,,,,,
95519896,BL54338,INST1,GD01.06301693,,32710.INSPEKSI1,ULP.32710,COMP,ULP PANRITA LOPI,,08/04/2026,,KURANG,P_MATTEKO,20/04/2026,,,TND,Apr,UP3 BULUKUMBA,GD,INSP,"0,00",,2026,,,,,,,,,,,,
95520181,INSPEKSI TIER 1 BL54339,INST1,GD01.06301694,,32710.INSPEKSI1,ULP.32710,COMP,ULP PANRITA LOPI,,08/04/2026,,KURANG,P_MATTEKO,20/04/2026,,,TND,Apr,UP3 BULUKUMBA,GD,INSP,"0,00",,2026,,,,,,,,,,,,
95520447,INSPEKSI TIER 1 BL54334,INST1,GD01.06301695,,32710.INSPEKSI1,ULP.32710,COMP,ULP PANRITA LOPI,,08/04/2026,,CUKUP,P_MATTEKO,22/04/2026,,,TND,Apr,UP3 BULUKUMBA,GD,INSP,"0,00",,2026,,,,,,,,,,,,
95520922,INSPEKSI TIER 1 BL54336,INST1,GD01.06301697,,32710.INSPEKSI1,ULP.32710,COMP,ULP PANRITA LOPI,,08/04/2026,,KURANG,P_MATTEKO,20/04/2026,,,TND,Apr,UP3 BULUKUMBA,GD,INSP,"0,00",,2026,,,,,,,,,,,,
95521494,INSPEKSI TIER 1 BL54341,INST1,GD01.06301700,,32710.INSPEKSI1,ULP.32710,COMP,ULP PANRITA LOPI,,08/04/2026,,KURANG,P_MATTEKO,20/04/2026,,,TND,Apr,UP3 BULUKUMBA,GD,INSP,"0,00",,2026,,,,,,,,,,,,
95521806,INSPEKSI TIER 1 BL54342,INST1,GD01.06301701,,32710.INSPEKSI1,ULP.32710,COMP,ULP PANRITA LOPI,,08/04/2026,,KURANG,P_MATTEKO,20/04/2026,,,TND,Apr,UP3 BULUKUMBA,GD,INSP,"0,00",,2026,,,,,,,,,,,,
95521986,INSPEKSI TIER 1 BL54343,INST1,GD01.06301702,,32710.INSPEKSI1,ULP.32710,WFOLLOWUP,ULP PANRITA LOPI,,08/04/2026,,BURUK,P_MATTEKO,20/04/2026,,,TND,Apr,UP3 BULUKUMBA,GD,INSP,"0,00",,2026,,,,,,,,,,,,
95522153,INSPEKSI TIER 1 BL54344,INST1,GD01.06301703,,32710.INSPEKSI1,ULP.32710,COMP,ULP PANRITA LOPI,,08/04/2026,,KURANG,P_MATTEKO,20/04/2026,,,TND,Apr,UP3 BULUKUMBA,GD,INSP,"0,00",,2026,,,,,,,,,,,,
95522368,INSPEKSI TIER 1 BL54345,INST1,GD01.06301704,,32710.INSPEKSI1,ULP.32710,COMP,ULP PANRITA LOPI,,08/04/2026,,KURANG,P_MATTEKO,29/04/2026,,,TND,Apr,UP3 BULUKUMBA,GD,INSP,"0,00",,2026,,,,,,,,,,,,
95522576,INSPEKSI TIER 1 BL55679,INST1,GD01.06301706,,32710.INSPEKSI3,ULP.32710,COMP,ULP PANRITA LOPI,,08/04/2026,,CUKUP,P_MATTEKO,27/04/2026,,,TND,Apr,UP3 BULUKUMBA,GD,INSP,"0,00",,2026,,,,,,,,,,,,
95522958,INSPEKSI TIER 1 BL53010,INST1,GD01.06301707,,32710.INSPEKSI1,ULP.32710,COMP,ULP PANRITA LOPI,,08/04/2026,,BAIK,P_MATTEKO,29/04/2026,,,TND,Apr,UP3 BULUKUMBA,GD,INSP,"0,00",,2026,,,,,,,,,,,,
95523183,INSPEKSI TIER 1 BL01015,INST1,GD01.06301709,,32710.INSPEKSI3,ULP.32710,COMP,ULP PANRITA LOPI,,08/04/2026,,KURANG,P_MATTEKO,27/04/2026,,,TND,Apr,UP3 BULUKUMBA,GD,INSP,"0,00",,2026,,,,,,,,,,,,
95523448,INSPEKSI TIER 1 BL01013,INST1,GD01.06301710,,32710.INSPEKSI3,ULP.32710,COMP,ULP PANRITA LOPI,,08/04/2026,,KURANG,P_MATTEKO,27/04/2026,,,TND,Apr,UP3 BULUKUMBA,GD,INSP,"0,00",,2026,,,,,,,,,,,,
95523711,INSPEKSI TIER 1 BL55680,INST1,GD01.06301711,,32710.INSPEKSI3,ULP.32710,WFCOMP,ULP PANRITA LOPI,,08/04/2026,,KURANG,P_MATTEKO,15/06/2026,,,TND,Apr,UP3 BULUKUMBA,GD,INSP,"0,00",,2026,,,,,,,,,,,,
95524078,INSPEKSI TIER 1 BL55681,INST1,GD01.06301712,,32710.INSPEKSI3,ULP.32710,COMP,ULP PANRITA LOPI,,08/04/2026,,KURANG,P_MATTEKO,27/04/2026,,,TND,Apr,UP3 BULUKUMBA,GD,INSP,"0,00",,2026,,,,,,,,,,,,
95524382,INSPEKSI TIER 1 BL55682,INST1,GD01.06301713,,32710.INSPEKSI3,ULP.32710,COMP,ULP PANRITA LOPI,,08/04/2026,,KURANG,P_MATTEKO,27/04/2026,,,TND,Apr,UP3 BULUKUMBA,GD,INSP,"0,00",,2026,,,,,,,,,,,,
95524622,INSPEKSI TIER 1 BL55683,INST1,GD01.06301714,,32710.INSPEKSI3,ULP.32710,WFOLLOWUP,ULP PANRITA LOPI,,08/04/2026,,BURUK,P_MATTEKO,27/04/2026,,,TND,Apr,UP3 BULUKUMBA,GD,INSP,"0,00",,2026,,,,,,,,,,,,
95524851,INSPEKSI TIER 1 BL55684,INST1,GD01.06301715,,32710.INSPEKSI3,ULP.32710,COMP,ULP PANRITA LOPI,,08/04/2026,,KURANG,P_MATTEKO,27/04/2026,,,TND,Apr,UP3 BULUKUMBA,GD,INSP,"0,00",,2026,,,,,,,,,,,,
95525078,INSPEKSI TIER 1 BL55685,INST1,GD01.06301716,,32710.INSPEKSI3,ULP.32710,COMP,ULP PANRITA LOPI,,08/04/2026,,KURANG,P_MATTEKO,27/04/2026,,,TND,Apr,UP3 BULUKUMBA,GD,INSP,"0,00",,2026,,,,,,,,,,,,
95525289,INSPEKSI TIER 1 BL55686,INST1,GD01.06301717,,32710.INSPEKSI3,ULP.32710,COMP,ULP PANRITA LOPI,,08/04/2026,,KURANG,P_MATTEKO,27/04/2026,,,TND,Apr,UP3 BULUKUMBA,GD,INSP,"0,00",,2026,,,,,,,,,,,,
95525604,INSPEKSI TIER 1 BL55687,INST1,GD01.06301718,,32710.INSPEKSI3,ULP.32710,COMP,ULP PANRITA LOPI,,08/04/2026,,CUKUP,P_MATTEKO,27/04/2026,,,TND,Apr,UP3 BULUKUMBA,GD,INSP,"0,00",,2026,,,,,,,,,,,,
95525841,INSPEKSI TIER 1 BL55688,INST1,GD01.06301719,,32710.INSPEKSI3,ULP.32710,COMP,ULP PANRITA LOPI,,08/04/2026,,KURANG,P_MATTEKO,27/04/2026,,,TND,Apr,UP3 BULUKUMBA,GD,INSP,"0,00",,2026,,,,,,,,,,,,
95526047,INSPEKSI TIER 1 BL55689,INST1,GD01.06301720,,32710.INSPEKSI3,ULP.32710,WFCOMP,ULP PANRITA LOPI,,08/04/2026,,KURANG,P_MATTEKO,15/06/2026,,,TND,Apr,UP3 BULUKUMBA,GD,INSP,"0,00",,2026,,,,,,,,,,,,
95526281,INSPEKSI TIER 1 BL55690,INST1,GD01.06301721,,32710.INSPEKSI3,ULP.32710,COMP,ULP PANRITA LOPI,,08/04/2026,,KURANG,P_MATTEKO,27/04/2026,,,TND,Apr,UP3 BULUKUMBA,GD,INSP,"0,00",,2026,,,,,,,,,,,,
95526500,INSPEKSI TIER 1 BL55692,INST1,GD01.06301723,,32710.INSPEKSI3,ULP.32710,COMP,ULP PANRITA LOPI,,08/04/2026,,KURANG,P_MATTEKO,27/04/2026,,,TND,Apr,UP3 BULUKUMBA,GD,INSP,"0,00",,2026,,,,,,,,,,,,
95526774,INSPEKSI TIER 1 BL55712,INST1,GD01.06301724,,32710.INSPEKSI3,ULP.32710,COMP,ULP PANRITA LOPI,,08/04/2026,,CUKUP,P_MATTEKO,27/04/2026,,,TND,Apr,UP3 BULUKUMBA,GD,INSP,"0,00",,2026,,,,,,,,,,,,
95527086,INSPEKSI TIER 1 BL55693,INST1,GD01.06301725,,32710.INSPEKSI3,ULP.32710,WFCOMP,ULP PANRITA LOPI,,08/04/2026,,CUKUP,P_MATTEKO,15/06/2026,,,TND,Apr,UP3 BULUKUMBA,GD,INSP,"0,00",,2026,,,,,,,,,,,,
95527420,INSPEKSI TIER 1 BL55694,INST1,GD01.06301726,,32710.INSPEKSI3,ULP.32710,COMP,ULP PANRITA LOPI,,08/04/2026,,CUKUP,P_MATTEKO,27/04/2026,,,TND,Apr,UP3 BULUKUMBA,GD,INSP,"0,00",,2026,,,,,,,,,,,,
95529266,INSPEKSI TIER 1 BL55696,INST1,GD01.06301729,,32710.INSPEKSI3,ULP.32710,COMP,ULP PANRITA LOPI,,08/04/2026,,KURANG,P_MATTEKO,27/04/2026,,,TND,Apr,UP3 BULUKUMBA,GD,INSP,"0,00",,2026,,,,,,,,,,,,
95529565,INSPEKSI TIER 1 BL55697,INST1,GD01.06301730,,32710.INSPEKSI3,ULP.32710,COMP,ULP PANRITA LOPI,,08/04/2026,,KURANG,P_MATTEKO,27/04/2026,,,TND,Apr,UP3 BULUKUMBA,GD,INSP,"0,00",,2026,,,,,,,,,,,,
95529687,INSPEKSI TIER 1 BR66002,INST1,GD01.06301483,,32750.INSPEKSI1,ULP.32750,COMP,ULP SELAYAR,,08/04/2026,,KURANG,P_TIELINE SELAYAR 1,20/04/2026,,,TND,Apr,UP3 BULUKUMBA,GD,INSP,"0,00",,2026,,,,,,,,,,,,
95530042,INSPEKSI TIER 1 BL55698,INST1,GD01.06301731,,32710.INSPEKSI3,ULP.32710,WFOLLOWUP,ULP PANRITA LOPI,,08/04/2026,,BURUK,P_MATTEKO,27/04/2026,,,TND,Apr,UP3 BULUKUMBA,GD,INSP,"0,00",,2026,,,,,,,,,,,,
95530336,INSPEKSI TIER 1 BL55701,INST1,GD01.06301734,,32710.INSPEKSI3,ULP.32710,COMP,ULP PANRITA LOPI,,08/04/2026,,KURANG,P_MATTEKO,27/04/2026,,,TND,Apr,UP3 BULUKUMBA,GD,INSP,"0,00",,2026,,,,,,,,,,,,
95530577,INSPEKSI TIER 1 BL55708,INST1,GD01.06301736,,32710.INSPEKSI3,ULP.32710,COMP,ULP PANRITA LOPI,,08/04/2026,,KURANG,P_MATTEKO,27/04/2026,,,TND,Apr,UP3 BULUKUMBA,GD,INSP,"0,00",,2026,,,,,,,,,,,,
95530611,INSPEKSI TIER 1 BR66003,INST1,GD01.06301484,,32750.INSPEKSI1,ULP.32750,COMP,ULP SELAYAR,,08/04/2026,,KURANG,P_TIELINE SELAYAR 1,20/04/2026,,,TND,Apr,UP3 BULUKUMBA,GD,INSP,"0,00",,2026,,,,,,,,,,,,
95530847,INSPEKSI TIER 1 BL55710,INST1,GD01.06301738,,32710.INSPEKSI3,ULP.32710,WFCOMP,ULP PANRITA LOPI,,08/04/2026,,KURANG,P_MATTEKO,15/06/2026,,,TND,Apr,UP3 BULUKUMBA,GD,INSP,"0,00",,2026,,,,,,,,,,,,
95531094,INSPEKSI TIER 1 BR66004,INST1,GD01.06301485,,32750.INSPEKSI1,ULP.32750,COMP,ULP SELAYAR,,08/04/2026,,KURANG,P_TIELINE SELAYAR 1,08/04/2026,,,TND,Apr,UP3 BULUKUMBA,GD,INSP,"0,00",,2026,,,,,,,,,,,,
95531137,INSPEKSI TIER 1 BL55711,INST1,GD01.06301739,,32710.INSPEKSI3,ULP.32710,COMP,ULP PANRITA LOPI,,08/04/2026,,KURANG,P_MATTEKO,27/04/2026,,,TND,Apr,UP3 BULUKUMBA,GD,INSP,"0,00",,2026,,,,,,,,,,,,
95531447,BL55703 PANRITA LOPI,INST1,GD01.06301741,,32710.INSPEKSI3,ULP.32710,COMP,ULP PANRITA LOPI,,08/04/2026,,,P_BINTARORE,27/04/2026,,,TND,Apr,UP3 BULUKUMBA,GD,INSP,"0,00",,2026,,,,,,,,,,,,
95531532,INSPEKSI TIER 1 BR66005,INST1,GD01.06301486,,32750.INSPEKSI1,ULP.32750,COMP,ULP SELAYAR,,08/04/2026,,KURANG,P_TIELINE SELAYAR 1,08/04/2026,,,TND,Apr,UP3 BULUKUMBA,GD,INSP,"0,00",,2026,,,,,,,,,,,,
95531937,INSPEKSI TIER 1 BR67334,INST1,GD01.06301610,,32750.INSPEKSI1,ULP.32750,COMP,ULP SELAYAR,,08/04/2026,,KURANG,P_TIELINE SELAYAR 1,08/04/2026,,,TND,Apr,UP3 BULUKUMBA,GD,INSP,"0,00",,2026,,,,,,,,,,,,
95536634,INSPEKSI TIER 1 SEGMEN TG.BMANAI.00264-TG.BMANAI.00264.L0020,INST1,ULP.32770,4690835,32770.INSPEKSI3,ULP.32770,WFOLLOWUP,ULP TANETE,,08/04/2026,4/13/26 9:58 PM,BURUK,P_BINTARORE,15/04/2026,,,TND,Apr,UP3 BULUKUMBA,JTM,INSP,"1,20",,2026,,,,,,,,,,,,
95536890,INSPEKSI TIER 1 SEGMEN TG.BMANAI.00001-TG.BMANAI.00006,INST1,ULP.32770,4690819,32770.INSPEKSI3,ULP.32770,COMP,ULP TANETE,,08/04/2026,4/13/26 9:57 PM,BAIK,P_BINTARORE,15/04/2026,,,TND,Apr,UP3 BULUKUMBA,JTM,INSP,"0,20",,2026,,,,,,,,,,,,
95536904,BL-55-704 PANRITA LOPI,INST1,GD01.06301742,,32710.INSPEKSI3,ULP.32710,COMP,ULP PANRITA LOPI,,08/04/2026,,,P_BINTARORE,27/04/2026,,,TND,Apr,UP3 BULUKUMBA,GD,INSP,"0,00",,2026,,,,,,,,,,,,
95536957,INSPEKSI TIER 1 BR67331,INST1,GD01.06301613,,32750.INSPEKSI1,ULP.32750,COMP,ULP SELAYAR,,08/04/2026,,KURANG,P_TIELINE SELAYAR 1,20/04/2026,,,TND,Apr,UP3 BULUKUMBA,GD,INSP,"0,00",,2026,,,,,,,,,,,,
95537237,INSPEKSI TIER 1 BR67336,INST1,GD01.06301616,,32750.INSPEKSI1,ULP.32750,COMP,ULP SELAYAR,,08/04/2026,,KURANG,P_TIELINE SELAYAR 1,15/04/2026,,,TND,Apr,UP3 BULUKUMBA,GD,INSP,"0,00",,2026,,,,,,,,,,,,
95537333,INSPEKSI TIER 1 SEGMEN TG.BMANAI.00006-TG.BMANAI.00006.R0033,INST1,ULP.32770,4690820,32770.INSPEKSI3,ULP.32770,COMP,ULP TANETE,,08/04/2026,4/13/26 9:57 PM,BAIK,P_BINTARORE,15/04/2026,,,TND,Apr,UP3 BULUKUMBA,JTM,INSP,"1,70",,2026,,,,,,,,,,,,
95537664,INSPEKSI TIER 1 BR67338,INST1,GD01.06301618,,32750.INSPEKSI1,ULP.32750,COMP,ULP SELAYAR,,08/04/2026,,KURANG,P_TIELINE SELAYAR 1,22/04/2026,,,TND,Apr,UP3 BULUKUMBA,GD,INSP,"0,00",,2026,,,,,,,,,,,,
95537666,INSPEKSI TIER 1 BL55677,INST1,GD01.06301745,,32710.INSPEKSI1,ULP.32710,COMP,ULP PANRITA LOPI,,08/04/2026,,KURANG,P_MATTEKO,29/04/2026,,,TND,Apr,UP3 BULUKUMBA,GD,INSP,"0,00",,2026,,,,,,,,,,,,
95537831,INSPEKSI TIER 1 BR67340,INST1,GD01.06301619,,32750.INSPEKSI1,ULP.32750,COMP,ULP SELAYAR,,08/04/2026,,KURANG,P_TIELINE SELAYAR 1,22/04/2026,,,TND,Apr,UP3 BULUKUMBA,GD,INSP,"0,00",,2026,,,,,,,,,,,,
95537990,INSPEKSI TIER 1 BR67339,INST1,GD01.06301620,,32750.INSPEKSI1,ULP.32750,COMP,ULP SELAYAR,,08/04/2026,,KURANG,P_TIELINE SELAYAR 1,22/04/2026,,,TND,Apr,UP3 BULUKUMBA,GD,INSP,"0,00",,2026,,,,,,,,,,,,
95538315,INSPEKSI TIER 1 BR67343,INST1,GD01.06301624,,32750.INSPEKSI1,ULP.32750,COMP,ULP SELAYAR,,08/04/2026,,KURANG,P_TIELINE SELAYAR 1,22/04/2026,,,TND,Apr,UP3 BULUKUMBA,GD,INSP,"0,00",,2026,,,,,,,,,,,,
95538545,INSPEKSI TIER 1 BL55678,INST1,GD01.06301746,,32710.INSPEKSI1,ULP.32710,COMP,ULP PANRITA LOPI,,08/04/2026,,KURANG,P_MATTEKO,29/04/2026,,,TND,Apr,UP3 BULUKUMBA,GD,INSP,"0,00",,2026,,,,,,,,,,,,
95538571,INSPEKSI TIER 1 SEGMEN TG.LAPPA.00111.R0041.R0055-TG.LAPPA.00111.R0041.R0055.R0019,INST1,ULP.32760,22260602,32760.INSPEKSI3,ULP.32760,COMP,ULP SINJAI,,08/04/2026,,BAIK,P_LAPPA,28/04/2026,,,TND,Apr,UP3 BULUKUMBA,JTM,INSP,"0,95",,2026,,,,,,,,,,,,
95538616,INSPEKSI TIER 1 BR66000,INST1,GD01.06301481,,32750.INSPEKSI1,ULP.32750,COMP,ULP SELAYAR,,08/04/2026,,KURANG,P_TIELINE SELAYAR 1,20/04/2026,,,TND,Apr,UP3 BULUKUMBA,GD,INSP,"0,00",,2026,,,,,,,,,,,,
95538743,INSPEKSI TIER 1 BX0001,INST1,GD01.06301611,,32750.INSPEKSI1,ULP.32750,COMP,ULP SELAYAR,,08/04/2026,,CUKUP,P_TIELINE SELAYAR 1,20/04/2026,,,TND,Apr,UP3 BULUKUMBA,GD,INSP,"0,00",,2026,,,,,,,,,,,,
95538775,INSPEKSI TIER 1 BL55676,INST1,GD01.06301747,,32710.INSPEKSI1,ULP.32710,COMP,ULP PANRITA LOPI,,08/04/2026,,KURANG,P_MATTEKO,29/04/2026,,,TND,Apr,UP3 BULUKUMBA,GD,INSP,"0,00",,2026,,,,,,,,,,,,
95538899,INSPEKSI TIER 1 BX0002,INST1,GD01.06301612,,32750.INSPEKSI1,ULP.32750,COMP,ULP SELAYAR,,08/04/2026,,CUKUP,P_TIELINE SELAYAR 1,20/04/2026,,,TND,Apr,UP3 BULUKUMBA,GD,INSP,"0,00",,2026,,,,,,,,,,,,
95539027,INSPEKSI TIER 1 BR67330,INST1,GD01.06301614,,32750.INSPEKSI1,ULP.32750,COMP,ULP SELAYAR,,08/04/2026,,KURANG,P_TIELINE SELAYAR 1,15/04/2026,,,TND,Apr,UP3 BULUKUMBA,GD,INSP,"0,00",,2026,,,,,,,,,,,,
95539153,INSPEKSI TIER 1 BR67335,INST1,GD01.06301615,,32750.INSPEKSI1,ULP.32750,COMP,ULP SELAYAR,,08/04/2026,,KURANG,P_TIELINE SELAYAR 1,15/04/2026,,,TND,Apr,UP3 BULUKUMBA,GD,INSP,"0,00",,2026,,,,,,,,,,,,
95539172,INSPEKSI TIER 1 BL55673,INST1,GD01.06301749,,32710.INSPEKSI1,ULP.32710,COMP,ULP PANRITA LOPI,,08/04/2026,,BAIK,P_MATTEKO,29/04/2026,,,TND,Apr,UP3 BULUKUMBA,GD,INSP,"0,00",,2026,,,,,,,,,,,,
95539292,INSPEKSI TIER 1 BR67337,INST1,GD01.06301617,,32750.INSPEKSI1,ULP.32750,COMP,ULP SELAYAR,,08/04/2026,,CUKUP,P_TIELINE SELAYAR 1,15/04/2026,,,TND,Apr,UP3 BULUKUMBA,GD,INSP,"0,00",,2026,,,,,,,,,,,,
95539385,INSPEKSI TIER 1 BL55674,INST1,GD01.06301750,,32710.INSPEKSI1,ULP.32710,COMP,ULP PANRITA LOPI,,08/04/2026,,KURANG,P_MATTEKO,29/04/2026,,,TND,Apr,UP3 BULUKUMBA,GD,INSP,"0,00",,2026,,,,,,,,,,,,
95539487,INSPEKSI TIER 1 BL55672,INST1,GD01.06301751,,32710.INSPEKSI1,ULP.32710,COMP,ULP PANRITA LOPI,,08/04/2026,,KURANG,P_MATTEKO,29/04/2026,,,TND,Apr,UP3 BULUKUMBA,GD,INSP,"0,00",,2026,,,,,,,,,,,,
95539650,INSPEKSI TIER 1 BL55667,INST1,GD01.06301756,,32710.INSPEKSI1,ULP.32710,COMP,ULP PANRITA LOPI,,08/04/2026,,KURANG,P_MATTEKO,29/04/2026,,,TND,Apr,UP3 BULUKUMBA,GD,INSP,"0,00",,2026,,,,,,,,,,,,
95539787,INSPEKSI TIER 1 BL04001,INST1,GD01.06301759,,32710.INSPEKSI1,ULP.32710,WFCOMP,ULP PANRITA LOPI,,08/04/2026,,KURANG,P_MATTEKO,08/06/2026,,,TND,Apr,UP3 BULUKUMBA,GD,INSP,"0,00",,2026,,,,,,,,,,,,
95540605,INSPEKSI TIER 1 BL04008,INST1,GD01.06301760,,32710.INSPEKSI1,ULP.32710,COMP,ULP PANRITA LOPI,,08/04/2026,,KURANG,P_MATTEKO,29/04/2026,,,TND,Apr,UP3 BULUKUMBA,GD,INSP,"0,00",,2026,,,,,,,,,,,,
95541086,INSPEKSI TIER 1 BX002,INST1,GD01.06301507,,32750.INSPEKSI1,ULP.32750,COMP,ULP SELAYAR,,08/04/2026,,CUKUP,P_BONTOMANAI,22/04/2026,,,TND,Apr,UP3 BULUKUMBA,GD,INSP,"0,00",,2026,,,,,,,,,,,,
95541163,INSPEKSI TIER 1 BL04002,INST1,GD01.06301761,,32710.INSPEKSI1,ULP.32710,WFCOMP,ULP PANRITA LOPI,,08/04/2026,,KURANG,P_MATTEKO,08/06/2026,,,TND,Apr,UP3 BULUKUMBA,GD,INSP,"0,00",,2026,,,,,,,,,,,,
95541607,INSPEKSI TIER 1 BL04003,INST1,GD01.06301762,,32710.INSPEKSI1,ULP.32710,COMP,ULP PANRITA LOPI,,08/04/2026,,CUKUP,P_MATTEKO,29/04/2026,,,TND,Apr,UP3 BULUKUMBA,GD,INSP,"0,00",,2026,,,,,,,,,,,,
95542267,INSPEKSI TIER 1 BL04005,INST1,GD01.06301764,,32710.INSPEKSI1,ULP.32710,COMP,ULP PANRITA LOPI,,08/04/2026,,KURANG,P_MATTEKO,29/04/2026,,,TND,Apr,UP3 BULUKUMBA,GD,INSP,"0,00",,2026,,,,,,,,,,,,
95542486,INSPEKSI TIER 1 BL04006,INST1,GD01.06301765,,32710.INSPEKSI1,ULP.32710,COMP,ULP PANRITA LOPI,,08/04/2026,,KURANG,P_MATTEKO,29/04/2026,,,TND,Apr,UP3 BULUKUMBA,GD,INSP,"0,00",,2026,,,,,,,,,,,,
95542933,INSPEKSI TIER 1 BL04007,INST1,GD01.06301766,,32710.INSPEKSI1,ULP.32710,COMP,ULP PANRITA LOPI,,08/04/2026,,KURANG,P_MATTEKO,29/04/2026,,,TND,Apr,UP3 BULUKUMBA,GD,INSP,"0,00",,2026,,,,,,,,,,,,
95543181,INSPEKSI TIER 1 BL01010,INST1,GD01.06302609,,32710.INSPEKSI1,ULP.32710,COMP,ULP PANRITA LOPI,,08/04/2026,,KURANG,P_BINTARORE,29/04/2026,,,TND,Apr,UP3 BULUKUMBA,GD,INSP,"0,00",,2026,,,,,,,,,,,,
95544237,INSPEKSI TIER 1 BL01012,INST1,GD01.06302610,,32710.INSPEKSI1,ULP.32710,COMP,ULP PANRITA LOPI,,08/04/2026,,KURANG,P_BINTARORE,29/04/2026,,,TND,Apr,UP3 BULUKUMBA,GD,INSP,"0,00",,2026,,,,,,,,,,,,
95544557,INSPEKSI TIER 1 BL01017,INST1,GD01.06302611,,32710.INSPEKSI1,ULP.32710,WFCOMP,ULP PANRITA LOPI,,08/04/2026,,KURANG,P_BINTARORE,08/06/2026,,,TND,Apr,UP3 BULUKUMBA,GD,INSP,"0,00",,2026,,,,,,,,,,,,
95544841,INSPEKSI TIER 1 BL01018,INST1,GD01.06302612,,32710.INSPEKSI1,ULP.32710,COMP,ULP PANRITA LOPI,,08/04/2026,,CUKUP,P_BINTARORE,29/04/2026,,,TND,Apr,UP3 BULUKUMBA,GD,INSP,"0,00",,2026,,,,,,,,,,,,
95544953,INSPEKSI TIER 1 BL01023,INST1,GD01.06302618,,32710.INSPEKSI1,ULP.32710,COMP,ULP PANRITA LOPI,,08/04/2026,,KURANG,P_BINTARORE,29/04/2026,,,TND,Apr,UP3 BULUKUMBA,GD,INSP,"0,00",,2026,,,,,,,,,,,,
95545018,INSPEKSI TIER 1 SEGMEN TG.LAPPA.00111.R0086-TG.LAPPA.00111.R0096,INST1,ULP.32760,4691819,32760.INSPEKSI3,ULP.32760,COMP,ULP SINJAI,,08/04/2026,,KURANG,P_LAPPA,28/04/2026,,,TND,Apr,UP3 BULUKUMBA,JTM,INSP,"0,50",,2026,,,,,,,,,,,,
95545029,INSPEKSI TIER 1 BL01025,INST1,GD01.06302620,,32710.INSPEKSI1,ULP.32710,COMP,ULP PANRITA LOPI,,08/04/2026,,KURANG,P_BINTARORE,29/04/2026,,,TND,Apr,UP3 BULUKUMBA,GD,INSP,"0,00",,2026,,,,,,,,,,,,
95545058,INSPEKSI TIER 1 BL01026,INST1,GD01.06302621,,32710.INSPEKSI1,ULP.32710,COMP,ULP PANRITA LOPI,,08/04/2026,,KURANG,P_BINTARORE,29/04/2026,,,TND,Apr,UP3 BULUKUMBA,GD,INSP,"0,00",,2026,,,,,,,,,,,,
95545081,INSPEKSI TIER 1 SEGMEN TG.LAPPA.000109-TG.LAPPA.00134,INST1,ULP.32760,4691797,32760.INSPEKSI3,ULP.32760,COMP,ULP SINJAI,,08/04/2026,,BAIK,P_LAPPA,20/04/2026,,,TND,Apr,UP3 BULUKUMBA,JTM,INSP,"1,25",,2026,,,,,,,,,,,,
95545115,INSPEKSI TIER 1 SEGMEN TG. TABANG.00001-TG.TABANG.00004,INST1,ULP.32750,4690783,32750.INSPEKSI2,ULP.32750,COMP,ULP SELAYAR,,08/04/2026,,BAIK,P_TIELINE SELAYAR 1,20/04/2026,,,TND,Apr,UP3 BULUKUMBA,JTM,INSP,"0,55",,2026,,,,,,,,,,,,
95545157,INSPEKSI TIER 1 SEGMEN TG. TABANG.00004-TG.TABANG.00004.L0008,INST1,ULP.32750,4690784,32750.INSPEKSI2,ULP.32750,WFCOMP,ULP SELAYAR,,08/04/2026,,BAIK,P_TIELINE SELAYAR 1,24/04/2026,,,TND,Apr,UP3 BULUKUMBA,JTM,INSP,"0,40",,2026,,,,,,,,,,,,
95545170,INSPEKSI TIER 1 SEGMEN TG.LAPPA.00036-TG.LAPPA.00036.L00042,INST1,ULP.32760,4691798,32760.INSPEKSI3,ULP.32760,COMP,ULP SINJAI,,08/04/2026,,CUKUP,P_LAPPA,28/04/2026,,,TND,Apr,UP3 BULUKUMBA,JTM,INSP,"2,10",,2026,,,,,,,,,,,,
95545248,INSPEKSI TIER 1 SEGMEN TG. TABANG.00004-TG.TABANG.00030,INST1,ULP.32750,4690785,32750.INSPEKSI2,ULP.32750,COMP,ULP SELAYAR,,08/04/2026,,BAIK,P_TIELINE SELAYAR 1,24/04/2026,,,TND,Apr,UP3 BULUKUMBA,JTM,INSP,"1,30",,2026,,,,,,,,,,,,
95545297,INSPEKSI TIER 1 SEGMEN TG.LAPPA.00036-TG.LAPPA.00059,INST1,ULP.32760,4691799,32760.INSPEKSI3,ULP.32760,COMP,ULP SINJAI,,08/04/2026,,BAIK,P_LAPPA,28/04/2026,,,TND,Apr,UP3 BULUKUMBA,JTM,INSP,"1,15",,2026,,,,,,,,,,,,
95545298,INSPEKSI TIER 1 SEGMEN TG. TABANG.00030-TG.TABANG.00030.L0033,INST1,ULP.32750,4690786,32750.INSPEKSI2,ULP.32750,COMP,ULP SELAYAR,,08/04/2026,,BAIK,P_TIELINE SELAYAR 1,24/04/2026,,,TND,Apr,UP3 BULUKUMBA,JTM,INSP,"1,65",,2026,,,,,,,,,,,,
95545359,INSPEKSI TIER 1 SEGMEN TG. TABANG.00030-TG.TABANG.00112,INST1,ULP.32750,4690787,32750.INSPEKSI2,ULP.32750,WFCOMP,ULP SELAYAR,,08/04/2026,,BAIK,P_TIELINE SELAYAR 1,27/04/2026,,,TND,Apr,UP3 BULUKUMBA,JTM,INSP,"4,10",,2026,,,,,,,,,,,,
95545468,INSPEKSI TIER 1 SEGMEN TG. TABANG.00112-TG.TABANG.00112.L0050,INST1,ULP.32750,4690788,32750.INSPEKSI2,ULP.32750,COMP,ULP SELAYAR,,08/04/2026,,CUKUP,P_TIELINE SELAYAR 1,24/04/2026,,,TND,Apr,UP3 BULUKUMBA,JTM,INSP,"2,50",,2026,,,,,,,,,,,,
95545526,INSPEKSI TIER 1 SEGMEN TG.LAPPA.00059-TG.LAPPA.00059.L0002,INST1,ULP.32760,4691800,32760.INSPEKSI3,ULP.32760,COMP,ULP SINJAI,,08/04/2026,,BAIK,P_LAPPA,20/04/2026,,,TND,Apr,UP3 BULUKUMBA,JTM,INSP,"0,10",,2026,,,,,,,,,,,,
95545533,INSPEKSI TIER 1 SEGMEN TG. TABANG.00113-TG.TABANG.00137,INST1,ULP.32750,4690789,32750.INSPEKSI2,ULP.32750,COMP,ULP SELAYAR,,08/04/2026,,BAIK,P_TIELINE SELAYAR 1,24/04/2026,,,TND,Apr,UP3 BULUKUMBA,JTM,INSP,"1,25",,2026,,,,,,,,,,,,
95545586,INSPEKSI TIER 1 SEGMEN TG. TABANG.00137-TG.TABANG.00137.R0003,INST1,ULP.32750,4690790,32750.INSPEKSI2,ULP.32750,COMP,ULP SELAYAR,,08/04/2026,,BAIK,P_TIELINE SELAYAR 1,24/04/2026,,,TND,Apr,UP3 BULUKUMBA,JTM,INSP,"0,15",,2026,,,,,,,,,,,,
95545602,INSPEKSI TIER 1 SEGMEN TG. TABANG.00137-TG.TABANG.00189,INST1,ULP.32750,4690791,32750.INSPEKSI2,ULP.32750,WFCOMP,ULP SELAYAR,,08/04/2026,,BAIK,P_TIELINE SELAYAR 1,24/04/2026,,,TND,Apr,UP3 BULUKUMBA,JTM,INSP,"2,60",,2026,,,,,,,,,,,,
95545654,INSPEKSI TIER 1 SEGMEN TG.LAPPA.00059-TG.LAPPA.00089S,INST1,ULP.32760,4691801,32760.INSPEKSI3,ULP.32760,WFCOMP,ULP SINJAI,,08/04/2026,,BAIK,P_LAPPA,29/04/2026,,,TND,Apr,UP3 BULUKUMBA,JTM,INSP,"1,50",,2026,,,,,,,,,,,,
95545736,INSPEKSI TIER 1 SEGMEN TG.LAPPA.00089-TG.LAPPA.00089.L00016,INST1,ULP.32760,4691802,32760.INSPEKSI3,ULP.32760,COMP,ULP SINJAI,,08/04/2026,,BAIK,P_LAPPA,20/04/2026,,,TND,Apr,UP3 BULUKUMBA,JTM,INSP,"0,80",,2026,,,,,,,,,,,,
95545807,INSPEKSI TIER 1 SEGMEN TG.LAPPA.00089-TG.LAPPA.00109,INST1,ULP.32760,4691803,32760.INSPEKSI3,ULP.32760,COMP,ULP SINJAI,,08/04/2026,,BAIK,P_LAPPA,20/04/2026,,,TND,Apr,UP3 BULUKUMBA,JTM,INSP,"1,00",,2026,,,,,,,,,,,,
95546519,INSPEKSI TIER 1 SEGMEN TG.LAPPA.00111.R0027-TG.LAPPA.00111.R0046,INST1,ULP.32760,4691809,32760.INSPEKSI3,ULP.32760,COMP,ULP SINJAI,,08/04/2026,,BAIK,P_LAPPA,20/04/2026,,,TND,Apr,UP3 BULUKUMBA,JTM,INSP,"1,00",,2026,,,,,,,,,,,,
95551407,INSPEKSI TIER 1 SEGMEN TG.LAPPA.00111.R0054.-TG.LAPPA.00111.R0054.R0013,INST1,ULP.32760,4691815,32760.INSPEKSI3,ULP.32760,WINSP,ULP SINJAI,,08/04/2026,,,P_LAPPA,20/06/2026,,,TND,Apr,UP3 BULUKUMBA,JTM,INSP,"0,65",,2026,,,,,,,,,,,,
95551828,INSPEKSI TIER 1 SEGMEN TG.LINGKAR.00001-TG.LINGKAR.00073.R0029,INST1,ULP.32740,4691922,32740.INSPEKSI3,ULP.32740,COMP,ULP BANTAENG,,08/04/2026,4/9/26 10:01,BAIK,P_LINGKAR,12/04/2026,,,TND,Apr,UP3 BULUKUMBA,JTM,INSP,"1,45",,2026,,,,,,,,,,,,
95551944,INSPEKSI TIER 1 SEGMEN TG.LINGKAR.00001-TG.LINGKAR.00073.R0029,INST1,ULP.32740,4691922,32740.INSPEKSI3,ULP.32740,COMP,ULP BANTAENG,,08/04/2026,4/9/26 10:08,BAIK,P_LINGKAR,12/04/2026,,,TND,Apr,UP3 BULUKUMBA,JTM,INSP,"1,45",,2026,,,,,,,,,,,,
95551977,INSPEKSI TIER 1 SEGMEN TG.LINGKAR.00073-TG.LINGKAR.00126.L0023,INST1,ULP.32740,4691924,32740.INSPEKSI3,ULP.32740,COMP,ULP BANTAENG,,08/04/2026,4/9/26 10:08,KURANG,P_LINGKAR,12/04/2026,,,TND,Apr,UP3 BULUKUMBA,JTM,INSP,"1,15",,2026,,,,,,,,,,,,
95552045,INSPEKSI TIER 1 SEGMEN TG.LINGKAR.00073-TG.LINGKAR.00126.R00091.L0155.L0037.R0017.L0030,INST1,ULP.32740,4691925,32740.INSPEKSI3,ULP.32740,COMP,ULP BANTAENG,,08/04/2026,4/9/26 10:09,BAIK,P_LINGKAR,14/04/2026,,,TND,Apr,UP3 BULUKUMBA,JTM,INSP,"1,15",,2026,,,,,,,,,,,,
95552090,INSPEKSI TIER 1 SEGMEN TG.LINGKAR.00073-TG.LINGKAR.00126.R0033,INST1,ULP.32740,4691926,32740.INSPEKSI3,ULP.32740,COMP,ULP BANTAENG,,08/04/2026,4/9/26 10:10,BAIK,P_LINGKAR,12/04/2026,,,TND,Apr,UP3 BULUKUMBA,JTM,INSP,"1,65",,2026,,,,,,,,,,,,
95552132,INSPEKSI TIER 1 SEGMEN TG.LINGKAR.00126.R0033-TG.LINGKAR.00126.R0057,INST1,ULP.32740,4691927,32740.INSPEKSI3,ULP.32740,COMP,ULP BANTAENG,,08/04/2026,4/9/26 10:19,BAIK,P_LINGKAR,12/04/2026,,,TND,Apr,UP3 BULUKUMBA,JTM,INSP,"1,20",,2026,,,,,,,,,,,,
95552157,INSPEKSI TIER 1 SEGMEN TG.LINGKAR.00073-TG.LINGKAR.00126.R0057.L0143,INST1,ULP.32740,4691928,32740.INSPEKSI3,ULP.32740,COMP,ULP BANTAENG,,08/04/2026,4/9/26 10:21,BAIK,P_LINGKAR,17/04/2026,,,TND,Apr,UP3 BULUKUMBA,JTM,INSP,"7,15",,2026,,,,,,,,,,,,
95552304,INSPEKSI TIER 1 SEGMEN TG.LINGKAR.00073-TG.LINGKAR.00126.R0091,INST1,ULP.32740,4691929,32740.INSPEKSI3,ULP.32740,COMP,ULP BANTAENG,,08/04/2026,4/9/26 10:22,CUKUP,P_LINGKAR,16/04/2026,,,TND,Apr,UP3 BULUKUMBA,JTM,INSP,"1,70",,2026,,,,,,,,,,,,
95552350,INSPEKSI TIER 1 SEGMEN TG.LINGKAR.00073-TG.LINGKAR.00126.R0091.L0155,INST1,ULP.32740,4691930,32740.INSPEKSI3,ULP.32740,COMP,ULP BANTAENG,,08/04/2026,4/9/26 10:23,CUKUP,P_LINGKAR,17/04/2026,,,TND,Apr,UP3 BULUKUMBA,JTM,INSP,"7,75",,2026,,,,,,,,,,,,
95552506,INSPEKSI TIER 1 SEGMEN TG.LINGKAR.00073-TG.LINGKAR.00126.R0091.L0155.L0037,INST1,ULP.32740,4691931,32740.INSPEKSI3,ULP.32740,COMP,ULP BANTAENG,,08/04/2026,4/9/26 10:24,BAIK,P_LINGKAR,16/04/2026,,,TND,Apr,UP3 BULUKUMBA,JTM,INSP,"1,85",,2026,,,,,,,,,,,,
95552605,INSPEKSI TIER 1 SEGMEN TG.LINGKAR.00073-TG.LINGKAR.00126.R0091.L0155.L0037.R0017,INST1,ULP.32740,4691932,32740.INSPEKSI3,ULP.32740,COMP,ULP BANTAENG,,08/04/2026,4/9/26 10:25,BAIK,P_LINGKAR,16/04/2026,,,TND,Apr,UP3 BULUKUMBA,JTM,INSP,"0,85",,2026,,,,,,,,,,,,
95552624,INSPEKSI TIER 1 SEGMEN TG.LINGKAR.00073-TG.LINGKAR.00126.R0091.L0155.L0037.R0127,INST1,ULP.32740,4691933,32740.INSPEKSI3,ULP.32740,COMP,ULP BANTAENG,,08/04/2026,4/9/26 10:25,BAIK,P_LINGKAR,17/04/2026,,,TND,Apr,UP3 BULUKUMBA,JTM,INSP,"5,50",,2026,,,,,,,,,,,,
95552735,INSPEKSI TIER 1 SEGMEN TG.LINGKAR.00073-TG.LINGKAR.00126.R0091.L0155.L0037.R0127.R0032,INST1,ULP.32740,4691934,32740.INSPEKSI3,ULP.32740,COMP,ULP BANTAENG,,08/04/2026,4/9/26 10:26,BAIK,P_LINGKAR,16/04/2026,,,TND,Apr,UP3 BULUKUMBA,JTM,INSP,"1,60",,2026,,,,,,,,,,,,
95552783,INSPEKSI TIER 1 SEGMEN TG.LINGKAR.00073-TG.LINGKAR.00126.R0091.L0155.L0037.R0184,INST1,ULP.32740,4691935,32740.INSPEKSI3,ULP.32740,COMP,ULP BANTAENG,,08/04/2026,4/9/26 10:26,BAIK,P_LINGKAR,17/04/2026,,,TND,Apr,UP3 BULUKUMBA,JTM,INSP,"2,85",,2026,,,,,,,,,,,,
95552850,INSPEKSI TIER 1 SEGMEN TG.LINGKAR.00073-TG.LINGKAR.00126.R0091.L0155.L0070,INST1,ULP.32740,4691936,32740.INSPEKSI3,ULP.32740,COMP,ULP BANTAENG,,08/04/2026,4/9/26 10:27,BAIK,P_LINGKAR,16/04/2026,,,TND,Apr,UP3 BULUKUMBA,JTM,INSP,"1,65",,2026,,,,,,,,,,,,
95552889,INSPEKSI TIER 1 SEGMEN TG.LINGKAR.00073-TG.LINGKAR.00126.R0091.L0155.L0070.L0003,INST1,ULP.32740,4691937,32740.INSPEKSI3,ULP.32740,COMP,ULP BANTAENG,,08/04/2026,4/9/26 10:27,BAIK,P_LINGKAR,12/04/2026,,,TND,Apr,UP3 BULUKUMBA,JTM,INSP,"0,15",,2026,,,,,,,,,,,,
95552908,INSPEKSI TIER 1 SEGMEN TG.LINGKAR.00073-TG.LINGKAR.00126.R0091.L0155.L0082,INST1,ULP.32740,4691938,32740.INSPEKSI3,ULP.32740,COMP,ULP BANTAENG,,08/04/2026,4/9/26 10:28,BAIK,P_LINGKAR,12/04/2026,,,TND,Apr,UP3 BULUKUMBA,JTM,INSP,"0,60",,2026,,,,,,,,,,,,
95552926,INSPEKSI TIER 1 SEGMEN TG.LINGKAR.00073-TG.LINGKAR.00126.R0091.L0155.L0082.L0032,INST1,ULP.32740,4691939,32740.INSPEKSI3,ULP.32740,COMP,ULP BANTAENG,,08/04/2026,4/9/26 10:29,BAIK,P_LINGKAR,16/04/2026,,,TND,Apr,UP3 BULUKUMBA,JTM,INSP,"1,60",,2026,,,,,,,,,,,,
95552962,INSPEKSI TIER 1 SEGMEN TG.LINGKAR.00073-TG.LINGKAR.00126.R0091.L0155.L0082.L0032.R0067,INST1,ULP.32740,4691940,32740.INSPEKSI3,ULP.32740,COMP,ULP BANTAENG,,08/04/2026,4/9/26 10:29,BAIK,P_LINGKAR,17/04/2026,,,TND,Apr,UP3 BULUKUMBA,JTM,INSP,"3,35",,2026,,,,,,,,,,,,
95553030,INSPEKSI TIER 1 SEGMEN TG.LINGKAR.00073-TG.LINGKAR.00126.R0091.L0155.L0082.L0084,INST1,ULP.32740,4691941,32740.INSPEKSI3,ULP.32740,COMP,ULP BANTAENG,,08/04/2026,4/9/26 10:30,BAIK,P_LINGKAR,16/04/2026,,,TND,Apr,UP3 BULUKUMBA,JTM,INSP,"2,60",,2026,,,,,,,,,,,,
95553095,INSPEKSI TIER 1 SEGMEN TG.LINGKAR.00073-TG.LINGKAR.00126.R0091.L0155.L0086,INST1,ULP.32740,4691942,32740.INSPEKSI3,ULP.32740,COMP,ULP BANTAENG,,08/04/2026,4/9/26 10:31,BAIK,P_LINGKAR,12/04/2026,,,TND,Apr,UP3 BULUKUMBA,JTM,INSP,"0,20",,2026,,,,,,,,,,,,
95553100,INSPEKSI TIER 1 SEGMEN TG.LINGKAR.00073-TG.LINGKAR.00126.R0091.L0155.L0086.L0006,INST1,ULP.32740,4691943,32740.INSPEKSI3,ULP.32740,COMP,ULP BANTAENG,,08/04/2026,4/9/26 10:32,BAIK,P_LINGKAR,12/04/2026,,,TND,Apr,UP3 BULUKUMBA,JTM,INSP,"0,30",,2026,,,,,,,,,,,,
95553110,INSPEKSI TIER 1 SEGMEN TG.LINGKAR.00073-TG.LINGKAR.00126.R0091.L0155.L0086.R0037,INST1,ULP.32740,4691944,32740.INSPEKSI3,ULP.32740,COMP,ULP BANTAENG,,08/04/2026,4/9/26 10:32,BAIK,P_LINGKAR,14/04/2026,,,TND,Apr,UP3 BULUKUMBA,JTM,INSP,"1,85",,2026,,,,,,,,,,,,
95553158,INSPEKSI TIER 1 SEGMEN TG.BLOE.00001-TG.BLOE.00193,INST1,ULP.32730,4691138,9719690ZY,ULP.32730,COMP,ULP JENEPONTO,,08/04/2026,,BAIK,P_PASAR KARISA,22/06/2026,,,TND,Apr,UP3 BULUKUMBA,JTM,INSP,"9,60",,2026,,,,,,,,,,,,
95553366,INSPEKSI TIER 1 SEGMEN TG.BLOE.00193-TG.BLOE.00193.R0049,INST1,ULP.32730,4691139,32730.INSPEKSI3,ULP.32730,COMP,ULP JENEPONTO,,08/04/2026,,KURANG,P_PASAR KARISA,04/05/2026,,,TND,Apr,UP3 BULUKUMBA,JTM,INSP,"2,50",,2026,,,,,,,,,,,,
95553441,INSPEKSI TIER 1 SEGMEN TG.BLOE.00193.R0049-TG.BLOE.00193.R0049.R0039,INST1,ULP.32730,4691140,32730.INSPEKSI3,ULP.32730,COMP,ULP JENEPONTO,,08/04/2026,,KURANG,P_PASAR KARISA,27/04/2026,,,TND,Apr,UP3 BULUKUMBA,JTM,INSP,"1,90",,2026,,,,,,,,,,,,
95553484,INSPEKSI TIER 1 SEGMEN TG.BLOE.00193.R0049.R0039-TG.BLOE.00193.R0049.R0056,INST1,ULP.32730,4691141,32730.INSPEKSI3,ULP.32730,COMP,ULP JENEPONTO,,08/04/2026,,BAIK,P_PASAR KARISA,27/04/2026,,,TND,Apr,UP3 BULUKUMBA,JTM,INSP,"0,85",,2026,,,,,,,,,,,,
95553508,INSPEKSI TIER 1 SEGMEN TG.BLOE.00193.R0049-LBS.BANGKALALOE,INST1,ULP.32730,4691142,32730.INSPEKSI3,ULP.32730,COMP,ULP JENEPONTO,,08/04/2026,,BAIK,P_PASAR KARISA,04/05/2026,,,TND,Apr,UP3 BULUKUMBA,JTM,INSP,"3,50",,2026,,,,,,,,,,,,
95553585,INSPEKSI TIER 1 SEGMEN LBS.BANGKALALOE-TG.BLOE.00193.R0274,INST1,ULP.32730,4691143,32730.INSPEKSI3,ULP.32730,COMP,ULP JENEPONTO,,08/04/2026,,BAIK,P_PASAR KARISA,25/06/2026,,,TND,Apr,UP3 BULUKUMBA,JTM,INSP,"8,10",,2026,,,,,,,,,,,,
95553759,INSPEKSI TIER 1 SEGMEN TG.BLOE.00193.R0274-TG.BLOE.00193.R0274.R0055,INST1,ULP.32730,4691144,32730.INSPEKSI3,ULP.32730,COMP,ULP JENEPONTO,,08/04/2026,,BAIK,P_PASAR KARISA,05/05/2026,,,TND,Apr,UP3 BULUKUMBA,JTM,INSP,"2,85",,2026,,,,,,,,,,,,
95553827,INSPEKSI TIER 1 SEGMEN TG.BLOE.00193.R0274.R0055-TG.BLOE.00193.R0274.R0055.R0026,INST1,ULP.32730,4691145,32730.INSPEKSI3,ULP.32730,COMP,ULP JENEPONTO,,08/04/2026,,BAIK,P_PASAR KARISA,27/04/2026,,,TND,Apr,UP3 BULUKUMBA,JTM,INSP,"1,30",,2026,,,,,,,,,,,,
95553856,INSPEKSI TIER 1 SEGMEN TG.BLOE.00193.R0274.R0055-TG.BLOE.00193.R0274.R0088,INST1,ULP.32730,4691146,32730.INSPEKSI3,ULP.32730,WFCOMP,ULP JENEPONTO,,08/04/2026,,BAIK,P_PASAR KARISA,26/06/2026,,,TND,Apr,UP3 BULUKUMBA,JTM,INSP,"1,67",,2026,,,,,,,,,,,,
95553912,INSPEKSI TIER 1 SEGMEN TG.BLOE.00193.R0274-TG.BLOE.00193.R0294,INST1,ULP.32730,4691147,32730.INSPEKSI3,ULP.32730,WFCOMP,ULP JENEPONTO,,08/04/2026,,BAIK,P_PASAR KARISA,23/06/2026,,,TND,Apr,UP3 BULUKUMBA,JTM,INSP,"0,75",,2026,,,,,,,,,,,,
95553936,INSPEKSI TIER 1 SEGMEN TG.BLOE.00193.R0294-TG.BLOE.00193.R0294.L0015,INST1,ULP.32730,4691148,32730.INSPEKSI3,ULP.32730,WFCOMP,ULP JENEPONTO,,08/04/2026,,BAIK,P_PASAR KARISA,23/06/2026,,,TND,Apr,UP3 BULUKUMBA,JTM,INSP,"0,75",,2026,,,,,,,,,,,,
95553952,INSPEKSI TIER 1 SEGMEN TG.BLOE.00193.R0294-TG.BLOE.00193.R0336,INST1,ULP.32730,4691149,32730.INSPEKSI3,ULP.32730,COMP,ULP JENEPONTO,,08/04/2026,,BAIK,P_PASAR KARISA,27/04/2026,,,TND,Apr,UP3 BULUKUMBA,JTM,INSP,"2,10",,2026,,,,,,,,,,,,
95554837,INSPEKSI TIER 1 SEGMEN TG.KODIM.00001-LBS.KODIM,INST1,ULP.32730,4691269,32730.INSPEKSI3,ULP.32730,COMP,ULP JENEPONTO,,08/04/2026,,BAIK,P_PASAR KARISA,14/04/2026,,,TND,Apr,UP3 BULUKUMBA,JTM,INSP,"1,00",,2026,,,,,,,,,,,,
95555076,INSPEKSI TIER 1 SEGMEN TG.KALUMPANG.00201.R0126-TG.KALUMPANG.00201.R0151,INST1,ULP.32720,22260595,32720.INSPEKSI3,ULP.32720,WFCOMP,ULP KALUMPANG,,08/04/2026,,BAIK,P_SAPOLOHE,11/06/2026,,,TND,Apr,UP3 BULUKUMBA,JTM,INSP,"1,25",,2026,,,,,,,,,,,,
95555381,INSPEKSI TIER 1 SEGMEN TG.SLOHE.00131.R0065.R0005-TG.SLOHE.00131.R0065.R0005.R0004,INST1,ULP.32720,22260627,32720.INSPEKSI3,ULP.32720,COMP,ULP KALUMPANG,,08/04/2026,,BAIK,P_SAPOLOHE,22/04/2026,,,TND,Apr,UP3 BULUKUMBA,JTM,INSP,"0,20",,2026,,,,,,,,,,,,
95555474,INSPEKSI TIER 1 SEGMEN TG.TANUNTUNG.00384.R0097.R0012-TG.TANUNTUNG.00384.R0097.R0014,INST1,ULP.32720,22260628,32720.INSPEKSI3,ULP.32720,COMP,ULP KALUMPANG,,08/04/2026,,BAIK,P_SAPOLOHE,22/04/2026,,,TND,Apr,UP3 BULUKUMBA,JTM,INSP,"0,10",,2026,,,,,,,,,,,,
95555532,INSPEKSI TIER 1 SEGMEN TG.SLOHE.00001-TG.SLOHE.00007,INST1,ULP.32720,4690973,32720.INSPEKSI3,ULP.32720,COMP,ULP KALUMPANG,,08/04/2026,4/20/26 4:00 PM,BAIK,P_SAPOLOHE,12/06/2026,,,TND,Apr,UP3 BULUKUMBA,JTM,INSP,"0,35",,2026,,,,,,,,,,,,
95555552,INSPEKSI TIER 1 SEGMEN TG.SLOHE.00007-TG.SLOHE.00012,INST1,ULP.32720,4690974,32720.INSPEKSI3,ULP.32720,COMP,ULP KALUMPANG,,08/04/2026,4/20/26 4:01 PM,BAIK,P_SAPOLOHE,12/06/2026,,,TND,Apr,UP3 BULUKUMBA,JTM,INSP,"0,25",,2026,,,,,,,,,,,,
95555772,INSPEKSI TIER 1 SEGMEN TG.KOTIM.00001-LBS.PKK,INST1,ULP.32750,4690708,32750.INSPEKSI3,ULP.32750,COMP,ULP SELAYAR,,08/04/2026,,BAIK,P_TIELINE SELAYAR 1,14/04/2026,,,TND,Apr,UP3 BULUKUMBA,JTM,INSP,"0,55",,2026,,,,,,,,,,,,
95555803,INSPEKSI TIER 1 SEGMEN LBS.PKK-TG.KOTIM.00021,INST1,ULP.32750,4690709,32750.INSPEKSI3,ULP.32750,COMP,ULP SELAYAR,,08/04/2026,,BAIK,P_TIELINE SELAYAR 1,14/04/2026,,,TND,Apr,UP3 BULUKUMBA,JTM,INSP,"0,50",,2026,,,,,,,,,,,,
95555825,INSPEKSI TIER 1 SEGMEN TG.KOTIM.00021-LBS.BALSEM,INST1,ULP.32750,4690710,32750.INSPEKSI3,ULP.32750,COMP,ULP SELAYAR,,08/04/2026,,BAIK,P_TIELINE SELAYAR 1,14/04/2026,,,TND,Apr,UP3 BULUKUMBA,JTM,INSP,"0,75",,2026,,,,,,,,,,,,
95555849,INSPEKSI TIER 1 SEGMEN TG.KOTIM.00021-TG.KOTIM.00032,INST1,ULP.32750,4690711,32750.INSPEKSI3,ULP.32750,COMP,ULP SELAYAR,,08/04/2026,,BAIK,P_TIELINE SELAYAR 1,24/04/2026,,,TND,Apr,UP3 BULUKUMBA,JTM,INSP,"0,55",,2026,,,,,,,,,,,,
95555870,INSPEKSI TIER 1 SEGMEN TG.KOTIM.00032-TG.KOTIM.00032.L0023,INST1,ULP.32750,4690712,32750.INSPEKSI3,ULP.32750,COMP,ULP SELAYAR,,08/04/2026,,BAIK,P_TIELINE SELAYAR 1,24/04/2026,,,TND,Apr,UP3 BULUKUMBA,JTM,INSP,"1,15",,2026,,,,,,,,,,,,
95565532,INSPEKSI TIER 1 BK03909,INST1,GD01.06300706,,32720.INSPEKSI2,ULP.32720,COMP,ULP KALUMPANG,,09/04/2026,,CUKUP,P_SAPOLOHE,29/04/2026,,,TND,Apr,UP3 BULUKUMBA,GD,INSP,"0,00",,2026,,,,,,,,,,,,
95566032,INSPEKSI TIER 1 BK05001,INST1,GD01.06300707,,32720.INSPEKSI2,ULP.32720,WFCOMP,ULP KALUMPANG,,09/04/2026,,KURANG,P_SAPOLOHE,04/06/2026,,,TND,Apr,UP3 BULUKUMBA,GD,INSP,"0,00",,2026,,,,,,,,,,,,
95566399,INSPEKSI TIER 1 BK03904,INST1,GD01.06300711,,32720.INSPEKSI2,ULP.32720,COMP,ULP KALUMPANG,,09/04/2026,,KURANG,P_UJUNGLOE,21/04/2026,,,TND,Apr,UP3 BULUKUMBA,GD,INSP,"0,00",,2026,,,,,,,,,,,,
95566675,INSPEKSI TIER 1 BK56004,INST1,GD01.06300719,,32720.INSPEKSI2,ULP.32720,COMP,ULP KALUMPANG,,09/04/2026,,CUKUP,P_SAPOLOHE,12/06/2026,,,TND,Apr,UP3 BULUKUMBA,GD,INSP,"0,00",,2026,,,,,,,,,,,,
95567407,INSPEKSI TIER 1 BK56007,INST1,GD01.06300722,,32720.INSPEKSI2,ULP.32720,COMP,ULP KALUMPANG,,09/04/2026,,CUKUP,P_SAPOLOHE,12/06/2026,,,TND,Apr,UP3 BULUKUMBA,GD,INSP,"0,00",,2026,,,,,,,,,,,,
95569219,INSPEKSI TIER 1 BJ12002,INST1,GD01.06300900,,32730.INSPEKSI1,ULP.32730,COMP,ULP JENEPONTO,,09/04/2026,,KURANG,P_ARUNGKEKE,15/04/2026,,,TND,Apr,UP3 BULUKUMBA,GD,INSP,"0,00",,2026,,,,,,,,,,,,
95570201,INSPEKSI TIER 1 BJ12008,INST1,GD01.06300906,,32730.INSPEKSI1,ULP.32730,COMP,ULP JENEPONTO,,09/04/2026,,KURANG,P_ARUNGKEKE,15/04/2026,,,TND,Apr,UP3 BULUKUMBA,GD,INSP,"0,00",,2026,,,,,,,,,,,,
95572155,INSPEKSI TIER 1 BJ12009,INST1,GD01.06300907,,32730.INSPEKSI1,ULP.32730,COMP,ULP JENEPONTO,,09/04/2026,,KURANG,P_ARUNGKEKE,15/04/2026,,,TND,Apr,UP3 BULUKUMBA,GD,INSP,"0,00",,2026,,,,,,,,,,,,
95574849,INSPEKSI TIER 1 BJ12010,INST1,GD01.06300908,,32730.INSPEKSI1,ULP.32730,COMP,ULP JENEPONTO,,09/04/2026,,KURANG,P_ARUNGKEKE,15/04/2026,,,TND,Apr,UP3 BULUKUMBA,GD,INSP,"0,00",,2026,,,,,,,,,,,,
95575348,INSPEKSI TIER 1 BJ12012,INST1,GD01.06300910,,32730.INSPEKSI1,ULP.32730,COMP,ULP JENEPONTO,,09/04/2026,,KURANG,P_ARUNGKEKE,15/04/2026,,,TND,Apr,UP3 BULUKUMBA,GD,INSP,"0,00",,2026,,,,,,,,,,,,
95575786,INSPEKSI TIER 1 BJ12013,INST1,GD01.06300911,,32730.INSPEKSI1,ULP.32730,COMP,ULP JENEPONTO,,09/04/2026,,KURANG,P_ARUNGKEKE,15/04/2026,,,TND,Apr,UP3 BULUKUMBA,GD,INSP,"0,00",,2026,,,,,,,,,,,,
95576531,INSPEKSI TIER 1 BJ 12014,INST1,GD01.06300912,,32730.INSPEKSI1,ULP.32730,COMP,ULP JENEPONTO,,09/04/2026,,,P_ARUNGKEKE,15/04/2026,,,TND,Apr,UP3 BULUKUMBA,GD,INSP,"0,00",,2026,,,,,,,,,,,,
95576925,INSPEKSI TIER 1 BJ12016,INST1,GD01.06300914,,32730.INSPEKSI3,ULP.32730,COMP,ULP JENEPONTO,,09/04/2026,,KURANG,P_ARUNGKEKE,24/06/2026,,,TND,Apr,UP3 BULUKUMBA,GD,INSP,"0,00",,2026,,,,,,,,,,,,
95577269,INSPEKSI TIER 1 BJ12018,INST1,GD01.06300916,,32730.INSPEKSI1,ULP.32730,COMP,ULP JENEPONTO,,09/04/2026,,KURANG,P_ARUNGKEKE,15/04/2026,,,TND,Apr,UP3 BULUKUMBA,GD,INSP,"0,00",,2026,,,,,,,,,,,,
95577640,INSPEKSI TIER 1 BJ12019,INST1,GD01.06300917,,32730.INSPEKSI1,ULP.32730,COMP,ULP JENEPONTO,,09/04/2026,,KURANG,P_ARUNGKEKE,15/04/2026,,,TND,Apr,UP3 BULUKUMBA,GD,INSP,"0,00",,2026,,,,,,,,,,,,
95586421,INSPEKSI TIER 1 BJ12019,INST1,GD01.06300917,,32730.INSPEKSI1,ULP.32730,COMP,ULP JENEPONTO,,09/04/2026,,KURANG,P_ARUNGKEKE,15/04/2026,,,TND,Apr,UP3 BULUKUMBA,GD,INSP,"0,00",,2026,,,,,,,,,,,,
95586808,INSPEKSI TIER 1 BB18021,INST1,GD01.06302217,,32740.INSPEKSI1,ULP.32740,WFOLLOWUP,ULP BANTAENG,,09/04/2026,4/9/26 15:07,BURUK,P_LINGKAR,19/04/2026,,,TND,Apr,UP3 BULUKUMBA,GD,INSP,"0,00",,2026,,,,,,,,,,,,
95587455,INSPEKSI TIER 1 BB18024,INST1,GD01.06302218,,32740.INSPEKSI1,ULP.32740,COMP,ULP BANTAENG,,09/04/2026,4/9/26 15:09,KURANG,P_LINGKAR,19/04/2026,,,TND,Apr,UP3 BULUKUMBA,GD,INSP,"0,00",,2026,,,,,,,,,,,,
95588157,INSPEKSI TIER 1 BB18033,INST1,GD01.06302228,,32740.INSPEKSI1,ULP.32740,COMP,ULP BANTAENG,,09/04/2026,4/9/26 15:10,KURANG,P_LINGKAR,19/04/2026,,,TND,Apr,UP3 BULUKUMBA,GD,INSP,"0,00",,2026,,,,,,,,,,,,
95588307,INSPEKSI TIER 1 BB18034,INST1,GD01.06302229,,32740.INSPEKSI1,ULP.32740,WFCOMP,ULP BANTAENG,,09/04/2026,4/9/26 15:10,KURANG,P_LINGKAR,30/06/2026,,,TND,Apr,UP3 BULUKUMBA,GD,INSP,"0,00",,2026,,,,,,,,,,,,
95588527,INSPEKSI TIER 1 BB18035,INST1,GD01.06302230,,32740.INSPEKSI1,ULP.32740,WFOLLOWUP,ULP BANTAENG,,09/04/2026,4/9/26 15:11,BURUK,P_LINGKAR,19/04/2026,,,TND,Apr,UP3 BULUKUMBA,GD,INSP,"0,00",,2026,,,,,,,,,,,,
95588786,INSPEKSI TIER 1 BB18048,INST1,GD01.06302243,,32740.INSPEKSI1,ULP.32740,COMP,ULP BANTAENG,,09/04/2026,4/9/26 15:12,KURANG,P_LINGKAR,19/04/2026,,,TND,Apr,UP3 BULUKUMBA,GD,INSP,"0,00",,2026,,,,,,,,,,,,
95588952,INSPEKSI TIER 1 BB18076,INST1,GD01.06302271,,32740.INSPEKSI2,ULP.32740,COMP,ULP BANTAENG,,09/04/2026,4/9/26 15:12,KURANG,P_LINGKAR,20/04/2026,,,TND,Apr,UP3 BULUKUMBA,GD,INSP,"0,00",,2026,,,,,,,,,,,,
95589164,INSPEKSI TIER 1 BB70094,INST1,GD01.06302290,,32740.INSPEKSI1,ULP.32740,COMP,ULP BANTAENG,,09/04/2026,4/9/26 15:13,KURANG,P_LINGKAR,19/04/2026,,,TND,Apr,UP3 BULUKUMBA,GD,INSP,"0,00",,2026,,,,,,,,,,,,
95591789,INSPEKSI TIER 1 BT01500,INST1,GD01.06300423,,32770.INSPEKSI1,ULP.32770,COMP,ULP TANETE,,09/04/2026,4/13/26 9:08 PM,BAIK,P_BINTARORE,17/04/2026,,,TND,Apr,UP3 BULUKUMBA,GD,INSP,"0,00",,2026,,,,,,,,,,,,
95591852,INSPEKSI TIER 1 BT01507,INST1,GD01.06300433,,32770.INSPEKSI1,ULP.32770,COMP,ULP TANETE,,09/04/2026,4/13/26 9:10 PM,KURANG,P_BINTARORE,17/04/2026,,,TND,Apr,UP3 BULUKUMBA,GD,INSP,"0,00",,2026,,,,,,,,,,,,
95591904,INSPEKSI TIER 1 BT01510,INST1,GD01.06300436,,32770.INSPEKSI1,ULP.32770,COMP,ULP TANETE,,09/04/2026,4/13/26 9:14 PM,BAIK,P_BINTARORE,17/04/2026,,,TND,Apr,UP3 BULUKUMBA,GD,INSP,"0,00",,2026,,,,,,,,,,,,
95591969,INSPEKSI TIER 1 BT01513,INST1,GD01.06300439,,32770.INSPEKSI1,ULP.32770,COMP,ULP TANETE,,09/04/2026,4/13/26 9:15 PM,KURANG,P_BINTARORE,17/04/2026,,,TND,Apr,UP3 BULUKUMBA,GD,INSP,"0,00",,2026,,,,,,,,,,,,
95592067,INSPEKSI TIER 1 BT01514,INST1,GD01.06300440,,32770.INSPEKSI1,ULP.32770,COMP,ULP TANETE,,09/04/2026,4/13/26 9:16 PM,KURANG,P_BINTARORE,17/04/2026,,,TND,Apr,UP3 BULUKUMBA,GD,INSP,"0,00",,2026,,,,,,,,,,,,
95592224,INSPEKSI TIER 1 BT01517,INST1,GD01.06300443,,32770.INSPEKSI1,ULP.32770,WFCOMP,ULP TANETE,,09/04/2026,4/13/26 9:18 PM,KURANG,P_BINTARORE,27/08/2026,,,TND,Apr,UP3 BULUKUMBA,GD,INSP,"0,00",,2026,,,,,,,,,,,,
95592746,INSPEKSI TIER 1 BS08062,INST1,GD01.06301768,,32760.INSPEKSI1,ULP.32760,COMP,ULP SINJAI,,09/04/2026,,KURANG,P_MATUMPU,10/05/2026,,,TND,Apr,UP3 BULUKUMBA,GD,INSP,"0,00",,2026,,,,,,,,,,,,
95593213,INSPEKSI TIER 1 BS08002,INST1,GD01.06301770,,32760.INSPEKSI1,ULP.32760,COMP,ULP SINJAI,,09/04/2026,,KURANG,P_MATUMPU,10/05/2026,,,TND,Apr,UP3 BULUKUMBA,GD,INSP,"0,00",,2026,,,,,,,,,,,,
95593614,INSPEKSI TIER 1 BS08003,INST1,GD01.06301771,,32760.INSPEKSI1,ULP.32760,COMP,ULP SINJAI,,09/04/2026,,CUKUP,P_MATUMPU,10/05/2026,,,TND,Apr,UP3 BULUKUMBA,GD,INSP,"0,00",,2026,,,,,,,,,,,,
95593723,INSPEKSI TIER 1 BS08003,INST1,GD01.06301771,,32760.INSPEKSI1,ULP.32760,COMP,ULP SINJAI,,09/04/2026,,CUKUP,P_MATUMPU,10/05/2026,,,TND,Apr,UP3 BULUKUMBA,GD,INSP,"0,00",,2026,,,,,,,,,,,,
95609057,INSPEKSI TIER 1 BS08007,INST1,GD01.06301776,,32760.INSPEKSI1,ULP.32760,COMP,ULP SINJAI,,09/04/2026,,KURANG,P_MATUMPU,10/05/2026,,,TND,Apr,UP3 BULUKUMBA,GD,INSP,"0,00",,2026,,,,,,,,,,,,
95609364,INSPEKSI TIER 1 BS08011,INST1,GD01.06301780,,32760.INSPEKSI1,ULP.32760,COMP,ULP SINJAI,,09/04/2026,,KURANG,P_MATUMPU,10/05/2026,,,TND,Apr,UP3 BULUKUMBA,GD,INSP,"0,00",,2026,,,,,,,,,,,,
95609540,INSPEKSI TIER 1 BS08013,INST1,GD01.06301782,,32760.INSPEKSI1,ULP.32760,COMP,ULP SINJAI,,09/04/2026,,KURANG,P_MATUMPU,10/05/2026,,,TND,Apr,UP3 BULUKUMBA,GD,INSP,"0,00",,2026,,,,,,,,,,,,
95609770,INSPEKSI TIER 1 BS08020,INST1,GD01.06301788,,32760.INSPEKSI1,ULP.32760,COMP,ULP SINJAI,,09/04/2026,,KURANG,P_MATUMPU,10/05/2026,,,TND,Apr,UP3 BULUKUMBA,GD,INSP,"0,00",,2026,,,,,,,,,,,,
95609950,INSPEKSI TIER 1 BS08028,INST1,GD01.06301796,,32760.INSPEKSI1,ULP.32760,COMP,ULP SINJAI,,09/04/2026,,KURANG,P_MATUMPU,10/05/2026,,,TND,Apr,UP3 BULUKUMBA,GD,INSP,"0,00",,2026,,,,,,,,,,,,
95611450,INSPEKSI TIER 1 SEGMEN TG.LINGKAR.00001-TG.LINGKAR.00073 BAG 2,INST1,ULP.32740,4691921,32740.INSPEKSI3,ULP.32740,COMP,ULP BANTAENG,,09/04/2026,4/10/26 9:04,CUKUP,P_LINGKAR,14/04/2026,,,TND,Apr,UP3 BULUKUMBA,JTM,INSP,"3,65",,2026,,,,,,,,,,,,
95636416,INSPEKSI TIER 1 BK56044,INST1,GD01.06300723,,32720.INSPEKSI2,ULP.32720,COMP,ULP KALUMPANG,,10/04/2026,,CUKUP,P_SAPOLOHE,10/06/2026,,,TND,Apr,UP3 BULUKUMBA,GD,INSP,"0,00",,2026,,,,,,,,,,,,
95637180,INSPEKSI TIER 1 BK56008,INST1,GD01.06300724,,32720.INSPEKSI2,ULP.32720,COMP,ULP KALUMPANG,,10/04/2026,,,P_SAPOLOHE,29/04/2026,,,TND,Apr,UP3 BULUKUMBA,GD,INSP,"0,00",,2026,,,,,,,,,,,,
95637927,INSPEKSI TIER 1 BK56038,INST1,GD01.06300725,,32720.INSPEKSI2,ULP.32720,COMP,ULP KALUMPANG,,10/04/2026,,KURANG,P_SAPOLOHE,10/06/2026,,,TND,Apr,UP3 BULUKUMBA,GD,INSP,"0,00",,2026,,,,,,,,,,,,
95638465,INSPEKSI TIER 1 BK56009,INST1,GD01.06300726,,32720.INSPEKSI2,ULP.32720,COMP,ULP KALUMPANG,,10/04/2026,,CUKUP,P_SAPOLOHE,10/06/2026,,,TND,Apr,UP3 BULUKUMBA,GD,INSP,"0,00",,2026,,,,,,,,,,,,
95638814,INSPEKSI TIER 1 BK56010,INST1,GD01.06300727,,32720.INSPEKSI2,ULP.32720,COMP,ULP KALUMPANG,,10/04/2026,,CUKUP,P_SAPOLOHE,10/06/2026,,,TND,Apr,UP3 BULUKUMBA,GD,INSP,"0,00",,2026,,,,,,,,,,,,
95639320,INSPEKSI TIER 1 BK56011,INST1,GD01.06300728,,32720.INSPEKSI2,ULP.32720,COMP,ULP KALUMPANG,,10/04/2026,,KURANG,P_SAPOLOHE,09/06/2026,,,TND,Apr,UP3 BULUKUMBA,GD,INSP,"0,00",,2026,,,,,,,,,,,,
95654090,INSPEKSI TIER 1 BJ 12020,INST1,GD01.06300918,,32730.INSPEKSI1,ULP.32730,COMP,ULP JENEPONTO,,10/04/2026,,,P_ARUNGKEKE,15/04/2026,,,TND,Apr,UP3 BULUKUMBA,GD,INSP,"0,00",,2026,,,,,,,,,,,,
95654331,INSPEKSI TIER 1 BJ12021,INST1,GD01.06300919,,32730.INSPEKSI1,ULP.32730,COMP,ULP JENEPONTO,,10/04/2026,,KURANG,P_ARUNGKEKE,15/04/2026,,,TND,Apr,UP3 BULUKUMBA,GD,INSP,"0,00",,2026,,,,,,,,,,,,
95654447,INSPEKSI TIER 1 BJ12022,INST1,GD01.06300920,,32730.INSPEKSI1,ULP.32730,COMP,ULP JENEPONTO,,10/04/2026,,KURANG,P_ARUNGKEKE,15/04/2026,,,TND,Apr,UP3 BULUKUMBA,GD,INSP,"0,00",,2026,,,,,,,,,,,,
95654596,INSPEKSI TIER 1 BJ12026,INST1,GD01.06300924,,32730.INSPEKSI1,ULP.32730,COMP,ULP JENEPONTO,,10/04/2026,,KURANG,P_ARUNGKEKE,15/04/2026,,,TND,Apr,UP3 BULUKUMBA,GD,INSP,"0,00",,2026,,,,,,,,,,,,
95654770,INSPEKSI TIER 1 BJ 12029,INST1,GD01.06300927,,32730.INSPEKSI1,ULP.32730,COMP,ULP JENEPONTO,,10/04/2026,,,P_ARUNGKEKE,15/04/2026,,,TND,Apr,UP3 BULUKUMBA,GD,INSP,"0,00",,2026,,,,,,,,,,,,
95655198,INSPEKSI TIER 1 BJ 12030,INST1,GD01.06300928,,32730.INSPEKSI1,ULP.32730,COMP,ULP JENEPONTO,,10/04/2026,,,P_ARUNGKEKE,15/04/2026,,,TND,Apr,UP3 BULUKUMBA,GD,INSP,"0,00",,2026,,,,,,,,,,,,
95656515,INSPEKSI TIER 1 BJ12032,INST1,GD01.06300930,,32730.INSPEKSI1,ULP.32730,COMP,ULP JENEPONTO,,10/04/2026,,KURANG,P_ARUNGKEKE,15/04/2026,,,TND,Apr,UP3 BULUKUMBA,GD,INSP,"0,00",,2026,,,,,,,,,,,,
95656603,INSPEKSI TIER 1 BJ12033,INST1,GD01.06300931,,32730.INSPEKSI1,ULP.32730,COMP,ULP JENEPONTO,,10/04/2026,,KURANG,P_ARUNGKEKE,15/04/2026,,,TND,Apr,UP3 BULUKUMBA,GD,INSP,"0,00",,2026,,,,,,,,,,,,
95656689,INSPEKSI TIER 1 BJ12035,INST1,GD01.06300933,,32730.INSPEKSI1,ULP.32730,COMP,ULP JENEPONTO,,10/04/2026,,KURANG,P_ARUNGKEKE,15/04/2026,,,TND,Apr,UP3 BULUKUMBA,GD,INSP,"0,00",,2026,,,,,,,,,,,,
95656755,INSPEKSI TIER 1 BJ12036,INST1,GD01.06300934,,32730.INSPEKSI1,ULP.32730,COMP,ULP JENEPONTO,,10/04/2026,,KURANG,P_ARUNGKEKE,15/04/2026,,,TND,Apr,UP3 BULUKUMBA,GD,INSP,"0,00",,2026,,,,,,,,,,,,
95656850,INSPEKSI TIER 1 BJ12037,INST1,GD01.06300935,,32730.INSPEKSI1,ULP.32730,COMP,ULP JENEPONTO,,10/04/2026,,KURANG,P_ARUNGKEKE,15/04/2026,,,TND,Apr,UP3 BULUKUMBA,GD,INSP,"0,00",,2026,,,,,,,,,,,,
95656951,INSPEKSI TIER 1 BJ12038,INST1,GD01.06300936,,32730.INSPEKSI1,ULP.32730,COMP,ULP JENEPONTO,,10/04/2026,,KURANG,P_ARUNGKEKE,15/04/2026,,,TND,Apr,UP3 BULUKUMBA,GD,INSP,"0,00",,2026,,,,,,,,,,,,
95660613,INSPEKSI TIER 1 BJ12040,INST1,GD01.06300938,,32730.INSPEKSI1,ULP.32730,COMP,ULP JENEPONTO,,10/04/2026,,KURANG,P_ARUNGKEKE,15/04/2026,,,TND,Apr,UP3 BULUKUMBA,GD,INSP,"0,00",,2026,,,,,,,,,,,,
95660696,INSPEKSI TIER 1 BJ12041,INST1,GD01.06300939,,32730.INSPEKSI1,ULP.32730,COMP,ULP JENEPONTO,,10/04/2026,,KURANG,P_ARUNGKEKE,15/04/2026,,,TND,Apr,UP3 BULUKUMBA,GD,INSP,"0,00",,2026,,,,,,,,,,,,
95660814,INSPEKSI TIER 1 BJ12042,INST1,GD01.06300940,,32730.INSPEKSI1,ULP.32730,COMP,ULP JENEPONTO,,10/04/2026,,KURANG,P_ARUNGKEKE,15/04/2026,,,TND,Apr,UP3 BULUKUMBA,GD,INSP,"0,00",,2026,,,,,,,,,,,,
95660845,INSPEKSI TIER 1 BJ 12043,INST1,GD01.06300941,,32730.INSPEKSI1,ULP.32730,COMP,ULP JENEPONTO,,10/04/2026,,,P_ARUNGKEKE,15/04/2026,,,TND,Apr,UP3 BULUKUMBA,GD,INSP,"0,00",,2026,,,,,,,,,,,,
95660862,INSPEKSI TIER 1 BT01527,INST1,GD01.06300452,,32770.INSPEKSI1,ULP.32770,COMP,ULP TANETE,,10/04/2026,4/13/26 9:21 PM,KURANG,P_BINTARORE,14/04/2026,,,TND,Apr,UP3 BULUKUMBA,GD,INSP,"0,00",,2026,,,,,,,,,,,,
95660964,INSPEKSI TIER 1 BJ 12044,INST1,GD01.06300942,,32730.INSPEKSI1,ULP.32730,COMP,ULP JENEPONTO,,10/04/2026,,,P_ARUNGKEKE,15/04/2026,,,TND,Apr,UP3 BULUKUMBA,GD,INSP,"0,00",,2026,,,,,,,,,,,,
95661005,INSPEKSI TIER 1 BJ 12045,INST1,GD01.06300943,,32730.INSPEKSI1,ULP.32730,COMP,ULP JENEPONTO,,10/04/2026,,,P_ARUNGKEKE,15/04/2026,,,TND,Apr,UP3 BULUKUMBA,GD,INSP,"0,00",,2026,,,,,,,,,,,,
95661103,INSPEKSI TIER 1 BJ 12046,INST1,GD01.06300944,,32730.INSPEKSI1,ULP.32730,COMP,ULP JENEPONTO,,10/04/2026,,,P_ARUNGKEKE,15/04/2026,,,TND,Apr,UP3 BULUKUMBA,GD,INSP,"0,00",,2026,,,,,,,,,,,,
95661110,INSPEKSI TIER 1 BT01536,INST1,GD01.06300458,,32770.INSPEKSI1,ULP.32770,WFCOMP,ULP TANETE,,10/04/2026,4/13/26 9:23 PM,KURANG,P_BINTARORE,29/06/2026,,,TND,Apr,UP3 BULUKUMBA,GD,INSP,"0,00",,2026,,,,,,,,,,,,
95661150,INSPEKSI TIER 1 BT01521,INST1,GD01.06300459,,32770.INSPEKSI1,ULP.32770,WFCOMP,ULP TANETE,,10/04/2026,4/13/26 9:26 PM,KURANG,P_BINTARORE,27/08/2026,,,TND,Apr,UP3 BULUKUMBA,GD,INSP,"0,00",,2026,,,,,,,,,,,,
95661191,INSPEKSI TIER 1 BJ 12046,INST1,GD01.06300944,,32730.INSPEKSI1,ULP.32730,COMP,ULP JENEPONTO,,10/04/2026,,,P_ARUNGKEKE,15/04/2026,,,TND,Apr,UP3 BULUKUMBA,GD,INSP,"0,00",,2026,,,,,,,,,,,,
95661269,INSPEKSI TIER 1 BT52900,INST1,GD01.06300460,,32770.INSPEKSI1,ULP.32770,COMP,ULP TANETE,,10/04/2026,4/13/26 9:27 PM,KURANG,P_BINTARORE,14/04/2026,,,TND,Apr,UP3 BULUKUMBA,GD,INSP,"0,00",,2026,,,,,,,,,,,,
95661280,INSPEKSI TIER 1 BJ 12050,INST1,GD01.06300948,,32730.INSPEKSI1,ULP.32730,COMP,ULP JENEPONTO,,10/04/2026,,,P_ARUNGKEKE,15/04/2026,,,TND,Apr,UP3 BULUKUMBA,GD,INSP,"0,00",,2026,,,,,,,,,,,,
95661355,INSPEKSI TIER 1 BJ12051,INST1,GD01.06300949,,32730.INSPEKSI1,ULP.32730,COMP,ULP JENEPONTO,,10/04/2026,,KURANG,P_ARUNGKEKE,15/04/2026,,,TND,Apr,UP3 BULUKUMBA,GD,INSP,"0,00",,2026,,,,,,,,,,,,
95661366,INSPEKSI TIER 1 BT52907,INST1,GD01.06300468,,32770.INSPEKSI1,ULP.32770,WFCOMP,ULP TANETE,,10/04/2026,4/13/26 9:28 PM,KURANG,P_BINTARORE,25/06/2026,,,TND,Apr,UP3 BULUKUMBA,GD,INSP,"0,00",,2026,,,,,,,,,,,,
95661466,INSPEKSI TIER 1 BJ63667,INST1,GD01.06300957,,32730.INSPEKSI1,ULP.32730,COMP,ULP JENEPONTO,,10/04/2026,,KURANG,P_PASAR KARISA,15/04/2026,,,TND,Apr,UP3 BULUKUMBA,GD,INSP,"0,00",,2026,,,,,,,,,,,,
95661978,INSPEKSI TIER 1 BS08039,INST1,GD01.06301809,,32760.INSPEKSI1,ULP.32760,COMP,ULP SINJAI,,10/04/2026,,KURANG,P_MATUMPU,10/05/2026,,,TND,Apr,UP3 BULUKUMBA,GD,INSP,"0,00",,2026,,,,,,,,,,,,
95662149,INSPEKSI TIER 1 BS60000,INST1,GD01.06301834,,32760.INSPEKSI1,ULP.32760,COMP,ULP SINJAI,,10/04/2026,,KURANG,P_MATUMPU,10/05/2026,,,TND,Apr,UP3 BULUKUMBA,GD,INSP,"0,00",,2026,,,,,,,,,,,,
95662300,INSPEKSI TIER 1 BS60003,INST1,GD01.06301837,,32760.INSPEKSI1,ULP.32760,COMP,ULP SINJAI,,10/04/2026,,KURANG,P_MATUMPU,10/05/2026,,,TND,Apr,UP3 BULUKUMBA,GD,INSP,"0,00",,2026,,,,,,,,,,,,
95662440,INSPEKSI TIER 1 BS60004,INST1,GD01.06301838,,32760.INSPEKSI1,ULP.32760,COMP,ULP SINJAI,,10/04/2026,,KURANG,P_MATUMPU,10/05/2026,,,TND,Apr,UP3 BULUKUMBA,GD,INSP,"0,00",,2026,,,,,,,,,,,,
95662640,INSPEKSI TIER 1 BS60006,INST1,GD01.06301840,,32760.INSPEKSI1,ULP.32760,COMP,ULP SINJAI,,10/04/2026,,KURANG,P_MATUMPU,10/05/2026,,,TND,Apr,UP3 BULUKUMBA,GD,INSP,"0,00",,2026,,,,,,,,,,,,
95663052,INSPEKSI TIER 1 BS60007,INST1,GD01.06301841,,32760.INSPEKSI1,ULP.32760,COMP,ULP SINJAI,,10/04/2026,,KURANG,P_MATUMPU,10/05/2026,,,TND,Apr,UP3 BULUKUMBA,GD,INSP,"0,00",,2026,,,,,,,,,,,,
95663206,INSPEKSI TIER 1 BS60009,INST1,GD01.06301843,,32760.INSPEKSI1,ULP.32760,COMP,ULP SINJAI,,10/04/2026,,KURANG,P_MATUMPU,10/05/2026,,,TND,Apr,UP3 BULUKUMBA,GD,INSP,"0,00",,2026,,,,,,,,,,,,
95663289,INSPEKSI TIER 1 BS60010,INST1,GD01.06301844,,32760.INSPEKSI1,ULP.32760,COMP,ULP SINJAI,,10/04/2026,,KURANG,P_MATUMPU,10/05/2026,,,TND,Apr,UP3 BULUKUMBA,GD,INSP,"0,00",,2026,,,,,,,,,,,,
95663493,INSPEKSI TIER 1 BS60014,INST1,GD01.06301848,,32760.INSPEKSI1,ULP.32760,COMP,ULP SINJAI,,10/04/2026,,KURANG,P_MATUMPU,10/05/2026,,,TND,Apr,UP3 BULUKUMBA,GD,INSP,"0,00",,2026,,,,,,,,,,,,
95663742,INSPEKSI TIER 1 BS60015,INST1,GD01.06301849,,32760.INSPEKSI1,ULP.32760,COMP,ULP SINJAI,,10/04/2026,,KURANG,P_MATUMPU,10/05/2026,,,TND,Apr,UP3 BULUKUMBA,GD,INSP,"0,00",,2026,,,,,,,,,,,,
95663891,INSPEKSI TIER 1 BT08512,INST1,GD01.06300471,,32770.INSPEKSI1,ULP.32770,COMP,ULP TANETE,,10/04/2026,4/13/26 9:30 PM,KURANG,P_BINTARORE,14/04/2026,,,TND,Apr,UP3 BULUKUMBA,GD,INSP,"0,00",,2026,,,,,,,,,,,,
95663947,INSPEKSI TIER 1 BS60016,INST1,GD01.06301850,,32760.INSPEKSI1,ULP.32760,COMP,ULP SINJAI,,10/04/2026,,KURANG,P_MATUMPU,10/05/2026,,,TND,Apr,UP3 BULUKUMBA,GD,INSP,"0,00",,2026,,,,,,,,,,,,
95664318,INSPEKSI TIER 1 BS60-051,INST1,GD01.06301888,,32760.INSPEKSI1,ULP.32760,COMP,ULP SINJAI,,10/04/2026,,,P_MATUMPU,10/05/2026,,,TND,Apr,UP3 BULUKUMBA,GD,INSP,"0,00",,2026,,,,,,,,,,,,
95664449,INSPEKSI TIER 1 BT08507,INST1,GD01.06300472,,32770.INSPEKSI1,ULP.32770,COMP,ULP TANETE,,10/04/2026,4/13/26 9:30 PM,KURANG,P_BINTARORE,14/04/2026,,,TND,Apr,UP3 BULUKUMBA,GD,INSP,"0,00",,2026,,,,,,,,,,,,
95664771,INSPEKSI TIER 1 BS60-056,INST1,GD01.06301892,,32760.INSPEKSI1,ULP.32760,COMP,ULP SINJAI,,10/04/2026,,,P_MATUMPU,10/05/2026,,,TND,Apr,UP3 BULUKUMBA,GD,INSP,"0,00",,2026,,,,,,,,,,,,
95664848,INSPEKSI TIER 1 BT08502,INST1,GD01.06300481,,32770.INSPEKSI1,ULP.32770,WFCOMP,ULP TANETE,,10/04/2026,4/13/26 9:33 PM,KURANG,P_BINTARORE,27/08/2026,,,TND,Apr,UP3 BULUKUMBA,GD,INSP,"0,00",,2026,,,,,,,,,,,,
95665081,INSPEKSI TIER 1 BS60-065,INST1,GD01.06301901,,32760.INSPEKSI1,ULP.32760,COMP,ULP SINJAI,,10/04/2026,,,P_MATUMPU,10/05/2026,,,TND,Apr,UP3 BULUKUMBA,GD,INSP,"0,00",,2026,,,,,,,,,,,,
95665370,INSPEKSI TIER 1 BS60-094,INST1,GD01.06301930,,32760.INSPEKSI1,ULP.32760,COMP,ULP SINJAI,,10/04/2026,,,P_MATUMPU,10/05/2026,,,TND,Apr,UP3 BULUKUMBA,GD,INSP,"0,00",,2026,,,,,,,,,,,,
95665577,INSPEKSI TIER 1 BS60-112,INST1,GD01.06301950,,32760.INSPEKSI1,ULP.32760,COMP,ULP SINJAI,,10/04/2026,,,P_MATUMPU,10/05/2026,,,TND,Apr,UP3 BULUKUMBA,GD,INSP,"0,00",,2026,,,,,,,,,,,,
95665753,INSPEKSI TIER 1 BS60125,INST1,GD01.06301964,,32760.INSPEKSI1,ULP.32760,COMP,ULP SINJAI,,10/04/2026,,KURANG,P_MATUMPU,10/05/2026,,,TND,Apr,UP3 BULUKUMBA,GD,INSP,"0,00",,2026,,,,,,,,,,,,
95665967,INSPEKSI TIER 1 BS60-133,INST1,GD01.06301973,,32760.INSPEKSI1,ULP.32760,COMP,ULP SINJAI,,10/04/2026,,,P_BINTARORE,10/05/2026,,,TND,Apr,UP3 BULUKUMBA,GD,INSP,"0,00",,2026,,,,,,,,,,,,
95667357,INSPEKSI TIER 1 BB70094,INST1,GD01.06302290,,32740.INSPEKSI1,ULP.32740,COMP,ULP BANTAENG,,10/04/2026,4/16/26 7:54 AM,KURANG,P_LINGKAR,19/04/2026,,,TND,Apr,UP3 BULUKUMBA,GD,INSP,"0,00",,2026,,,,,,,,,,,,
95667482,INSPEKSI TIER 1 BB70099,INST1,GD01.06302295,,32740.INSPEKSI1,ULP.32740,COMP,ULP BANTAENG,,10/04/2026,4/27/26 8:30 AM,KURANG,P_LINGKAR,29/04/2026,,,TND,Apr,UP3 BULUKUMBA,GD,INSP,"0,00",,2026,,,,,,,,,,,,
95667593,INSPEKSI TIER 1 BB70099,INST1,GD01.06302295,,32740.INSPEKSI1,ULP.32740,COMP,ULP BANTAENG,,10/04/2026,4/16/26 7:55 AM,KURANG,P_LINGKAR,19/04/2026,,,TND,Apr,UP3 BULUKUMBA,GD,INSP,"0,00",,2026,,,,,,,,,,,,
95667699,INSPEKSI TIER 1 BB70113,INST1,GD01.06302308,,32740.INSPEKSI1,ULP.32740,WFOLLOWUP,ULP BANTAENG,,10/04/2026,4/16/26 7:56 AM,BURUK,P_LINGKAR,19/04/2026,,,TND,Apr,UP3 BULUKUMBA,GD,INSP,"0,00",,2026,,,,,,,,,,,,
95667868,INSPEKSI TIER 1 BB70114,INST1,GD01.06302309,,32740.INSPEKSI1,ULP.32740,WFOLLOWUP,ULP BANTAENG,,10/04/2026,4/16/26 7:56 AM,BURUK,P_LINGKAR,19/04/2026,,,TND,Apr,UP3 BULUKUMBA,GD,INSP,"0,00",,2026,,,,,,,,,,,,
95667921,INSPEKSI TIER 1 BB18000,INST1,GD01.06302212,,32740.INSPEKSI1,ULP.32740,WFOLLOWUP,ULP BANTAENG,,10/04/2026,4/27/26 8:32 AM,BURUK,P_LINGKAR,29/04/2026,,,TND,Apr,UP3 BULUKUMBA,GD,INSP,"0,00",,2026,,,,,,,,,,,,
95667958,INSPEKSI TIER 1 BB70115,INST1,GD01.06302310,,32740.INSPEKSI1,ULP.32740,WFOLLOWUP,ULP BANTAENG,,10/04/2026,4/16/26 7:57 AM,BURUK,P_LINGKAR,19/04/2026,,,TND,Apr,UP3 BULUKUMBA,GD,INSP,"0,00",,2026,,,,,,,,,,,,
95668049,INSPEKSI TIER 1 BB70116,INST1,GD01.06302311,,32740.INSPEKSI1,ULP.32740,WFOLLOWUP,ULP BANTAENG,,10/04/2026,4/16/26 7:57 AM,BURUK,P_LINGKAR,19/04/2026,,,TND,Apr,UP3 BULUKUMBA,GD,INSP,"0,00",,2026,,,,,,,,,,,,
95668085,INSPEKSI TIER 1 BB18000,INST1,GD01.06302212,,32740.INSPEKSI1,ULP.32740,WFOLLOWUP,ULP BANTAENG,,10/04/2026,4/16/26 7:58 AM,BURUK,P_LINGKAR,19/04/2026,,,TND,Apr,UP3 BULUKUMBA,GD,INSP,"0,00",,2026,,,,,,,,,,,,
95668218,INSPEKSI TIER 1 BB70117,INST1,GD01.06302312,,32740.INSPEKSI1,ULP.32740,COMP,ULP BANTAENG,,10/04/2026,4/16/26 7:58 AM,KURANG,P_LINGKAR,19/04/2026,,,TND,Apr,UP3 BULUKUMBA,GD,INSP,"0,00",,2026,,,,,,,,,,,,
95668275,INSPEKSI TIER 1 BB70140,INST1,GD01.06302335,,32740.INSPEKSI1,ULP.32740,COMP,ULP BANTAENG,,10/04/2026,4/16/26 7:58 AM,KURANG,P_LINGKAR,19/04/2026,,,TND,Apr,UP3 BULUKUMBA,GD,INSP,"0,00",,2026,,,,,,,,,,,,
95668335,INSPEKSI TIER 1 BB18017,INST1,GD01.06302213,,32740.INSPEKSI1,ULP.32740,WFCOMP,ULP BANTAENG,,10/04/2026,4/16/26 7:59 AM,KURANG,P_LINGKAR,25/07/2026,,,TND,Apr,UP3 BULUKUMBA,GD,INSP,"0,00",,2026,,,,,,,,,,,,
95668455,INSPEKSI TIER 1 BB18018,INST1,GD01.06302214,,32740.INSPEKSI1,ULP.32740,WFOLLOWUP,ULP BANTAENG,,10/04/2026,4/16/26 8:00 AM,BURUK,P_LINGKAR,19/04/2026,,,TND,Apr,UP3 BULUKUMBA,GD,INSP,"0,00",,2026,,,,,,,,,,,,
95668597,INSPEKSI TIER 1 BB18019,INST1,GD01.06302215,,32740.INSPEKSI1,ULP.32740,COMP,ULP BANTAENG,,10/04/2026,4/16/26 8:01 AM,KURANG,P_LINGKAR,19/04/2026,,,TND,Apr,UP3 BULUKUMBA,GD,INSP,"0,00",,2026,,,,,,,,,,,,
95668667,INSPEKSI TIER 1 BB18020,INST1,GD01.06302216,,32740.INSPEKSI1,ULP.32740,WFCOMP,ULP BANTAENG,,10/04/2026,4/16/26 8:01 AM,CUKUP,P_LINGKAR,25/07/2026,,,TND,Apr,UP3 BULUKUMBA,GD,INSP,"0,00",,2026,,,,,,,,,,,,
95668816,INSPEKSI TIER 1 BB18023,INST1,GD01.06302219,,32740.INSPEKSI1,ULP.32740,COMP,ULP BANTAENG,,10/04/2026,4/16/26 9:49 AM,KURANG,P_LINGKAR,19/04/2026,,,TND,Apr,UP3 BULUKUMBA,GD,INSP,"0,00",,2026,,,,,,,,,,,,
95668925,INSPEKSI TIER 1 BB18025,INST1,GD01.06302220,,32740.INSPEKSI1,ULP.32740,WFOLLOWUP,ULP BANTAENG,,10/04/2026,4/16/26 8:02 AM,BURUK,P_LINGKAR,19/04/2026,,,TND,Apr,UP3 BULUKUMBA,GD,INSP,"0,00",,2026,,,,,,,,,,,,
95669049,INSPEKSI TIER 1 BB18026,INST1,GD01.06302221,,32740.INSPEKSI1,ULP.32740,COMP,ULP BANTAENG,,10/04/2026,4/16/26 8:03 AM,KURANG,P_LINGKAR,19/04/2026,,,TND,Apr,UP3 BULUKUMBA,GD,INSP,"0,00",,2026,,,,,,,,,,,,
95806605,Perbaikan/Pergantian INSPEKSI TIER 1 BT08502,INST1,GD01.06300481,,32770.INSPEKSI1,ULP.32770,COMP,ULP TANETE,,14/04/2026,,KURANG,P_BINTARORE,27/08/2026,,95664848,TND,Apr,UP3 BULUKUMBA,GD,TL,"0,00",,2026,,,,,,,,,,,,
95806797,Perbaikan/Pergantian INSPEKSI TIER 1 BT52907,INST1,GD01.06300468,,32770.INSPEKSI1,ULP.32770,COMP,ULP TANETE,,14/04/2026,,KURANG,P_BINTARORE,25/06/2026,,95661366,TND,Apr,UP3 BULUKUMBA,GD,TL,"0,00",,2026,,,,,,,,,,,,
96009959,Perbaikan/Pergantian INSPEKSI TIER 1 SEGMEN TG.BMANAI.00264-TG.BMANAI.00264.L0020,INST1,ULP.32770,4690835,32770.INSPEKSI3,ULP.32770,COMP,ULP TANETE,,15/04/2026,6/15/26 8:35 AM,BAIK,P_BINTARORE,19/06/2026,,95536634,TND,Apr,UP3 BULUKUMBA,JTM,TL,"1,20",,2026,,,,,,,,,,,,
96010090,Perbaikan/Pergantian INSPEKSI TIER 1 SEGMEN TG.BMANAI.00029.L0072-TG.BMANAI.00029.L0099,INST1,ULP.32770,22260592,32770.INSPEKSI3,ULP.32770,COMP,ULP TANETE,,15/04/2026,,BAIK,P_BULO-BULO,19/06/2026,,95517871,TND,Apr,UP3 BULUKUMBA,JTM,TL,"1,35",,2026,,,,,,,,,,,,
96030242,INSPEKSI TIER 1 BJ14001,INST1,GD01.06301328,,32730.INSPEKSI1,ULP.32730,COMP,ULP JENEPONTO,,16/04/2026,,KURANG,P_BINAMU,21/04/2026,,,TND,Apr,UP3 BULUKUMBA,GD,INSP,"0,00",,2026,,,,,,,,,,,,
96033072,INSPEKSI TIER 1 BJ14002,INST1,GD01.06301329,,32730.INSPEKSI1,ULP.32730,COMP,ULP JENEPONTO,,16/04/2026,,KURANG,P_BINAMU,21/04/2026,,,TND,Apr,UP3 BULUKUMBA,GD,INSP,"0,00",,2026,,,,,,,,,,,,
96033295,INSPEKSI TIER 1 BJ14004,INST1,GD01.06301331,,32730.INSPEKSI1,ULP.32730,COMP,ULP JENEPONTO,,16/04/2026,,KURANG,P_BINAMU,21/04/2026,,,TND,Apr,UP3 BULUKUMBA,GD,INSP,"0,00",,2026,,,,,,,,,,,,
96034180,INSPEKSI TIER 1 BJ14005,INST1,GD01.06301332,,32730.INSPEKSI1,ULP.32730,COMP,ULP JENEPONTO,,16/04/2026,,KURANG,P_BINAMU,21/04/2026,,,TND,Apr,UP3 BULUKUMBA,GD,INSP,"0,00",,2026,,,,,,,,,,,,
96034306,INSPEKSI TIER 1 BJ09003,INST1,GD01.06301335,,32730.INSPEKSI1,ULP.32730,COMP,ULP JENEPONTO,,16/04/2026,,KURANG,P_PASAR KARISA,21/04/2026,,,TND,Apr,UP3 BULUKUMBA,GD,INSP,"0,00",,2026,,,,,,,,,,,,
96034425,INSPEKSI TIER 1 BJ09004,INST1,GD01.06301336,,32730.INSPEKSI1,ULP.32730,COMP,ULP JENEPONTO,,16/04/2026,,KURANG,P_PASAR KARISA,21/04/2026,,,TND,Apr,UP3 BULUKUMBA,GD,INSP,"0,00",,2026,,,,,,,,,,,,
96034503,INSPEKSI TIER 1 BJ09005,INST1,GD01.06301337,,32730.INSPEKSI1,ULP.32730,COMP,ULP JENEPONTO,,16/04/2026,,KURANG,P_PASAR KARISA,21/04/2026,,,TND,Apr,UP3 BULUKUMBA,GD,INSP,"0,00",,2026,,,,,,,,,,,,
96034674,INSPEKSI TIER 1 BJ09006,INST1,GD01.06301338,,32730.INSPEKSI1,ULP.32730,COMP,ULP JENEPONTO,,16/04/2026,,KURANG,P_PASAR KARISA,21/04/2026,,,TND,Apr,UP3 BULUKUMBA,GD,INSP,"0,00",,2026,,,,,,,,,,,,
96034797,INSPEKSI TIER 1 BJ09008,INST1,GD01.06301340,,32730.INSPEKSI1,ULP.32730,COMP,ULP JENEPONTO,,16/04/2026,,KURANG,P_PASAR KARISA,21/04/2026,,,TND,Apr,UP3 BULUKUMBA,GD,INSP,"0,00",,2026,,,,,,,,,,,,
96035254,INSPEKSI TIER 1 BJ09009,INST1,GD01.06301341,,32730.INSPEKSI1,ULP.32730,COMP,ULP JENEPONTO,,16/04/2026,,KURANG,P_TOLO,21/04/2026,,,TND,Apr,UP3 BULUKUMBA,GD,INSP,"0,00",,2026,,,,,,,,,,,,
96035310,INSPEKSI TIER 1 BJ09010,INST1,GD01.06301342,,32730.INSPEKSI1,ULP.32730,COMP,ULP JENEPONTO,,16/04/2026,,KURANG,P_TOLO,21/04/2026,,,TND,Apr,UP3 BULUKUMBA,GD,INSP,"0,00",,2026,,,,,,,,,,,,
96035405,INSPEKSI TIER 1 BJ09011,INST1,GD01.06301343,,32730.INSPEKSI1,ULP.32730,COMP,ULP JENEPONTO,,16/04/2026,,KURANG,P_TOLO,21/04/2026,,,TND,Apr,UP3 BULUKUMBA,GD,INSP,"0,00",,2026,,,,,,,,,,,,
96035492,INSPEKSI TIER 1 BJ09012,INST1,GD01.06301344,,32730.INSPEKSI1,ULP.32730,COMP,ULP JENEPONTO,,16/04/2026,,CUKUP,P_PASAR KARISA,21/04/2026,,,TND,Apr,UP3 BULUKUMBA,GD,INSP,"0,00",,2026,,,,,,,,,,,,
96035571,INSPEKSI TIER 1 BJ09014,INST1,GD01.06301346,,32730.INSPEKSI1,ULP.32730,COMP,ULP JENEPONTO,,16/04/2026,,KURANG,P_PASAR KARISA,21/04/2026,,,TND,Apr,UP3 BULUKUMBA,GD,INSP,"0,00",,2026,,,,,,,,,,,,
96035616,INSPEKSI TIER 1 BJ09016,INST1,GD01.06301348,,32730.INSPEKSI1,ULP.32730,COMP,ULP JENEPONTO,,16/04/2026,,KURANG,P_PASAR KARISA,21/04/2026,,,TND,Apr,UP3 BULUKUMBA,GD,INSP,"0,00",,2026,,,,,,,,,,,,
96035687,INSPEKSI TIER 1 BJ09017,INST1,GD01.06301349,,32730.INSPEKSI1,ULP.32730,COMP,ULP JENEPONTO,,16/04/2026,,CUKUP,P_PASAR KARISA,21/04/2026,,,TND,Apr,UP3 BULUKUMBA,GD,INSP,"0,00",,2026,,,,,,,,,,,,
96035741,INSPEKSI TIER 1 BJ09018,INST1,GD01.06301350,,32730.INSPEKSI1,ULP.32730,COMP,ULP JENEPONTO,,16/04/2026,,KURANG,P_PASAR KARISA,21/04/2026,,,TND,Apr,UP3 BULUKUMBA,GD,INSP,"0,00",,2026,,,,,,,,,,,,
96035814,INSPEKSI TIER 1 BJ09019,INST1,GD01.06301351,,32730.INSPEKSI1,ULP.32730,COMP,ULP JENEPONTO,,16/04/2026,,KURANG,P_PASAR KARISA,21/04/2026,,,TND,Apr,UP3 BULUKUMBA,GD,INSP,"0,00",,2026,,,,,,,,,,,,
96035974,INSPEKSI TIER 1 BJ09020,INST1,GD01.06301352,,32730.INSPEKSI1,ULP.32730,COMP,ULP JENEPONTO,,16/04/2026,,KURANG,P_PASAR KARISA,21/04/2026,,,TND,Apr,UP3 BULUKUMBA,GD,INSP,"0,00",,2026,,,,,,,,,,,,
96036072,INSPEKSI TIER 1 BJ09022,INST1,GD01.06301354,,32730.INSPEKSI1,ULP.32730,COMP,ULP JENEPONTO,,16/04/2026,,KURANG,P_ARUNGKEKE,21/04/2026,,,TND,Apr,UP3 BULUKUMBA,GD,INSP,"0,00",,2026,,,,,,,,,,,,
96036140,INSPEKSI TIER 1 BJ09023,INST1,GD01.06301355,,32730.INSPEKSI1,ULP.32730,COMP,ULP JENEPONTO,,16/04/2026,,KURANG,P_ARUNGKEKE,21/04/2026,,,TND,Apr,UP3 BULUKUMBA,GD,INSP,"0,00",,2026,,,,,,,,,,,,
96036236,INSPEKSI TIER 1 BJ09024,INST1,GD01.06301356,,32730.INSPEKSI1,ULP.32730,COMP,ULP JENEPONTO,,16/04/2026,,KURANG,P_ARUNGKEKE,20/04/2026,,,TND,Apr,UP3 BULUKUMBA,GD,INSP,"0,00",,2026,,,,,,,,,,,,
96036306,INSPEKSI TIER 1 BJ15000,INST1,GD01.06301357,,32730.INSPEKSI1,ULP.32730,COMP,ULP JENEPONTO,,16/04/2026,,KURANG,P_PUNGGAWA,05/05/2026,,,TND,Apr,UP3 BULUKUMBA,GD,INSP,"0,00",,2026,,,,,,,,,,,,
96036416,INSPEKSI TIER 1 BJ62334,INST1,GD01.06301359,,32730.INSPEKSI1,ULP.32730,COMP,ULP JENEPONTO,,16/04/2026,,KURANG,P_PASAR KARISA,21/04/2026,,,TND,Apr,UP3 BULUKUMBA,GD,INSP,"0,00",,2026,,,,,,,,,,,,
96036477,INSPEKSI TIER 1 BJ62336,INST1,GD01.06301361,,32730.INSPEKSI1,ULP.32730,COMP,ULP JENEPONTO,,16/04/2026,,KURANG,P_PASAR KARISA,20/04/2026,,,TND,Apr,UP3 BULUKUMBA,GD,INSP,"0,00",,2026,,,,,,,,,,,,
96036537,INSPEKSI TIER 1 BJ62337,INST1,GD01.06301362,,32730.INSPEKSI1,ULP.32730,COMP,ULP JENEPONTO,,16/04/2026,,KURANG,P_PASAR KARISA,20/04/2026,,,TND,Apr,UP3 BULUKUMBA,GD,INSP,"0,00",,2026,,,,,,,,,,,,
96036729,INSPEKSI TIER 1 BJ62338,INST1,GD01.06301363,,32730.INSPEKSI1,ULP.32730,COMP,ULP JENEPONTO,,16/04/2026,,KURANG,P_PASAR KARISA,20/04/2026,,,TND,Apr,UP3 BULUKUMBA,GD,INSP,"0,00",,2026,,,,,,,,,,,,
96036807,INSPEKSI TIER 1 BJ62340,INST1,GD01.06301365,,32730.INSPEKSI1,ULP.32730,COMP,ULP JENEPONTO,,16/04/2026,,KURANG,P_PASAR KARISA,20/04/2026,,,TND,Apr,UP3 BULUKUMBA,GD,INSP,"0,00",,2026,,,,,,,,,,,,
96036911,INSPEKSI TIER 1 BJ62351,INST1,GD01.06301376,,32730.INSPEKSI1,ULP.32730,COMP,ULP JENEPONTO,,16/04/2026,,KURANG,P_PASAR KARISA,20/04/2026,,,TND,Apr,UP3 BULUKUMBA,GD,INSP,"0,00",,2026,,,,,,,,,,,,
96036965,INSPEKSI TIER 1 BJ62352,INST1,GD01.06301377,,32730.INSPEKSI1,ULP.32730,COMP,ULP JENEPONTO,,16/04/2026,,CUKUP,P_PASAR KARISA,20/04/2026,,,TND,Apr,UP3 BULUKUMBA,GD,INSP,"0,00",,2026,,,,,,,,,,,,
96037078,INSPEKSI TIER 1 BJ62354,INST1,GD01.06301379,,32730.INSPEKSI1,ULP.32730,COMP,ULP JENEPONTO,,16/04/2026,,KURANG,P_PASAR KARISA,20/04/2026,,,TND,Apr,UP3 BULUKUMBA,GD,INSP,"0,00",,2026,,,,,,,,,,,,
96037169,INSPEKSI TIER 1 BJ62355,INST1,GD01.06301380,,32730.INSPEKSI1,ULP.32730,COMP,ULP JENEPONTO,,16/04/2026,,KURANG,P_PASAR KARISA,20/04/2026,,,TND,Apr,UP3 BULUKUMBA,GD,INSP,"0,00",,2026,,,,,,,,,,,,
96037258,INSPEKSI TIER 1 BJ62359,INST1,GD01.06301384,,32730.INSPEKSI1,ULP.32730,COMP,ULP JENEPONTO,,16/04/2026,,KURANG,P_PASAR KARISA,20/04/2026,,,TND,Apr,UP3 BULUKUMBA,GD,INSP,"0,00",,2026,,,,,,,,,,,,
96037307,INSPEKSI TIER 1 BJ62367,INST1,GD01.06301392,,32730.INSPEKSI1,ULP.32730,COMP,ULP JENEPONTO,,16/04/2026,,KURANG,P_PASAR KARISA,20/04/2026,,,TND,Apr,UP3 BULUKUMBA,GD,INSP,"0,00",,2026,,,,,,,,,,,,
96037449,INSPEKSI TIER 1 BJ62368,INST1,GD01.06301393,,32730.INSPEKSI1,ULP.32730,COMP,ULP JENEPONTO,,16/04/2026,,KURANG,P_PASAR KARISA,20/04/2026,,,TND,Apr,UP3 BULUKUMBA,GD,INSP,"0,00",,2026,,,,,,,,,,,,
96044149,INSPEKSI TIER 1 BS08040,INST1,GD01.06301810,,32760.INSPEKSI2,ULP.32760,COMP,ULP SINJAI,,16/04/2026,,KURANG,P_MATUMPU,17/04/2026,,,TND,Apr,UP3 BULUKUMBA,GD,INSP,"0,00",,2026,,,,,,,,,,,,
96044324,INSPEKSI TIER 1 BS59008,INST1,GD01.06302732,,32760.INSPEKSI2,ULP.32760,COMP,ULP SINJAI,,16/04/2026,,CUKUP,P_LITHA,17/04/2026,,,TND,Apr,UP3 BULUKUMBA,GD,INSP,"0,00",,2026,,,,,,,,,,,,
96044555,INSPEKSI TIER 1 BS59010,INST1,GD01.06302734,,32760.INSPEKSI2,ULP.32760,COMP,ULP SINJAI,,16/04/2026,,CUKUP,P_LITHA,17/04/2026,,,TND,Apr,UP3 BULUKUMBA,GD,INSP,"0,00",,2026,,,,,,,,,,,,
96044713,INSPEKSI TIER 1 BS59013,INST1,GD01.06302737,,32760.INSPEKSI2,ULP.32760,COMP,ULP SINJAI,,16/04/2026,,CUKUP,P_LITHA,17/04/2026,,,TND,Apr,UP3 BULUKUMBA,GD,INSP,"0,00",,2026,,,,,,,,,,,,
96045485,INSPEKSI TIER 1 BS59-068,INST1,GD01.06302796,,32760.INSPEKSI2,ULP.32760,COMP,ULP SINJAI,,16/04/2026,,,P_LITHA,20/04/2026,,,TND,Apr,UP3 BULUKUMBA,GD,INSP,"0,00",,2026,,,,,,,,,,,,
96045817,INSPEKSI TIER 1 BS59-069,INST1,GD01.06302797,,32760.INSPEKSI2,ULP.32760,COMP,ULP SINJAI,,16/04/2026,,,P_LITHA,20/04/2026,,,TND,Apr,UP3 BULUKUMBA,GD,INSP,"0,00",,2026,,,,,,,,,,,,
96046147,INSPEKSI TIER 1 BS59070,INST1,GD01.06302798,,32760.INSPEKSI2,ULP.32760,WFOLLOWUP,ULP SINJAI,,16/04/2026,,BURUK,P_LITHA,20/04/2026,,,TND,Apr,UP3 BULUKUMBA,GD,INSP,"0,00",,2026,,,,,,,,,,,,
96046310,INSPEKSI TIER 1 BS59071,INST1,GD01.06302799,,32760.INSPEKSI2,ULP.32760,WFOLLOWUP,ULP SINJAI,,16/04/2026,,BURUK,P_LITHA,20/04/2026,,,TND,Apr,UP3 BULUKUMBA,GD,INSP,"0,00",,2026,,,,,,,,,,,,
96047104,INSPEKSI TIER 1 BS59-067,INST1,GD01.06302795,,32760.INSPEKSI2,ULP.32760,COMP,ULP SINJAI,,16/04/2026,,,P_LITHA,17/04/2026,,,TND,Apr,UP3 BULUKUMBA,GD,INSP,"0,00",,2026,,,,,,,,,,,,
96088870,INSPEKSI TIER 1 BS07000,INST1,GD01.06302437,,32760.INSPEKSI2,ULP.32760,COMP,ULP SINJAI,,17/04/2026,,CUKUP,P_LAPPA,20/04/2026,,,TND,Apr,UP3 BULUKUMBA,GD,INSP,"0,00",,2026,,,,,,,,,,,,
96088952,INSPEKSI TIER 1 BS07001,INST1,GD01.06302438,,32760.INSPEKSI2,ULP.32760,COMP,ULP SINJAI,,17/04/2026,,KURANG,P_LAPPA,20/04/2026,,,TND,Apr,UP3 BULUKUMBA,GD,INSP,"0,00",,2026,,,,,,,,,,,,
96089038,INSPEKSI TIER 1 BS07.003,INST1,GD01.06302440,,32760.INSPEKSI2,ULP.32760,COMP,ULP SINJAI,,17/04/2026,,,P_LAPPA,20/04/2026,,,TND,Apr,UP3 BULUKUMBA,GD,INSP,"0,00",,2026,,,,,,,,,,,,
96089079,INSPEKSI TIER 1 BS07006,INST1,GD01.06302443,,32760.INSPEKSI2,ULP.32760,COMP,ULP SINJAI,,17/04/2026,,KURANG,P_LAPPA,20/04/2026,,,TND,Apr,UP3 BULUKUMBA,GD,INSP,"0,00",,2026,,,,,,,,,,,,
96089160,INSPEKSI TIER 1 BS07008,INST1,GD01.06302445,,32760.INSPEKSI2,ULP.32760,COMP,ULP SINJAI,,17/04/2026,,CUKUP,P_LAPPA,20/04/2026,,,TND,Apr,UP3 BULUKUMBA,GD,INSP,"0,00",,2026,,,,,,,,,,,,
96089234,INSPEKSI TIER 1 BS07009,INST1,GD01.06302446,,32760.INSPEKSI2,ULP.32760,COMP,ULP SINJAI,,17/04/2026,,KURANG,P_LAPPA,20/04/2026,,,TND,Apr,UP3 BULUKUMBA,GD,INSP,"0,00",,2026,,,,,,,,,,,,
96089391,INSPEKSI TIER 1 BS07011,INST1,GD01.06302448,,32760.INSPEKSI2,ULP.32760,COMP,ULP SINJAI,,17/04/2026,,KURANG,P_LAPPA,20/04/2026,,,TND,Apr,UP3 BULUKUMBA,GD,INSP,"0,00",,2026,,,,,,,,,,,,
96089475,INSPEKSI TIER 1 BS07012,INST1,GD01.06302449,,32760.INSPEKSI2,ULP.32760,COMP,ULP SINJAI,,17/04/2026,,CUKUP,P_LAPPA,20/04/2026,,,TND,Apr,UP3 BULUKUMBA,GD,INSP,"0,00",,2026,,,,,,,,,,,,
96089541,INSPEKSI TIER 1 BS07013,INST1,GD01.06302450,,32760.INSPEKSI2,ULP.32760,COMP,ULP SINJAI,,17/04/2026,,KURANG,P_LAPPA,20/04/2026,,,TND,Apr,UP3 BULUKUMBA,GD,INSP,"0,00",,2026,,,,,,,,,,,,
96089567,INSPEKSI TIER 1 BS07014,INST1,GD01.06302451,,32760.INSPEKSI2,ULP.32760,COMP,ULP SINJAI,,17/04/2026,,KURANG,P_LAPPA,20/04/2026,,,TND,Apr,UP3 BULUKUMBA,GD,INSP,"0,00",,2026,,,,,,,,,,,,
96089636,INSPEKSI TIER 1 BS07016,INST1,GD01.06302453,,32760.INSPEKSI2,ULP.32760,COMP,ULP SINJAI,,17/04/2026,,CUKUP,P_LAPPA,20/04/2026,,,TND,Apr,UP3 BULUKUMBA,GD,INSP,"0,00",,2026,,,,,,,,,,,,
96089675,INSPEKSI TIER 1 BS07038,INST1,GD01.06302454,,32760.INSPEKSI2,ULP.32760,COMP,ULP SINJAI,,17/04/2026,,CUKUP,P_LAPPA,20/04/2026,,,TND,Apr,UP3 BULUKUMBA,GD,INSP,"0,00",,2026,,,,,,,,,,,,
96089728,INSPEKSI TIER 1 BS07017,INST1,GD01.06302455,,32760.INSPEKSI2,ULP.32760,COMP,ULP SINJAI,,17/04/2026,,KURANG,P_LAPPA,20/04/2026,,,TND,Apr,UP3 BULUKUMBA,GD,INSP,"0,00",,2026,,,,,,,,,,,,
96089768,INSPEKSI TIER 1 BS07018,INST1,GD01.06302456,,32760.INSPEKSI2,ULP.32760,COMP,ULP SINJAI,,17/04/2026,,KURANG,P_LAPPA,20/04/2026,,,TND,Apr,UP3 BULUKUMBA,GD,INSP,"0,00",,2026,,,,,,,,,,,,
96089840,INSPEKSI TIER 1 BS07019,INST1,GD01.06302457,,32760.INSPEKSI2,ULP.32760,COMP,ULP SINJAI,,17/04/2026,,KURANG,P_LAPPA,10/05/2026,,,TND,Apr,UP3 BULUKUMBA,GD,INSP,"0,00",,2026,,,,,,,,,,,,
96089879,Perbaikan/Pergantian INSPEKSI TIER 1 BT01517,INST1,GD01.06300443,,32770.INSPEKSI1,ULP.32770,COMP,ULP TANETE,,17/04/2026,,KURANG,P_BINTARORE,27/08/2026,,95592224,TND,Apr,UP3 BULUKUMBA,GD,TL,"0,00",,2026,,,,,,,,,,,,
96089910,Perbaikan/Pergantian INSPEKSI TIER 1 BT01536,INST1,GD01.06300458,,32770.INSPEKSI1,ULP.32770,COMP,ULP TANETE,,17/04/2026,,KURANG,P_BINTARORE,29/06/2026,,95661110,TND,Apr,UP3 BULUKUMBA,GD,TL,"0,00",,2026,,,,,,,,,,,,
96089930,Perbaikan/Pergantian INSPEKSI TIER 1 BT01521,INST1,GD01.06300459,,32770.INSPEKSI1,ULP.32770,COMP,ULP TANETE,,17/04/2026,,KURANG,P_BINTARORE,27/08/2026,,95661150,TND,Apr,UP3 BULUKUMBA,GD,TL,"0,00",,2026,,,,,,,,,,,,
96090310,INSPEKSI TIER 1 BS07033,INST1,GD01.06302458,,32760.INSPEKSI2,ULP.32760,COMP,ULP SINJAI,,17/04/2026,,CUKUP,P_LAPPA,20/04/2026,,,TND,Apr,UP3 BULUKUMBA,GD,INSP,"0,00",,2026,,,,,,,,,,,,
96090360,INSPEKSI TIER 1 BS07020,INST1,GD01.06302459,,32760.INSPEKSI2,ULP.32760,COMP,ULP SINJAI,,17/04/2026,,KURANG,P_LAPPA,20/04/2026,,,TND,Apr,UP3 BULUKUMBA,GD,INSP,"0,00",,2026,,,,,,,,,,,,
96090388,INSPEKSI TIER 1 BS07021,INST1,GD01.06302460,,32760.INSPEKSI2,ULP.32760,COMP,ULP SINJAI,,17/04/2026,,KURANG,P_LAPPA,20/04/2026,,,TND,Apr,UP3 BULUKUMBA,GD,INSP,"0,00",,2026,,,,,,,,,,,,
96090445,INSPEKSI TIER 1 BS07023,INST1,GD01.06302462,,32760.INSPEKSI2,ULP.32760,COMP,ULP SINJAI,,17/04/2026,,KURANG,P_LAPPA,20/04/2026,,,TND,Apr,UP3 BULUKUMBA,GD,INSP,"0,00",,2026,,,,,,,,,,,,
96090499,INSPEKSI TIER 1 BS07026,INST1,GD01.06302465,,32760.INSPEKSI2,ULP.32760,COMP,ULP SINJAI,,17/04/2026,,KURANG,P_LAPPA,20/04/2026,,,TND,Apr,UP3 BULUKUMBA,GD,INSP,"0,00",,2026,,,,,,,,,,,,
96124086,Perbaikan/Pergantian INSPEKSI TIER 1 BB18021,INST1,GD01.06302217,,32740.INSPEKSI1,ULP.32740,WOREJECT,ULP BANTAENG,,19/04/2026,,BURUK,P_LINGKAR,24/07/2026,,95586808,TND,Apr,UP3 BULUKUMBA,GD,TL,"0,00",,2026,,,,,,,,,,,,
96124091,Perbaikan/Pergantian INSPEKSI TIER 1 BB18034,INST1,GD01.06302229,,32740.INSPEKSI1,ULP.32740,COMP,ULP BANTAENG,,19/04/2026,,KURANG,P_LINGKAR,30/06/2026,,95588307,TND,Apr,UP3 BULUKUMBA,GD,TL,"0,00",,2026,,,,,,,,,,,,
96124096,Perbaikan/Pergantian INSPEKSI TIER 1 BB18035,INST1,GD01.06302230,,32740.INSPEKSI1,ULP.32740,WOREJECT,ULP BANTAENG,,19/04/2026,,BURUK,P_LINGKAR,30/06/2026,,95588527,TND,Apr,UP3 BULUKUMBA,GD,TL,"0,00",,2026,,,,,,,,,,,,
96124220,Perbaikan/Pergantian INSPEKSI TIER 1 BB70113,INST1,GD01.06302308,,32740.INSPEKSI1,ULP.32740,INPRG,ULP BANTAENG,,19/04/2026,,,P_LINGKAR,15/06/2026,,95667699,TND,Apr,UP3 BULUKUMBA,GD,TL,"0,00",,2026,,,,,,,,,,,,
96124294,Perbaikan/Pergantian INSPEKSI TIER 1 BB70114,INST1,GD01.06302309,,32740.INSPEKSI1,ULP.32740,INPRG,ULP BANTAENG,,19/04/2026,,,P_LINGKAR,15/06/2026,,95667868,TND,Apr,UP3 BULUKUMBA,GD,TL,"0,00",,2026,,,,,,,,,,,,
96124299,Perbaikan/Pergantian INSPEKSI TIER 1 BB70115,INST1,GD01.06302310,,32740.INSPEKSI1,ULP.32740,INPRG,ULP BANTAENG,,19/04/2026,,,P_LINGKAR,15/06/2026,,95667958,TND,Apr,UP3 BULUKUMBA,GD,TL,"0,00",,2026,,,,,,,,,,,,
96124304,Perbaikan/Pergantian INSPEKSI TIER 1 BB70116,INST1,GD01.06302311,,32740.INSPEKSI1,ULP.32740,INPRG,ULP BANTAENG,,19/04/2026,,,P_LINGKAR,15/06/2026,,95668049,TND,Apr,UP3 BULUKUMBA,GD,TL,"0,00",,2026,,,,,,,,,,,,
96124309,Perbaikan/Pergantian INSPEKSI TIER 1 BB18000,INST1,GD01.06302212,,32740.INSPEKSI1,ULP.32740,COMP,ULP BANTAENG,,19/04/2026,,KURANG,P_LINGKAR,18/06/2026,,95668085,TND,Apr,UP3 BULUKUMBA,GD,TL,"0,00",,2026,,,,,,,,,,,,
96124314,Perbaikan/Pergantian INSPEKSI TIER 1 BB18017,INST1,GD01.06302213,,32740.INSPEKSI1,ULP.32740,COMP,ULP BANTAENG,,19/04/2026,,KURANG,P_LINGKAR,25/07/2026,,95668335,TND,Apr,UP3 BULUKUMBA,GD,TL,"0,00",,2026,,,,,,,,,,,,
96124319,Perbaikan/Pergantian INSPEKSI TIER 1 BB18018,INST1,GD01.06302214,,32740.INSPEKSI1,ULP.32740,INPRG,ULP BANTAENG,,19/04/2026,,BURUK,P_LINGKAR,23/08/2026,,95668455,TND,Apr,UP3 BULUKUMBA,GD,TL,"0,00",,2026,,,,,,,,,,,,
96124324,Perbaikan/Pergantian INSPEKSI TIER 1 BB18020,INST1,GD01.06302216,,32740.INSPEKSI1,ULP.32740,COMP,ULP BANTAENG,,19/04/2026,,CUKUP,P_LINGKAR,25/07/2026,,95668667,TND,Apr,UP3 BULUKUMBA,GD,TL,"0,00",,2026,,,,,,,,,,,,
96124329,Perbaikan/Pergantian INSPEKSI TIER 1 BB18025,INST1,GD01.06302220,,32740.INSPEKSI1,ULP.32740,WOREJECT,ULP BANTAENG,,19/04/2026,,BURUK,P_LINGKAR,29/06/2026,,95668925,TND,Apr,UP3 BULUKUMBA,GD,TL,"0,00",,2026,,,,,,,,,,,,
96151092,Perbaikan/Pergantian INSPEKSI TIER 1 BS59070,INST1,GD01.06302798,,32760.INSPEKSI2,ULP.32760,WAPPR,ULP SINJAI,,20/04/2026,,,P_LITHA,20/04/2026,,96046147,TND,Apr,UP3 BULUKUMBA,GD,TL,"0,00",,2026,,,,,,,,,,,,
96151692,Perbaikan/Pergantian INSPEKSI TIER 1 BS59071,INST1,GD01.06302799,,32760.INSPEKSI2,ULP.32760,WAPPR,ULP SINJAI,,20/04/2026,,,P_LITHA,20/04/2026,,96046310,TND,Apr,UP3 BULUKUMBA,GD,TL,"0,00",,2026,,,,,,,,,,,,
96152863,Perbaikan/Pergantian INSPEKSI TIER 1 SEGMEN TG.LAPPA.00059-TG.LAPPA.00089S,INST1,ULP.32760,4691801,32760.INSPEKSI3,ULP.32760,COMP,ULP SINJAI,,20/04/2026,,BAIK,P_LAPPA,29/04/2026,,95545654,TND,Apr,UP3 BULUKUMBA,JTM,TL,"1,50",,2026,,,,,,,,,,,,
96163493,INSPEKSI TIER 1 BS07027,INST1,GD01.06302466,,32760.INSPEKSI2,ULP.32760,COMP,ULP SINJAI,,20/04/2026,,KURANG,P_LAPPA,20/04/2026,,,TND,Apr,UP3 BULUKUMBA,GD,INSP,"0,00",,2026,,,,,,,,,,,,
96163637,INSPEKSI TIER 1 BS07028,INST1,GD01.06302467,,32760.INSPEKSI2,ULP.32760,COMP,ULP SINJAI,,20/04/2026,,CUKUP,P_LAPPA,20/04/2026,,,TND,Apr,UP3 BULUKUMBA,GD,INSP,"0,00",,2026,,,,,,,,,,,,
96163777,INSPEKSI TIER 1 BS07032,INST1,GD01.06302471,,32760.INSPEKSI2,ULP.32760,COMP,ULP SINJAI,,20/04/2026,,CUKUP,P_LAPPA,20/04/2026,,,TND,Apr,UP3 BULUKUMBA,GD,INSP,"0,00",,2026,,,,,,,,,,,,
96163887,INSPEKSI TIER 1 BS07034,INST1,GD01.06302472,,32760.INSPEKSI2,ULP.32760,COMP,ULP SINJAI,,20/04/2026,,CUKUP,P_LAPPA,20/04/2026,,,TND,Apr,UP3 BULUKUMBA,GD,INSP,"0,00",,2026,,,,,,,,,,,,
96163941,INSPEKSI TIER 1 BS07079,INST1,GD01.06302473,,32760.INSPEKSI2,ULP.32760,COMP,ULP SINJAI,,20/04/2026,,CUKUP,P_LAPPA,21/04/2026,,,TND,Apr,UP3 BULUKUMBA,GD,INSP,"0,00",,2026,,,,,,,,,,,,
96164030,INSPEKSI TIER 1 BS07035,INST1,GD01.06302474,,32760.INSPEKSI2,ULP.32760,COMP,ULP SINJAI,,20/04/2026,,CUKUP,P_LAPPA,21/04/2026,,,TND,Apr,UP3 BULUKUMBA,GD,INSP,"0,00",,2026,,,,,,,,,,,,
96164289,INSPEKSI TIER 1 BS07036,INST1,GD01.06302475,,32760.INSPEKSI2,ULP.32760,COMP,ULP SINJAI,,20/04/2026,,KURANG,P_LAPPA,21/04/2026,,,TND,Apr,UP3 BULUKUMBA,GD,INSP,"0,00",,2026,,,,,,,,,,,,
96164460,INSPEKSI TIER 1 BS07037,INST1,GD01.06302476,,32760.INSPEKSI2,ULP.32760,COMP,ULP SINJAI,,20/04/2026,,KURANG,P_LAPPA,21/04/2026,,,TND,Apr,UP3 BULUKUMBA,GD,INSP,"0,00",,2026,,,,,,,,,,,,
96164628,INSPEKSI TIER 1 BS07080,INST1,GD01.06302478,,32760.INSPEKSI2,ULP.32760,COMP,ULP SINJAI,,20/04/2026,,KURANG,P_LAPPA,22/04/2026,,,TND,Apr,UP3 BULUKUMBA,GD,INSP,"0,00",,2026,,,,,,,,,,,,
96164805,INSPEKSI TIER 1 BS07039,INST1,GD01.06302479,,32760.INSPEKSI2,ULP.32760,COMP,ULP SINJAI,,20/04/2026,,CUKUP,P_LAPPA,21/04/2026,,,TND,Apr,UP3 BULUKUMBA,GD,INSP,"0,00",,2026,,,,,,,,,,,,
96164950,INSPEKSI TIER 1 BS07082,INST1,GD01.06302480,,32760.INSPEKSI2,ULP.32760,COMP,ULP SINJAI,,20/04/2026,,KURANG,P_LAPPA,28/04/2026,,,TND,Apr,UP3 BULUKUMBA,GD,INSP,"0,00",,2026,,,,,,,,,,,,
96165060,INSPEKSI TIER 1 BS07040,INST1,GD01.06302481,,32760.INSPEKSI2,ULP.32760,COMP,ULP SINJAI,,20/04/2026,,KURANG,P_LAPPA,21/04/2026,,,TND,Apr,UP3 BULUKUMBA,GD,INSP,"0,00",,2026,,,,,,,,,,,,
96165158,INSPEKSI TIER 1 BS07041,INST1,GD01.06302482,,32760.INSPEKSI2,ULP.32760,COMP,ULP SINJAI,,20/04/2026,,KURANG,P_LAPPA,22/04/2026,,,TND,Apr,UP3 BULUKUMBA,GD,INSP,"0,00",,2026,,,,,,,,,,,,
96165409,INSPEKSI TIER 1 BS07042,INST1,GD01.06302483,,32760.INSPEKSI2,ULP.32760,COMP,ULP SINJAI,,20/04/2026,,CUKUP,P_LAPPA,22/04/2026,,,TND,Apr,UP3 BULUKUMBA,GD,INSP,"0,00",,2026,,,,,,,,,,,,
96165646,INSPEKSI TIER 1 BS07043,INST1,GD01.06302484,,32760.INSPEKSI2,ULP.32760,COMP,ULP SINJAI,,20/04/2026,,CUKUP,P_LAPPA,22/04/2026,,,TND,Apr,UP3 BULUKUMBA,GD,INSP,"0,00",,2026,,,,,,,,,,,,
96166237,INSPEKSI TIER 1 BS07045,INST1,GD01.06302487,,32760.INSPEKSI2,ULP.32760,COMP,ULP SINJAI,,20/04/2026,,KURANG,P_LAPPA,28/04/2026,,,TND,Apr,UP3 BULUKUMBA,GD,INSP,"0,00",,2026,,,,,,,,,,,,
96166365,INSPEKSI TIER 1 BS07046,INST1,GD01.06302488,,32760.INSPEKSI2,ULP.32760,COMP,ULP SINJAI,,20/04/2026,,KURANG,P_LAPPA,28/04/2026,,,TND,Apr,UP3 BULUKUMBA,GD,INSP,"0,00",,2026,,,,,,,,,,,,
96166503,INSPEKSI TIER 1 BS07047,INST1,GD01.06302489,,32760.INSPEKSI2,ULP.32760,COMP,ULP SINJAI,,20/04/2026,,KURANG,P_LAPPA,28/04/2026,,,TND,Apr,UP3 BULUKUMBA,GD,INSP,"0,00",,2026,,,,,,,,,,,,
96166659,INSPEKSI TIER 1 BS07049,INST1,GD01.06302491,,32760.INSPEKSI2,ULP.32760,COMP,ULP SINJAI,,20/04/2026,,KURANG,P_LAPPA,23/04/2026,,,TND,Apr,UP3 BULUKUMBA,GD,INSP,"0,00",,2026,,,,,,,,,,,,
96166806,INSPEKSI TIER 1 BS07050,INST1,GD01.06302492,,32760.INSPEKSI2,ULP.32760,COMP,ULP SINJAI,,20/04/2026,,KURANG,P_LAPPA,23/04/2026,,,TND,Apr,UP3 BULUKUMBA,GD,INSP,"0,00",,2026,,,,,,,,,,,,
96166966,INSPEKSI TIER 1 BS07051,INST1,GD01.06302493,,32760.INSPEKSI2,ULP.32760,COMP,ULP SINJAI,,20/04/2026,,KURANG,P_LAPPA,27/04/2026,,,TND,Apr,UP3 BULUKUMBA,GD,INSP,"0,00",,2026,,,,,,,,,,,,
96167217,INSPEKSI TIER 1 BS07053,INST1,GD01.06302494,,32760.INSPEKSI2,ULP.32760,COMP,ULP SINJAI,,20/04/2026,,CUKUP,P_LAPPA,28/04/2026,,,TND,Apr,UP3 BULUKUMBA,GD,INSP,"0,00",,2026,,,,,,,,,,,,
96167378,INSPEKSI TIER 1 BS07054,INST1,GD01.06302495,,32760.INSPEKSI2,ULP.32760,COMP,ULP SINJAI,,20/04/2026,,KURANG,P_LAPPA,23/04/2026,,,TND,Apr,UP3 BULUKUMBA,GD,INSP,"0,00",,2026,,,,,,,,,,,,
96167499,INSPEKSI TIER 1 BS07055,INST1,GD01.06302496,,32760.INSPEKSI2,ULP.32760,COMP,ULP SINJAI,,20/04/2026,,KURANG,P_LAPPA,27/04/2026,,,TND,Apr,UP3 BULUKUMBA,GD,INSP,"0,00",,2026,,,,,,,,,,,,
96167636,INSPEKSI TIER 1 BS07057,INST1,GD01.06302498,,32760.INSPEKSI2,ULP.32760,COMP,ULP SINJAI,,20/04/2026,,KURANG,P_LAPPA,27/04/2026,,,TND,Apr,UP3 BULUKUMBA,GD,INSP,"0,00",,2026,,,,,,,,,,,,
96167742,INSPEKSI TIER 1 BS07058,INST1,GD01.06302499,,32760.INSPEKSI2,ULP.32760,COMP,ULP SINJAI,,20/04/2026,,CUKUP,P_LAPPA,27/04/2026,,,TND,Apr,UP3 BULUKUMBA,GD,INSP,"0,00",,2026,,,,,,,,,,,,
96167806,INSPEKSI TIER 1 BS07060,INST1,GD01.06302501,,32760.INSPEKSI2,ULP.32760,COMP,ULP SINJAI,,20/04/2026,,CUKUP,P_LAPPA,27/04/2026,,,TND,Apr,UP3 BULUKUMBA,GD,INSP,"0,00",,2026,,,,,,,,,,,,
96167947,INSPEKSI TIER 1 BS07064,INST1,GD01.06302505,,32760.INSPEKSI2,ULP.32760,COMP,ULP SINJAI,,20/04/2026,,CUKUP,P_LAPPA,27/04/2026,,,TND,Apr,UP3 BULUKUMBA,GD,INSP,"0,00",,2026,,,,,,,,,,,,
96168179,INSPEKSI TIER 1 BS07061,INST1,GD01.06302506,,32760.INSPEKSI2,ULP.32760,COMP,ULP SINJAI,,20/04/2026,,CUKUP,P_LAPPA,27/04/2026,,,TND,Apr,UP3 BULUKUMBA,GD,INSP,"0,00",,2026,,,,,,,,,,,,
96168257,INSPEKSI TIER 1 BS07065,INST1,GD01.06302507,,32760.INSPEKSI2,ULP.32760,COMP,ULP SINJAI,,20/04/2026,,CUKUP,P_LAPPA,22/04/2026,,,TND,Apr,UP3 BULUKUMBA,GD,INSP,"0,00",,2026,,,,,,,,,,,,
96168324,INSPEKSI TIER 1 BS07066,INST1,GD01.06302508,,32760.INSPEKSI2,ULP.32760,COMP,ULP SINJAI,,20/04/2026,,KURANG,P_LAPPA,22/04/2026,,,TND,Apr,UP3 BULUKUMBA,GD,INSP,"0,00",,2026,,,,,,,,,,,,
96168399,INSPEKSI TIER 1 BS07067,INST1,GD01.06302509,,32760.INSPEKSI2,ULP.32760,COMP,ULP SINJAI,,20/04/2026,,KURANG,P_LAPPA,22/04/2026,,,TND,Apr,UP3 BULUKUMBA,GD,INSP,"0,00",,2026,,,,,,,,,,,,
96168530,INSPEKSI TIER 1 BS07068,INST1,GD01.06302510,,32760.INSPEKSI2,ULP.32760,COMP,ULP SINJAI,,20/04/2026,,KURANG,P_LAPPA,23/04/2026,,,TND,Apr,UP3 BULUKUMBA,GD,INSP,"0,00",,2026,,,,,,,,,,,,
96168638,INSPEKSI TIER 1 BS07069,INST1,GD01.06302511,,32760.INSPEKSI2,ULP.32760,COMP,ULP SINJAI,,20/04/2026,,KURANG,P_LAPPA,23/04/2026,,,TND,Apr,UP3 BULUKUMBA,GD,INSP,"0,00",,2026,,,,,,,,,,,,
96168705,INSPEKSI TIER 1 BS07070,INST1,GD01.06302512,,32760.INSPEKSI2,ULP.32760,COMP,ULP SINJAI,,20/04/2026,,KURANG,P_LAPPA,23/04/2026,,,TND,Apr,UP3 BULUKUMBA,GD,INSP,"0,00",,2026,,,,,,,,,,,,
96168791,INSPEKSI TIER 1 BS07073,INST1,GD01.06302515,,32760.INSPEKSI2,ULP.32760,COMP,ULP SINJAI,,20/04/2026,,KURANG,P_LAPPA,23/04/2026,,,TND,Apr,UP3 BULUKUMBA,GD,INSP,"0,00",,2026,,,,,,,,,,,,
96168867,INSPEKSI TIER 1 BS07074,INST1,GD01.06302516,,32760.INSPEKSI2,ULP.32760,COMP,ULP SINJAI,,20/04/2026,,KURANG,P_LAPPA,23/04/2026,,,TND,Apr,UP3 BULUKUMBA,GD,INSP,"0,00",,2026,,,,,,,,,,,,
96168969,INSPEKSI TIER 1 BS07076,INST1,GD01.06302518,,32760.INSPEKSI2,ULP.32760,COMP,ULP SINJAI,,20/04/2026,,CUKUP,P_LAPPA,27/04/2026,,,TND,Apr,UP3 BULUKUMBA,GD,INSP,"0,00",,2026,,,,,,,,,,,,
96169058,INSPEKSI TIER 1 BS07077,INST1,GD01.06302519,,32760.INSPEKSI2,ULP.32760,COMP,ULP SINJAI,,20/04/2026,,CUKUP,P_LAPPA,27/04/2026,,,TND,Apr,UP3 BULUKUMBA,GD,INSP,"0,00",,2026,,,,,,,,,,,,
96176855,Perbaikan/Pergantian INSPEKSI TIER 1 SEGMEN TG. TABANG.00004-TG.TABANG.00004.L0008,INST1,ULP.32750,4690784,32750.INSPEKSI2,ULP.32750,COMP,ULP SELAYAR,,20/04/2026,,BAIK,P_TIELINE SELAYAR 1,24/04/2026,,95545157,TND,Apr,UP3 BULUKUMBA,JTM,TL,"0,40",,2026,,,,,,,,,,,,
96184610,Perbaikan/Pergantian INSPEKSI TIER 1 BK05001,INST1,GD01.06300707,,32720.INSPEKSI2,ULP.32720,COMP,ULP KALUMPANG,,21/04/2026,,KURANG,P_SAPOLOHE,04/06/2026,,95566032,TND,Apr,UP3 BULUKUMBA,GD,TL,"0,00",,2026,,,,,,,,,,,,
96187973,INSPEKSI TIER 1 SEGMEN TG.BMANAI.00292-TG.BALTAR.00029,INST1,ULP.32770,4690856,32770.INSPEKSI3,ULP.32770,COMP,ULP TANETE,,21/04/2026,,BAIK,P_BONTO BULAENG,27/04/2026,,,TND,Apr,UP3 BULUKUMBA,JTM,INSP,"1,40",,2026,,,,,,,,,,,,
96188269,INSPEKSI TIER 1 SEGMEN TG.BALTAR.00029-TG.BALTAR.00029.R0043,INST1,ULP.32770,4690857,32770.INSPEKSI3,ULP.32770,COMP,ULP TANETE,,21/04/2026,,BAIK,P_BONTO BULAENG,27/04/2026,,,TND,Apr,UP3 BULUKUMBA,JTM,INSP,"2,00",,2026,,,,,,,,,,,,
96188343,INSPEKSI TIER 1 SEGMEN TG.BALTAR.00029-LBS.SALODUA,INST1,ULP.32770,4690858,32770.INSPEKSI3,ULP.32770,COMP,ULP TANETE,,21/04/2026,6/24/26 2:36 PM,BAIK,P_BONTO BULAENG,26/06/2026,,,TND,Apr,UP3 BULUKUMBA,JTM,INSP,"0,80",,2026,,,,,,,,,,,,
96188474,INSPEKSI TIER 1 SEGMEN LBS.SALODUA-TG.BALTAR.00074,INST1,ULP.32770,4690859,32770.INSPEKSI3,ULP.32770,COMP,ULP TANETE,,21/04/2026,,BAIK,P_BONTO BULAENG,23/04/2026,,,TND,Apr,UP3 BULUKUMBA,JTM,INSP,"1,20",,2026,,,,,,,,,,,,
96188562,INSPEKSI TIER 1 SEGMEN TG.BALTAR.00074-TG.BALTAR.00074.R0063,INST1,ULP.32770,4690860,32770.INSPEKSI3,ULP.32770,WFCOMP,ULP TANETE,,21/04/2026,,BAIK,P_BONTO BULAENG,25/06/2026,,,TND,Apr,UP3 BULUKUMBA,JTM,INSP,"3,40",,2026,,,,,,,,,,,,
96188930,INSPEKSI TIER 1 SEGMEN TG.BALTAR.00074-TG.BALTAR.00103,INST1,ULP.32770,4690861,32770.INSPEKSI3,ULP.32770,WFCOMP,ULP TANETE,,21/04/2026,,BAIK,P_BONTO BULAENG,25/06/2026,,,TND,Apr,UP3 BULUKUMBA,JTM,INSP,"1,50",,2026,,,,,,,,,,,,
96189509,INSPEKSI TIER 1 SEGMEN TG.BALTAR.00103-TG.BALTAR.00103.L0059,INST1,ULP.32770,4690862,32770.INSPEKSI3,ULP.32770,WFCOMP,ULP TANETE,,21/04/2026,,BAIK,P_BONTO BULAENG,25/06/2026,,,TND,Apr,UP3 BULUKUMBA,JTM,INSP,"3,20",,2026,,,,,,,,,,,,
96189826,INSPEKSI TIER 1 SEGMEN TG.BALTAR.00103-TG.BALTAR.00105,INST1,ULP.32770,4690863,32770.INSPEKSI3,ULP.32770,COMP,ULP TANETE,,21/04/2026,,BAIK,P_BONTO BULAENG,19/06/2026,,,TND,Apr,UP3 BULUKUMBA,JTM,INSP,"0,10",,2026,,,,,,,,,,,,
96191747,INSPEKSI TIER 1 SEGMEN TG.BALTAR.00105-TG.BALTAR.00105.R0070,INST1,ULP.32770,4690864,32770.INSPEKSI3,ULP.32770,WFCOMP,ULP TANETE,,21/04/2026,,BAIK,P_BONTO BULAENG,25/06/2026,,,TND,Apr,UP3 BULUKUMBA,JTM,INSP,"3,80",,2026,,,,,,,,,,,,
96191902,INSPEKSI TIER 1 SEGMEN TG.BALTAR.00105-TG.BALTAR.00135,INST1,ULP.32770,4690865,32770.INSPEKSI3,ULP.32770,WFCOMP,ULP TANETE,,21/04/2026,,BAIK,P_BONTO BULAENG,25/06/2026,,,TND,Apr,UP3 BULUKUMBA,JTM,INSP,"1,85",,2026,,,,,,,,,,,,
96191983,INSPEKSI TIER 1 SEGMEN TG.BALTAR.00135-TG.BALTAR.00135.R0032,INST1,ULP.32770,4690866,32770.INSPEKSI3,ULP.32770,COMP,ULP TANETE,,21/04/2026,,CUKUP,P_BONTO BULAENG,23/04/2026,,,TND,Apr,UP3 BULUKUMBA,JTM,INSP,"1,60",,2026,,,,,,,,,,,,
96192079,INSPEKSI TIER 1 SEGMEN TG.BALTAR.00135-TG.BALTAR.00175,INST1,ULP.32770,4690867,32770.INSPEKSI3,ULP.32770,WFOLLOWUP,ULP TANETE,,21/04/2026,4/29/26 6:58 PM,BURUK,P_BONTO BULAENG,29/04/2026,,,TND,Apr,UP3 BULUKUMBA,JTM,INSP,"1,90",,2026,,,,,,,,,,,,
96192173,INSPEKSI TIER 1 SEGMEN TG.BALTAR.00175-TG.BALTAR.00175.L0012,INST1,ULP.32770,4690868,32770.INSPEKSI3,ULP.32770,COMP,ULP TANETE,,21/04/2026,,BAIK,P_BONTO BULAENG,19/06/2026,,,TND,Apr,UP3 BULUKUMBA,JTM,INSP,"0,45",,2026,,,,,,,,,,,,
96192239,INSPEKSI TIER 1 BT50001,INST1,GD01.06300484,,32770.INSPEKSI1,ULP.32770,COMP,ULP TANETE,,21/04/2026,,KURANG,P_BINTARORE,08/05/2026,,,TND,Apr,UP3 BULUKUMBA,GD,INSP,"0,00",,2026,,,,,,,,,,,,
96192288,INSPEKSI TIER 1 BT50002,INST1,GD01.06300485,,32770.INSPEKSI1,ULP.32770,COMP,ULP TANETE,,21/04/2026,,KURANG,P_BINTARORE,23/04/2026,,,TND,Apr,UP3 BULUKUMBA,GD,INSP,"0,00",,2026,,,,,,,,,,,,
96192358,INSPEKSI TIER 1 BT50003,INST1,GD01.06300486,,32770.INSPEKSI1,ULP.32770,COMP,ULP TANETE,,21/04/2026,,KURANG,P_BINTARORE,23/04/2026,,,TND,Apr,UP3 BULUKUMBA,GD,INSP,"0,00",,2026,,,,,,,,,,,,
96192437,INSPEKSI TIER 1 BT50005,INST1,GD01.06300488,,32770.INSPEKSI1,ULP.32770,WFCOMP,ULP TANETE,,21/04/2026,,KURANG,P_BINTARORE,27/08/2026,,,TND,Apr,UP3 BULUKUMBA,GD,INSP,"0,00",,2026,,,,,,,,,,,,
96192527,SEGMEN LBS.SALODUA-TG.BALTAR.00074,INST1,GD01.06300490,,32770.INSPEKSI1,ULP.32770,COMP,ULP TANETE,,21/04/2026,,KURANG,P_BINTARORE,27/04/2026,,,TND,Apr,UP3 BULUKUMBA,GD,INSP,"0,00",,2026,,,,,,,,,,,,
96192605,INSPEKSI TIER 1 BT50015,INST1,GD01.06300498,,32770.INSPEKSI1,ULP.32770,COMP,ULP TANETE,,21/04/2026,,KURANG,P_BINTARORE,23/04/2026,,,TND,Apr,UP3 BULUKUMBA,GD,INSP,"0,00",,2026,,,,,,,,,,,,
96192669,INSPEKSI TIER 1 BT50023,INST1,GD01.06300506,,32770.INSPEKSI1,ULP.32770,WFCOMP,ULP TANETE,,21/04/2026,,KURANG,P_BINTARORE,29/06/2026,,,TND,Apr,UP3 BULUKUMBA,GD,INSP,"0,00",,2026,,,,,,,,,,,,
96192744,INSPEKSI TIER 1 BT50025,INST1,GD01.06300508,,32770.INSPEKSI1,ULP.32770,COMP,ULP TANETE,,21/04/2026,,KURANG,P_BINTARORE,23/04/2026,,,TND,Apr,UP3 BULUKUMBA,GD,INSP,"0,00",,2026,,,,,,,,,,,,
96192836,INSPEKSI TIER 1 BT50026,INST1,GD01.06300509,,32770.INSPEKSI1,ULP.32770,COMP,ULP TANETE,,21/04/2026,,KURANG,P_BINTARORE,23/04/2026,,,TND,Apr,UP3 BULUKUMBA,GD,INSP,"0,00",,2026,,,,,,,,,,,,
96192962,INSPEKSI TIER 1 BT50028,INST1,GD01.06300511,,32770.INSPEKSI1,ULP.32770,WFCOMP,ULP TANETE,,21/04/2026,,KURANG,P_BINTARORE,27/08/2026,,,TND,Apr,UP3 BULUKUMBA,GD,INSP,"0,00",,2026,,,,,,,,,,,,
96193081,INSPEKSI TIER 1 BT50029,INST1,GD01.06300513,,32770.INSPEKSI1,ULP.32770,COMP,ULP TANETE,,21/04/2026,,KURANG,P_BINTARORE,23/04/2026,,,TND,Apr,UP3 BULUKUMBA,GD,INSP,"0,00",,2026,,,,,,,,,,,,
96200309,INSPEKSI TIER 1 BJ10004,INST1,GD01.06301436,,32730.INSPEKSI1,ULP.32730,COMP,ULP JENEPONTO,,21/04/2026,,KURANG,P_TOLO,27/04/2026,,,TND,Apr,UP3 BULUKUMBA,GD,INSP,"0,00",,2026,,,,,,,,,,,,
96200460,INSPEKSI TIER 1 BJ10005,INST1,GD01.06301437,,32730.INSPEKSI1,ULP.32730,COMP,ULP JENEPONTO,,21/04/2026,,KURANG,P_TOLO,27/04/2026,,,TND,Apr,UP3 BULUKUMBA,GD,INSP,"0,00",,2026,,,,,,,,,,,,
96200574,INSPEKSI TIER 1 BJ10006,INST1,GD01.06301438,,32730.INSPEKSI1,ULP.32730,COMP,ULP JENEPONTO,,21/04/2026,,,P_TOLO,12/06/2026,,,TND,Apr,UP3 BULUKUMBA,GD,INSP,"0,00",,2026,,,,,,,,,,,,
96200865,INSPEKSI TIER 1 BJ10007,INST1,GD01.06301439,,32730.INSPEKSI1,ULP.32730,COMP,ULP JENEPONTO,,21/04/2026,,KURANG,P_TOLO,27/04/2026,,,TND,Apr,UP3 BULUKUMBA,GD,INSP,"0,00",,2026,,,,,,,,,,,,
96200943,INSPEKSI TIER 1 BJ10008,INST1,GD01.06301440,,32730.INSPEKSI1,ULP.32730,COMP,ULP JENEPONTO,,21/04/2026,,KURANG,P_TOLO,27/04/2026,,,TND,Apr,UP3 BULUKUMBA,GD,INSP,"0,00",,2026,,,,,,,,,,,,
96200986,INSPEKSI TIER 1 BJ10012,INST1,GD01.06301444,,32730.INSPEKSI1,ULP.32730,COMP,ULP JENEPONTO,,21/04/2026,,KURANG,P_TOLO,27/04/2026,,,TND,Apr,UP3 BULUKUMBA,GD,INSP,"0,00",,2026,,,,,,,,,,,,
96201113,INSPEKSI TIER 1 BJ10013,INST1,GD01.06301445,,32730.INSPEKSI1,ULP.32730,COMP,ULP JENEPONTO,,21/04/2026,,KURANG,P_TOLO,27/04/2026,,,TND,Apr,UP3 BULUKUMBA,GD,INSP,"0,00",,2026,,,,,,,,,,,,
96201245,INSPEKSI TIER 1 BJ10020,INST1,GD01.06301452,,32730.INSPEKSI1,ULP.32730,COMP,ULP JENEPONTO,,21/04/2026,,KURANG,P_TOLO,27/04/2026,,,TND,Apr,UP3 BULUKUMBA,GD,INSP,"0,00",,2026,,,,,,,,,,,,
96201415,INSPEKSI TIER 1 BJ10021,INST1,GD01.06301453,,32730.INSPEKSI1,ULP.32730,COMP,ULP JENEPONTO,,21/04/2026,,KURANG,P_TOLO,27/04/2026,,,TND,Apr,UP3 BULUKUMBA,GD,INSP,"0,00",,2026,,,,,,,,,,,,
96201545,INSPEKSI TIER 1 BJ10030,INST1,GD01.06301462,,32730.INSPEKSI1,ULP.32730,COMP,ULP JENEPONTO,,21/04/2026,,KURANG,P_TOLO,27/04/2026,,,TND,Apr,UP3 BULUKUMBA,GD,INSP,"0,00",,2026,,,,,,,,,,,,
96201671,INSPEKSI TIER 1 BJ10043,INST1,GD01.06301475,,32730.INSPEKSI1,ULP.32730,COMP,ULP JENEPONTO,,21/04/2026,,CUKUP,P_TOLO,27/04/2026,,,TND,Apr,UP3 BULUKUMBA,GD,INSP,"0,00",,2026,,,,,,,,,,,,
96201873,INSPEKSI TIER 1 BJ10044,INST1,GD01.06301476,,32730.INSPEKSI1,ULP.32730,COMP,ULP JENEPONTO,,21/04/2026,,KURANG,P_TOLO,27/04/2026,,,TND,Apr,UP3 BULUKUMBA,GD,INSP,"0,00",,2026,,,,,,,,,,,,
96201978,INSPEKSI TIER 1 BJ10048,INST1,GD01.06301480,,32730.INSPEKSI1,ULP.32730,COMP,ULP JENEPONTO,,21/04/2026,,CUKUP,P_TOLO,27/04/2026,,,TND,Apr,UP3 BULUKUMBA,GD,INSP,"0,00",,2026,,,,,,,,,,,,
96202083,INSPEKSI TIER 1 BJ10049,INST1,GD01.19602620,,32730.INSPEKSI1,ULP.32730,COMP,ULP JENEPONTO,,21/04/2026,,CUKUP,P_TOLO,27/04/2026,,,TND,Apr,UP3 BULUKUMBA,GD,INSP,"0,00",,2026,,,,,,,,,,,,
96208890,INSPEKSI TIER 1 BJ10050,INST1,GD01.19602624,,32730.INSPEKSI1,ULP.32730,COMP,ULP JENEPONTO,,21/04/2026,,KURANG,P_TOLO,27/04/2026,,,TND,Apr,UP3 BULUKUMBA,GD,INSP,"0,00",,2026,,,,,,,,,,,,
96209199,INSPEKSI TIER 1 BJ10003,INST1,GD01.19602626,,32730.INSPEKSI1,ULP.32730,COMP,ULP JENEPONTO,,21/04/2026,,KURANG,P_TOLO,27/04/2026,,,TND,Apr,UP3 BULUKUMBA,GD,INSP,"0,00",,2026,,,,,,,,,,,,
96209377,INSPEKSI TIER 1 BJ52053 SISIP,INST1,GD01.06302583,,32730.INSPEKSI1,ULP.32730,COMP,ULP JENEPONTO,,21/04/2026,,,P_TOLO,27/04/2026,,,TND,Apr,UP3 BULUKUMBA,GD,INSP,"0,00",,2026,,,,,,,,,,,,
96209489,INSPEKSI TIER 1 BJ10047,INST1,GD01.06301479,,32730.INSPEKSI1,ULP.32730,COMP,ULP JENEPONTO,,21/04/2026,,KURANG,P_TOLO,27/04/2026,,,TND,Apr,UP3 BULUKUMBA,GD,INSP,"0,00",,2026,,,,,,,,,,,,
96209643,INSPEKSI TIER 1 BJ10046,INST1,GD01.06301478,,32730.INSPEKSI1,ULP.32730,COMP,ULP JENEPONTO,,21/04/2026,,KURANG,P_TOLO,27/04/2026,,,TND,Apr,UP3 BULUKUMBA,GD,INSP,"0,00",,2026,,,,,,,,,,,,
96209900,INSPEKSI TIER 1 BJ10045,INST1,GD01.06301477,,32730.INSPEKSI1,ULP.32730,COMP,ULP JENEPONTO,,21/04/2026,,KURANG,P_TOLO,27/04/2026,,,TND,Apr,UP3 BULUKUMBA,GD,INSP,"0,00",,2026,,,,,,,,,,,,
96210078,INSPEKSI TIER 1 BJ10042,INST1,GD01.06301474,,32730.INSPEKSI1,ULP.32730,COMP,ULP JENEPONTO,,21/04/2026,,KURANG,P_TOLO,27/04/2026,,,TND,Apr,UP3 BULUKUMBA,GD,INSP,"0,00",,2026,,,,,,,,,,,,
96210258,INSPEKSI TIER 1 BJ10041,INST1,GD01.06301473,,32730.INSPEKSI1,ULP.32730,COMP,ULP JENEPONTO,,21/04/2026,,KURANG,P_TOLO,27/04/2026,,,TND,Apr,UP3 BULUKUMBA,GD,INSP,"0,00",,2026,,,,,,,,,,,,
96210408,INSPEKSI TIER 1 BJ10040,INST1,GD01.06301472,,32730.INSPEKSI1,ULP.32730,COMP,ULP JENEPONTO,,21/04/2026,,KURANG,P_TOLO,27/04/2026,,,TND,Apr,UP3 BULUKUMBA,GD,INSP,"0,00",,2026,,,,,,,,,,,,
96210520,INSPEKSI TIER 1 BJ10039,INST1,GD01.06301471,,32730.INSPEKSI1,ULP.32730,COMP,ULP JENEPONTO,,21/04/2026,,KURANG,P_TOLO,27/04/2026,,,TND,Apr,UP3 BULUKUMBA,GD,INSP,"0,00",,2026,,,,,,,,,,,,
96210710,INSPEKSI TIER 1 BJ10038,INST1,GD01.06301470,,32730.INSPEKSI1,ULP.32730,COMP,ULP JENEPONTO,,21/04/2026,,KURANG,P_TOLO,27/04/2026,,,TND,Apr,UP3 BULUKUMBA,GD,INSP,"0,00",,2026,,,,,,,,,,,,
96210841,INSPEKSI TIER 1 BJ10037,INST1,GD01.06301469,,32730.INSPEKSI1,ULP.32730,COMP,ULP JENEPONTO,,21/04/2026,,KURANG,P_TOLO,27/04/2026,,,TND,Apr,UP3 BULUKUMBA,GD,INSP,"0,00",,2026,,,,,,,,,,,,
96210917,INSPEKSI TIER 1 BJ10036,INST1,GD01.06301468,,32730.INSPEKSI1,ULP.32730,COMP,ULP JENEPONTO,,21/04/2026,,KURANG,P_TOLO,27/04/2026,,,TND,Apr,UP3 BULUKUMBA,GD,INSP,"0,00",,2026,,,,,,,,,,,,
96210979,INSPEKSI TIER 1 BJ10035,INST1,GD01.06301467,,32730.INSPEKSI1,ULP.32730,COMP,ULP JENEPONTO,,21/04/2026,,KURANG,P_TOLO,24/06/2026,,,TND,Apr,UP3 BULUKUMBA,GD,INSP,"0,00",,2026,,,,,,,,,,,,
96211150,INSPEKSI TIER 1 BJ10034,INST1,GD01.06301466,,32730.INSPEKSI1,ULP.32730,COMP,ULP JENEPONTO,,21/04/2026,,KURANG,P_TOLO,27/04/2026,,,TND,Apr,UP3 BULUKUMBA,GD,INSP,"0,00",,2026,,,,,,,,,,,,
96253630,INSPEKSI TIER 1 SEGMEN TG.TARING.00122.R0045-TG.TARING.00122.R0045.L0002,INST1,ULP.32730,173620,32730.INSPEKSI2,ULP.32730,COMP,ULP JENEPONTO,,21/04/2026,,BAIK,P_TOLO,19/06/2026,,,TND,Apr,UP3 BULUKUMBA,JTM,INSP,"0,10",,2026,,,,,,,,,,,,
96253658,INSPEKSI TIER 1 SEGMEN TG.ARUNGKEKE.00393.L0155-TG.ARUNGKEKE.00393.L0155.L0010,INST1,ULP.32730,22260583,32730.INSPEKSI2,ULP.32730,COMP,ULP JENEPONTO,,21/04/2026,,BAIK,P_ARUNGKEKE,19/06/2026,,,TND,Apr,UP3 BULUKUMBA,JTM,INSP,"0,50",,2026,,,,,,,,,,,,
96253669,INSPEKSI TIER 1 SEGMEN TG.BANTAENG.00253.L0110.R0069-TG.BANTAENG.00253.L0110.R0069.R0006,INST1,ULP.32730,22260586,32730.INSPEKSI2,ULP.32730,COMP,ULP JENEPONTO,,21/04/2026,,BAIK,P_BATANG,19/06/2026,,,TND,Apr,UP3 BULUKUMBA,JTM,INSP,"0,30",,2026,,,,,,,,,,,,
96253688,INSPEKSI TIER 1 SEGMEN TG.JENTAK.00007-TG.JENTAK.00007.L0003,INST1,ULP.32730,22260594,32730.INSPEKSI2,ULP.32730,COMP,ULP JENEPONTO,,21/04/2026,,BAIK,P_JENTAK,19/06/2026,,,TND,Apr,UP3 BULUKUMBA,JTM,INSP,"0,15",,2026,,,,,,,,,,,,
96253704,INSPEKSI TIER 1 SEGMEN TG.MKAJI.00001-TG.MKAJI.00001.R0007,INST1,ULP.32730,22260610,32730.INSPEKSI2,ULP.32730,COMP,ULP JENEPONTO,,21/04/2026,,BAIK,P_TOLO,19/06/2026,,,TND,Apr,UP3 BULUKUMBA,JTM,INSP,"0,35",,2026,,,,,,,,,,,,
96253722,INSPEKSI TIER 1 SEGMEN TG.PKARISA.00122-TG.PKARISA.00122.L0004,INST1,ULP.32730,22260615,32730.INSPEKSI2,ULP.32730,COMP,ULP JENEPONTO,,21/04/2026,,BAIK,P_PASAR KARISA,27/04/2026,,,TND,Apr,UP3 BULUKUMBA,JTM,INSP,"0,20",,2026,,,,,,,,,,,,
96253746,INSPEKSI TIER 1 SEGMEN TG.PUNGGAWA.00001-TG.PUNGGAWA.00001.L0007,INST1,ULP.32730,22260623,32730.INSPEKSI2,ULP.32730,WFCOMP,ULP JENEPONTO,,21/04/2026,,BAIK,P_PUNGGAWA,24/06/2026,,,TND,Apr,UP3 BULUKUMBA,JTM,INSP,"0,35",,2026,,,,,,,,,,,,
96253768,INSPEKSI TIER 1 SEGMEN TG.PAHLAWAN.00082.L0010-TG.PAHLAWAN.00082.L0013,INST1,ULP.32730,22260642,32730.INSPEKSI2,ULP.32730,COMP,ULP JENEPONTO,,21/04/2026,,BAIK,P_BINAMU,19/06/2026,,,TND,Apr,UP3 BULUKUMBA,JTM,INSP,"0,15",,2026,,,,,,,,,,,,
96253808,INSPEKSI TIER 1 SEGMEN TG.ARUNGKEKE.00001-TG.ARUNGKEKE.00006,INST1,ULP.32730,4691103,32730.INSPEKSI2,ULP.32730,COMP,ULP JENEPONTO,,21/04/2026,,BAIK,P_ARUNGKEKE,27/04/2026,,,TND,Apr,UP3 BULUKUMBA,JTM,INSP,"0,30",,2026,,,,,,,,,,,,
96254461,INSPEKSI TIER 1 BJ10009,INST1,GD01.06301441,,32730.INSPEKSI2,ULP.32730,COMP,ULP JENEPONTO,,21/04/2026,,KURANG,P_TOLO,26/06/2026,,,TND,Apr,UP3 BULUKUMBA,GD,INSP,"0,00",,2026,,,,,,,,,,,,
96254476,INSPEKSI TIER 1 BJ10010,INST1,GD01.06301442,,32730.INSPEKSI2,ULP.32730,COMP,ULP JENEPONTO,,21/04/2026,,KURANG,P_TOLO,27/04/2026,,,TND,Apr,UP3 BULUKUMBA,GD,INSP,"0,00",,2026,,,,,,,,,,,,
96254489,INSPEKSI TIER 1 BJ10011,INST1,GD01.06301443,,32730.INSPEKSI2,ULP.32730,COMP,ULP JENEPONTO,,21/04/2026,,KURANG,P_TOLO,26/06/2026,,,TND,Apr,UP3 BULUKUMBA,GD,INSP,"0,00",,2026,,,,,,,,,,,,
96254510,INSPEKSI TIER 1 BJ10014,INST1,GD01.06301446,,32730.INSPEKSI2,ULP.32730,COMP,ULP JENEPONTO,,21/04/2026,,KURANG,P_TOLO,27/04/2026,,,TND,Apr,UP3 BULUKUMBA,GD,INSP,"0,00",,2026,,,,,,,,,,,,
96254537,INSPEKSI TIER 1 BJ10015,INST1,GD01.06301447,,32730.INSPEKSI2,ULP.32730,COMP,ULP JENEPONTO,,21/04/2026,,KURANG,P_TOLO,27/04/2026,,,TND,Apr,UP3 BULUKUMBA,GD,INSP,"0,00",,2026,,,,,,,,,,,,
96254550,INSPEKSI TIER 1 BJ10016,INST1,GD01.06301448,,32730.INSPEKSI2,ULP.32730,COMP,ULP JENEPONTO,,21/04/2026,,KURANG,P_TOLO,27/04/2026,,,TND,Apr,UP3 BULUKUMBA,GD,INSP,"0,00",,2026,,,,,,,,,,,,
96254568,INSPEKSI TIER 1 BJ10017,INST1,GD01.06301449,,32730.INSPEKSI2,ULP.32730,COMP,ULP JENEPONTO,,21/04/2026,,KURANG,P_TOLO,27/04/2026,,,TND,Apr,UP3 BULUKUMBA,GD,INSP,"0,00",,2026,,,,,,,,,,,,
96254588,INSPEKSI TIER 1 BJ10018,INST1,GD01.06301450,,32730.INSPEKSI2,ULP.32730,COMP,ULP JENEPONTO,,21/04/2026,,KURANG,P_TOLO,27/04/2026,,,TND,Apr,UP3 BULUKUMBA,GD,INSP,"0,00",,2026,,,,,,,,,,,,
96254601,INSPEKSI TIER 1 BJ10019,INST1,GD01.06301451,,32730.INSPEKSI2,ULP.32730,COMP,ULP JENEPONTO,,21/04/2026,,KURANG,P_TOLO,27/04/2026,,,TND,Apr,UP3 BULUKUMBA,GD,INSP,"0,00",,2026,,,,,,,,,,,,
96254622,INSPEKSI TIER 1 BJ10022,INST1,GD01.06301454,,32730.INSPEKSI2,ULP.32730,COMP,ULP JENEPONTO,,21/04/2026,,KURANG,P_TOLO,26/06/2026,,,TND,Apr,UP3 BULUKUMBA,GD,INSP,"0,00",,2026,,,,,,,,,,,,
96254652,INSPEKSI TIER 1 BJ10023,INST1,GD01.06301455,,32730.INSPEKSI2,ULP.32730,COMP,ULP JENEPONTO,,21/04/2026,,KURANG,P_TOLO,27/04/2026,,,TND,Apr,UP3 BULUKUMBA,GD,INSP,"0,00",,2026,,,,,,,,,,,,
96254675,INSPEKSI TIER 1 BJ10024,INST1,GD01.06301456,,32730.INSPEKSI2,ULP.32730,COMP,ULP JENEPONTO,,21/04/2026,,KURANG,P_TOLO,27/04/2026,,,TND,Apr,UP3 BULUKUMBA,GD,INSP,"0,00",,2026,,,,,,,,,,,,
96254697,INSPEKSI TIER 1 BJ10025,INST1,GD01.06301457,,32730.INSPEKSI2,ULP.32730,COMP,ULP JENEPONTO,,21/04/2026,,KURANG,P_TOLO,27/04/2026,,,TND,Apr,UP3 BULUKUMBA,GD,INSP,"0,00",,2026,,,,,,,,,,,,
96254711,INSPEKSI TIER 1 BJ10026,INST1,GD01.06301458,,32730.INSPEKSI2,ULP.32730,COMP,ULP JENEPONTO,,21/04/2026,,KURANG,P_TOLO,27/04/2026,,,TND,Apr,UP3 BULUKUMBA,GD,INSP,"0,00",,2026,,,,,,,,,,,,
96254729,INSPEKSI TIER 1 BJ10027,INST1,GD01.06301459,,32730.INSPEKSI2,ULP.32730,COMP,ULP JENEPONTO,,21/04/2026,,KURANG,P_TOLO,27/04/2026,,,TND,Apr,UP3 BULUKUMBA,GD,INSP,"0,00",,2026,,,,,,,,,,,,
96254743,INSPEKSI TIER 1 BJ10028,INST1,GD01.06301460,,32730.INSPEKSI2,ULP.32730,COMP,ULP JENEPONTO,,21/04/2026,,KURANG,P_TOLO,27/04/2026,,,TND,Apr,UP3 BULUKUMBA,GD,INSP,"0,00",,2026,,,,,,,,,,,,
96254756,INSPEKSI TIER 1 BJ10029,INST1,GD01.06301461,,32730.INSPEKSI2,ULP.32730,COMP,ULP JENEPONTO,,21/04/2026,,KURANG,P_TOLO,27/04/2026,,,TND,Apr,UP3 BULUKUMBA,GD,INSP,"0,00",,2026,,,,,,,,,,,,
96254769,INSPEKSI TIER 1 BJ10031,INST1,GD01.06301463,,32730.INSPEKSI2,ULP.32730,COMP,ULP JENEPONTO,,21/04/2026,,KURANG,P_TOLO,27/04/2026,,,TND,Apr,UP3 BULUKUMBA,GD,INSP,"0,00",,2026,,,,,,,,,,,,
96254780,INSPEKSI TIER 1 BJ10032,INST1,GD01.06301464,,32730.INSPEKSI2,ULP.32730,COMP,ULP JENEPONTO,,21/04/2026,,KURANG,P_TOLO,27/04/2026,,,TND,Apr,UP3 BULUKUMBA,GD,INSP,"0,00",,2026,,,,,,,,,,,,
96254817,INSPEKSI TIER 1 BJ10033,INST1,GD01.06301465,,32730.INSPEKSI2,ULP.32730,COMP,ULP JENEPONTO,,21/04/2026,,CUKUP,P_TOLO,27/04/2026,,,TND,Apr,UP3 BULUKUMBA,GD,INSP,"0,00",,2026,,,,,,,,,,,,
96271567,Perbaikan/Pergantian INSPEKSI TIER 1 SEGMEN TG.KALUMPANG.00201.R0126-TG.KALUMPANG.00201.R0151,INST1,ULP.32720,22260595,32720.INSPEKSI3,ULP.32720,COMP,ULP KALUMPANG,,22/04/2026,,BAIK,P_SAPOLOHE,11/06/2026,,95555076,TND,Apr,UP3 BULUKUMBA,JTM,TL,"1,25",,2026,,,,,,,,,,,,
96380899,Perbaikan/Pergantian INSPEKSI TIER 1 BT50005,INST1,GD01.06300488,,32770.INSPEKSI1,ULP.32770,COMP,ULP TANETE,,23/04/2026,,KURANG,P_BINTARORE,27/08/2026,,96192437,TND,Apr,UP3 BULUKUMBA,GD,TL,"0,00",,2026,,,,,,,,,,,,
96380915,Perbaikan/Pergantian INSPEKSI TIER 1 BT50023,INST1,GD01.06300506,,32770.INSPEKSI1,ULP.32770,COMP,ULP TANETE,,23/04/2026,,KURANG,P_BINTARORE,29/06/2026,,96192669,TND,Apr,UP3 BULUKUMBA,GD,TL,"0,00",,2026,,,,,,,,,,,,
96380924,Perbaikan/Pergantian INSPEKSI TIER 1 BT50028,INST1,GD01.06300511,,32770.INSPEKSI1,ULP.32770,COMP,ULP TANETE,,23/04/2026,,KURANG,P_BINTARORE,27/08/2026,,96192962,TND,Apr,UP3 BULUKUMBA,GD,TL,"0,00",,2026,,,,,,,,,,,,
96407069,Perbaikan/Pergantian INSPEKSI TIER 1 SEGMEN TG. TABANG.00137-TG.TABANG.00189,INST1,ULP.32750,4690791,32750.INSPEKSI2,ULP.32750,COMP,ULP SELAYAR,,24/04/2026,,BAIK,P_TIELINE SELAYAR 1,24/04/2026,,95545602,TND,Apr,UP3 BULUKUMBA,JTM,TL,"2,60",,2026,,,,,,,,,,,,
96407254,Perbaikan/Pergantian INSPEKSI TIER 1 SEGMEN TG. TABANG.00030-TG.TABANG.00112,INST1,ULP.32750,4690787,32750.INSPEKSI2,ULP.32750,COMP,ULP SELAYAR,,24/04/2026,,BAIK,P_TIELINE SELAYAR 1,27/04/2026,,95545359,TND,Apr,UP3 BULUKUMBA,JTM,TL,"4,10",,2026,,,,,,,,,,,,
96444724,Perbaikan/Pergantian INSPEKSI TIER 1 BL55680,INST1,GD01.06301711,,32710.INSPEKSI3,ULP.32710,COMP,ULP PANRITA LOPI,,27/04/2026,,KURANG,P_MATTEKO,15/06/2026,,95523711,TND,Apr,UP3 BULUKUMBA,GD,TL,"0,00",,2026,,,,,,,,,,,,
96444852,Perbaikan/Pergantian INSPEKSI TIER 1 BL55683,INST1,GD01.06301714,,32710.INSPEKSI3,ULP.32710,WOREJECT,ULP PANRITA LOPI,,27/04/2026,,BURUK,P_MATTEKO,15/06/2026,,95524622,TND,Apr,UP3 BULUKUMBA,GD,TL,"0,00",,2026,,,,,,,,,,,,
96445141,Perbaikan/Pergantian INSPEKSI TIER 1 BL55689,INST1,GD01.06301720,,32710.INSPEKSI3,ULP.32710,COMP,ULP PANRITA LOPI,,27/04/2026,,KURANG,P_MATTEKO,15/06/2026,,95526047,TND,Apr,UP3 BULUKUMBA,GD,TL,"0,00",,2026,,,,,,,,,,,,
96445371,Perbaikan/Pergantian INSPEKSI TIER 1 BL55693,INST1,GD01.06301725,,32710.INSPEKSI3,ULP.32710,COMP,ULP PANRITA LOPI,,27/04/2026,,CUKUP,P_MATTEKO,15/06/2026,,95527086,TND,Apr,UP3 BULUKUMBA,GD,TL,"0,00",,2026,,,,,,,,,,,,
96445546,Perbaikan/Pergantian INSPEKSI TIER 1 BL55698,INST1,GD01.06301731,,32710.INSPEKSI3,ULP.32710,WOREJECT,ULP PANRITA LOPI,,27/04/2026,,BURUK,P_MATTEKO,15/06/2026,,95530042,TND,Apr,UP3 BULUKUMBA,GD,TL,"0,00",,2026,,,,,,,,,,,,
96445642,Perbaikan/Pergantian INSPEKSI TIER 1 BL55710,INST1,GD01.06301738,,32710.INSPEKSI3,ULP.32710,COMP,ULP PANRITA LOPI,,27/04/2026,,KURANG,P_MATTEKO,15/06/2026,,95530847,TND,Apr,UP3 BULUKUMBA,GD,TL,"0,00",,2026,,,,,,,,,,,,
96457848,Perbaikan/Pergantian INSPEKSI TIER 1 SEGMEN TG.BLOE.00193.R0274-TG.BLOE.00193.R0294,INST1,ULP.32730,4691147,32730.INSPEKSI3,ULP.32730,COMP,ULP JENEPONTO,,27/04/2026,,BAIK,P_PASAR KARISA,23/06/2026,,95553912,TND,Apr,UP3 BULUKUMBA,JTM,TL,"0,75",,2026,,,,,,,,,,,,
96457865,Perbaikan/Pergantian INSPEKSI TIER 1 SEGMEN TG.BLOE.00193.R0294-TG.BLOE.00193.R0294.L0015,INST1,ULP.32730,4691148,32730.INSPEKSI3,ULP.32730,COMP,ULP JENEPONTO,,27/04/2026,,BAIK,P_PASAR KARISA,23/06/2026,,95553936,TND,Apr,UP3 BULUKUMBA,JTM,TL,"0,75",,2026,,,,,,,,,,,,
96499158,INSPEKSI TIER 1 SEGMEN TG.LAPPA.00111.R0001-TG.LAPPA.00111.R0041.R00014,INST1,ULP.32760,4691804,32760.INSPEKSI3,ULP.32760,WFOLLOWUP,ULP SINJAI,,28/04/2026,,BURUK,P_LAPPA,02/05/2026,,,TND,Apr,UP3 BULUKUMBA,JTM,INSP,"0,70",,2026,,,,,,,,,,,,
96499218,INSPEKSI TIER 1 SEGMEN TG.LAPPA.00111.R0014-TG.LAPPA.00111.R0014.L00041,INST1,ULP.32760,4691805,32760.INSPEKSI3,ULP.32760,WFOLLOWUP,ULP SINJAI,,28/04/2026,,BURUK,P_LAPPA,05/05/2026,,,TND,Apr,UP3 BULUKUMBA,JTM,INSP,"2,05",,2026,,,,,,,,,,,,
96499293,INSPEKSI TIER 1 SEGMEN TG.LAPPA.00111.R0014-TG.LAPPA.00111.R0027,INST1,ULP.32760,4691806,32760.INSPEKSI3,ULP.32760,COMP,ULP SINJAI,,28/04/2026,,BAIK,P_LAPPA,02/05/2026,,,TND,Apr,UP3 BULUKUMBA,JTM,INSP,"0,65",,2026,,,,,,,,,,,,
96499324,INSPEKSI TIER 1 SEGMEN TG.LAPPA.00111.R0014-TG.LAPPA.00111.R0041.R00023,INST1,ULP.32760,4691807,32760.INSPEKSI3,ULP.32760,COMP,ULP SINJAI,,28/04/2026,,BAIK,P_LAPPA,02/05/2026,,,TND,Apr,UP3 BULUKUMBA,JTM,INSP,"0,45",,2026,,,,,,,,,,,,
96499357,INSPEKSI TIER 1 SEGMEN TG.LAPPA.00111.R0023-TG.LAPPA.00111.R0041.R00061,INST1,ULP.32760,4691808,32760.INSPEKSI3,ULP.32760,COMP,ULP SINJAI,,28/04/2026,,BAIK,P_LAPPA,03/05/2026,,,TND,Apr,UP3 BULUKUMBA,JTM,INSP,"1,90",,2026,,,,,,,,,,,,
96499605,INSPEKSI TIER 1 SEGMEN TG.LAPPA.00111.R0027-TG.LAPPA.00111.R0046,INST1,ULP.32760,4691809,32760.INSPEKSI3,ULP.32760,COMP,ULP SINJAI,,28/04/2026,,BAIK,P_LAPPA,02/05/2026,,,TND,Apr,UP3 BULUKUMBA,JTM,INSP,"1,00",,2026,,,,,,,,,,,,
96499853,INSPEKSI TIER 1 SEGMEN TG.LAPPA.00111.R0041-TG.LAPPA.00111.R0041.R00061.L00012,INST1,ULP.32760,4691810,32760.INSPEKSI3,ULP.32760,COMP,ULP SINJAI,,28/04/2026,,BAIK,P_LAPPA,02/05/2026,,,TND,Apr,UP3 BULUKUMBA,JTM,INSP,"0,60",,2026,,,,,,,,,,,,
96499973,INSPEKSI TIER 1 SEGMEN TG.LAPPA.00111.R0041-TG.LAPPA.00111.R0041.R0061.R0010,INST1,ULP.32760,4691811,32760.INSPEKSI3,ULP.32760,COMP,ULP SINJAI,,28/04/2026,,BAIK,P_LAPPA,02/05/2026,,,TND,Apr,UP3 BULUKUMBA,JTM,INSP,"0,50",,2026,,,,,,,,,,,,
96500072,INSPEKSI TIER 1 SEGMEN TG.LAPPA.00111.R0046-TG.LAPPA.00111.R0046.L00011,INST1,ULP.32760,4691812,32760.INSPEKSI3,ULP.32760,COMP,ULP SINJAI,,28/04/2026,,BAIK,P_LAPPA,03/05/2026,,,TND,Apr,UP3 BULUKUMBA,JTM,INSP,"0,55",,2026,,,,,,,,,,,,
96500084,INSPEKSI TIER 1 SEGMEN TG.LAPPA.00111.R0046-TG.LAPPA.00111.R0054,INST1,ULP.32760,4691813,32760.INSPEKSI3,ULP.32760,COMP,ULP SINJAI,,28/04/2026,,BAIK,P_LAPPA,03/05/2026,,,TND,Apr,UP3 BULUKUMBA,JTM,INSP,"0,40",,2026,,,,,,,,,,,,
96500107,INSPEKSI TIER 1 SEGMEN TG.LAPPA.00111.R0054.R0013-TG.LAPPA.00111.R0054.R0019,INST1,ULP.32760,4691814,32760.INSPEKSI3,ULP.32760,COMP,ULP SINJAI,,28/04/2026,,BAIK,P_LAPPA,04/05/2026,,,TND,Apr,UP3 BULUKUMBA,JTM,INSP,"0,30",,2026,,,,,,,,,,,,
96500132,INSPEKSI TIER 1 SEGMEN TG.LAPPA.00111.R0054-TG.LAPPA.00111.R0054.L0002,INST1,ULP.32760,4691816,32760.INSPEKSI3,ULP.32760,COMP,ULP SINJAI,,28/04/2026,,BAIK,P_LAPPA,03/05/2026,,,TND,Apr,UP3 BULUKUMBA,JTM,INSP,"0,10",,2026,,,,,,,,,,,,
96500151,INSPEKSI TIER 1 SEGMEN TG.LAPPA.00111.R0054-TG.LAPPA.00111.R0082,INST1,ULP.32760,4691817,32760.INSPEKSI3,ULP.32760,COMP,ULP SINJAI,,28/04/2026,,BAIK,P_LAPPA,05/05/2026,,,TND,Apr,UP3 BULUKUMBA,JTM,INSP,"1,40",,2026,,,,,,,,,,,,
96500203,INSPEKSI TIER 1 SEGMEN TG.LAPPA.00111.R0082-TG.LAPPA.00111.R0086,INST1,ULP.32760,4691818,32760.INSPEKSI3,ULP.32760,COMP,ULP SINJAI,,28/04/2026,,BAIK,P_LAPPA,03/05/2026,,,TND,Apr,UP3 BULUKUMBA,JTM,INSP,"0,20",,2026,,,,,,,,,,,,
96500214,INSPEKSI TIER 1 SEGMEN TG.LAPPA.00111.R0086-TG.LAPPA.00111.R0096,INST1,ULP.32760,4691819,32760.INSPEKSI3,ULP.32760,COMP,ULP SINJAI,,28/04/2026,,BAIK,P_LAPPA,04/05/2026,,,TND,Apr,UP3 BULUKUMBA,JTM,INSP,"0,50",,2026,,,,,,,,,,,,
96500240,INSPEKSI TIER 1 SEGMEN TG.LAPPA.00111.R0096-TG.LAPPA.00111.R00146,INST1,ULP.32760,4691820,32760.INSPEKSI3,ULP.32760,COMP,ULP SINJAI,,28/04/2026,,KURANG,P_LAPPA,08/05/2026,,,TND,Apr,UP3 BULUKUMBA,JTM,INSP,"2,50",,2026,,,,,,,,,,,,
96500306,INSPEKSI TIER 1 SEGMEN TG.LAPPA.00111.R0096-TG.LAPPA.00111.R0096.R0007,INST1,ULP.32760,4691821,32760.INSPEKSI3,ULP.32760,COMP,ULP SINJAI,,28/04/2026,,BAIK,P_LAPPA,04/05/2026,,,TND,Apr,UP3 BULUKUMBA,JTM,INSP,"0,35",,2026,,,,,,,,,,,,
96500323,INSPEKSI TIER 1 SEGMEN TG.LAPPA.00111-TG.LAPPA.00111.R00014,INST1,ULP.32760,4691822,32760.INSPEKSI3,ULP.32760,COMP,ULP SINJAI,,28/04/2026,,KURANG,P_LAPPA,02/05/2026,,,TND,Apr,UP3 BULUKUMBA,JTM,INSP,"0,70",,2026,,,,,,,,,,,,
96500351,INSPEKSI TIER 1 SEGMEN TG.LAPPA.00127.R0010-TG.LAPPA.00127.R0010.R0003,INST1,ULP.32760,4691823,32760.INSPEKSI3,ULP.32760,COMP,ULP SINJAI,,28/04/2026,,BAIK,P_LAPPA,30/04/2026,,,TND,Apr,UP3 BULUKUMBA,JTM,INSP,"0,15",,2026,,,,,,,,,,,,
96500366,INSPEKSI TIER 1 SEGMEN TG.LAPPA.00127.R0010-TG.LAPPA.00127.R0012,INST1,ULP.32760,4691824,32760.INSPEKSI3,ULP.32760,COMP,ULP SINJAI,,28/04/2026,,BAIK,P_LAPPA,30/04/2026,,,TND,Apr,UP3 BULUKUMBA,JTM,INSP,"0,10",,2026,,,,,,,,,,,,
96500381,INSPEKSI TIER 1 SEGMEN TG.LAPPA.00127.R0012-TG.LAPPA.00127.R0012.L0007,INST1,ULP.32760,4691825,32760.INSPEKSI3,ULP.32760,COMP,ULP SINJAI,,28/04/2026,,BAIK,P_LAPPA,30/04/2026,,,TND,Apr,UP3 BULUKUMBA,JTM,INSP,"0,35",,2026,,,,,,,,,,,,
96500399,INSPEKSI TIER 1 SEGMEN TG.LAPPA.00127.R0012-TG.LAPPA.00127.R0017,INST1,ULP.32760,4691826,32760.INSPEKSI3,ULP.32760,COMP,ULP SINJAI,,28/04/2026,,BAIK,P_LAPPA,25/08/2026,,,TND,Apr,UP3 BULUKUMBA,JTM,INSP,"0,25",,2026,,,,,,,,,,,,
96500420,INSPEKSI TIER 1 SEGMEN TG.LAPPA.00127.R0017-TG.LAPPA.00127.R0017.L0004,INST1,ULP.32760,4691827,32760.INSPEKSI3,ULP.32760,COMP,ULP SINJAI,,28/04/2026,,BAIK,P_LAPPA,30/04/2026,,,TND,Apr,UP3 BULUKUMBA,JTM,INSP,"0,20",,2026,,,,,,,,,,,,
96500514,INSPEKSI TIER 1 SEGMEN TG.LAPPA.00127.R0017-TG.LAPPA.00127.R0023,INST1,ULP.32760,4691828,32760.INSPEKSI3,ULP.32760,WFOLLOWUP,ULP SINJAI,,28/04/2026,,BURUK,P_LAPPA,30/04/2026,,,TND,Apr,UP3 BULUKUMBA,JTM,INSP,"0,30",,2026,,,,,,,,,,,,
96500693,INSPEKSI TIER 1 SEGMEN TG.LAPPA.00127.R0023-TG.LAPPA.00127.R0023.R0014,INST1,ULP.32760,4691829,32760.INSPEKSI3,ULP.32760,COMP,ULP SINJAI,,28/04/2026,,BAIK,P_LAPPA,30/04/2026,,,TND,Apr,UP3 BULUKUMBA,JTM,INSP,"0,70",,2026,,,,,,,,,,,,
96500772,INSPEKSI TIER 1 SEGMEN TG.LAPPA.00127.R0023-TG.LAPPA.00127.R0046,INST1,ULP.32760,4691830,32760.INSPEKSI3,ULP.32760,COMP,ULP SINJAI,,28/04/2026,,BAIK,P_LAPPA,30/04/2026,,,TND,Apr,UP3 BULUKUMBA,JTM,INSP,"1,15",,2026,,,,,,,,,,,,
96500897,INSPEKSI TIER 1 SEGMEN TG.LAPPA.00127.R0046-TG.LAPPA.00127.R0046.R0004,INST1,ULP.32760,4691831,32760.INSPEKSI3,ULP.32760,WFCOMP,ULP SINJAI,,28/04/2026,,BAIK,P_LAPPA,21/08/2026,,,TND,Apr,UP3 BULUKUMBA,JTM,INSP,"0,20",,2026,,,,,,,,,,,,
96501074,INSPEKSI TIER 1 SEGMEN TG.LAPPA.00127.R0046-TG.LAPPA.00127.R0051,INST1,ULP.32760,4691832,32760.INSPEKSI3,ULP.32760,COMP,ULP SINJAI,,28/04/2026,,BAIK,P_LAPPA,30/04/2026,,,TND,Apr,UP3 BULUKUMBA,JTM,INSP,"0,25",,2026,,,,,,,,,,,,
96501118,INSPEKSI TIER 1 SEGMEN TG.LAPPA.00127-TG.LAPPA.00127.R0010,INST1,ULP.32760,4691833,32760.INSPEKSI3,ULP.32760,COMP,ULP SINJAI,,28/04/2026,,BAIK,P_LAPPA,02/05/2026,,,TND,Apr,UP3 BULUKUMBA,JTM,INSP,"0,50",,2026,,,,,,,,,,,,
96501129,INSPEKSI TIER 1 SEGMEN TG.LAPPA.00134-TG.LAPPA.00134.R0002.L0003,INST1,ULP.32760,4691834,32760.INSPEKSI3,ULP.32760,COMP,ULP SINJAI,,28/04/2026,,BAIK,P_LAPPA,02/05/2026,,,TND,Apr,UP3 BULUKUMBA,JTM,INSP,"0,15",,2026,,,,,,,,,,,,
96501133,INSPEKSI TIER 1 SEGMEN TG.LAPPA.00134-TG.LAPPA.00134.R0010,INST1,ULP.32760,4691835,32760.INSPEKSI3,ULP.32760,COMP,ULP SINJAI,,28/04/2026,,BAIK,P_LAPPA,02/05/2026,,,TND,Apr,UP3 BULUKUMBA,JTM,INSP,"0,40",,2026,,,,,,,,,,,,
96501142,INSPEKSI TIER 1 SEGMEN TG.LAPPA.00134-TG.LAPPA.00134.R002,INST1,ULP.32760,4691836,32760.INSPEKSI3,ULP.32760,COMP,ULP SINJAI,,28/04/2026,,BAIK,P_LAPPA,02/05/2026,,,TND,Apr,UP3 BULUKUMBA,JTM,INSP,"0,10",,2026,,,,,,,,,,,,
96501150,INSPEKSI TIER 1 SEGMEN TG.LAPPA.00134-TG.LAPPA.00148,INST1,ULP.32760,4691837,32760.INSPEKSI3,ULP.32760,COMP,ULP SINJAI,,28/04/2026,,BAIK,P_LAPPA,02/05/2026,,,TND,Apr,UP3 BULUKUMBA,JTM,INSP,"0,70",,2026,,,,,,,,,,,,
96501165,INSPEKSI TIER 1 SEGMEN TG.LAPPA.00148-TG.LAPPA.00148.R0034,INST1,ULP.32760,4691838,32760.INSPEKSI3,ULP.32760,COMP,ULP SINJAI,,28/04/2026,,BAIK,P_LAPPA,30/04/2026,,,TND,Apr,UP3 BULUKUMBA,JTM,INSP,"1,70",,2026,,,,,,,,,,,,
96501201,INSPEKSI TIER 1 BS07084,INST1,GD01.19602635,,32760.INSPEKSI2,ULP.32760,COMP,ULP SINJAI,,28/04/2026,,KURANG,P_LAPPA,10/05/2026,,,TND,Apr,UP3 BULUKUMBA,GD,INSP,"0,00",,2026,,,,,,,,,,,,
96501213,INSPEKSI TIER 1 BS07052,INST1,GD01.19602639,,32760.INSPEKSI2,ULP.32760,COMP,ULP SINJAI,,28/04/2026,,KURANG,P_LAPPA,10/05/2026,,,TND,Apr,UP3 BULUKUMBA,GD,INSP,"0,00",,2026,,,,,,,,,,,,
96501224,INSPEKSI TIER 1 BS07002,INST1,GD01.06302439,,32760.INSPEKSI2,ULP.32760,COMP,ULP SINJAI,,28/04/2026,,CUKUP,P_LAPPA,08/05/2026,,,TND,Apr,UP3 BULUKUMBA,GD,INSP,"0,00",,2026,,,,,,,,,,,,
96501235,INSPEKSI TIER 1 BS07004,INST1,GD01.06302441,,32760.INSPEKSI2,ULP.32760,COMP,ULP SINJAI,,28/04/2026,,KURANG,P_LAPPA,08/05/2026,,,TND,Apr,UP3 BULUKUMBA,GD,INSP,"0,00",,2026,,,,,,,,,,,,
96501250,INSPEKSI TIER 1 BS07005,INST1,GD01.06302442,,32760.INSPEKSI2,ULP.32760,COMP,ULP SINJAI,,28/04/2026,,KURANG,P_LAPPA,08/05/2026,,,TND,Apr,UP3 BULUKUMBA,GD,INSP,"0,00",,2026,,,,,,,,,,,,
96501264,INSPEKSI TIER 1 BS07007,INST1,GD01.06302444,,32760.INSPEKSI2,ULP.32760,COMP,ULP SINJAI,,28/04/2026,,KURANG,P_LAPPA,08/05/2026,,,TND,Apr,UP3 BULUKUMBA,GD,INSP,"0,00",,2026,,,,,,,,,,,,
96501277,INSPEKSI TIER 1 BS07010,INST1,GD01.06302447,,32760.INSPEKSI2,ULP.32760,COMP,ULP SINJAI,,28/04/2026,,CUKUP,P_LAPPA,08/05/2026,,,TND,Apr,UP3 BULUKUMBA,GD,INSP,"0,00",,2026,,,,,,,,,,,,
96501294,INSPEKSI TIER 1 BS07015,INST1,GD01.06302452,,32760.INSPEKSI2,ULP.32760,COMP,ULP SINJAI,,28/04/2026,,KURANG,P_LAPPA,10/05/2026,,,TND,Apr,UP3 BULUKUMBA,GD,INSP,"0,00",,2026,,,,,,,,,,,,
96501315,INSPEKSI TIER 1 BS07022,INST1,GD01.06302461,,32760.INSPEKSI2,ULP.32760,COMP,ULP SINJAI,,28/04/2026,,CUKUP,P_LAPPA,08/05/2026,,,TND,Apr,UP3 BULUKUMBA,GD,INSP,"0,00",,2026,,,,,,,,,,,,
96501336,INSPEKSI TIER 1 BS07024,INST1,GD01.06302463,,32760.INSPEKSI2,ULP.32760,COMP,ULP SINJAI,,28/04/2026,,KURANG,P_LAPPA,08/05/2026,,,TND,Apr,UP3 BULUKUMBA,GD,INSP,"0,00",,2026,,,,,,,,,,,,
96501350,INSPEKSI TIER 1 BS07025,INST1,GD01.06302464,,32760.INSPEKSI2,ULP.32760,COMP,ULP SINJAI,,28/04/2026,,KURANG,P_LAPPA,08/05/2026,,,TND,Apr,UP3 BULUKUMBA,GD,INSP,"0,00",,2026,,,,,,,,,,,,
96501376,INSPEKSI TIER 1 BS07029,INST1,GD01.06302468,,32760.INSPEKSI2,ULP.32760,COMP,ULP SINJAI,,28/04/2026,,KURANG,P_LAPPA,08/05/2026,,,TND,Apr,UP3 BULUKUMBA,GD,INSP,"0,00",,2026,,,,,,,,,,,,
96501391,INSPEKSI TIER 1 BS07030,INST1,GD01.06302469,,32760.INSPEKSI2,ULP.32760,COMP,ULP SINJAI,,28/04/2026,,CUKUP,P_LAPPA,08/05/2026,,,TND,Apr,UP3 BULUKUMBA,GD,INSP,"0,00",,2026,,,,,,,,,,,,
96501414,INSPEKSI TIER 1 BS07031,INST1,GD01.06302470,,32760.INSPEKSI2,ULP.32760,COMP,ULP SINJAI,,28/04/2026,,KURANG,P_LAPPA,08/05/2026,,,TND,Apr,UP3 BULUKUMBA,GD,INSP,"0,00",,2026,,,,,,,,,,,,
96501436,INSPEKSI TIER 1 BS07081,INST1,GD01.06302477,,32760.INSPEKSI2,ULP.32760,COMP,ULP SINJAI,,28/04/2026,,KURANG,P_LAPPA,08/05/2026,,,TND,Apr,UP3 BULUKUMBA,GD,INSP,"0,00",,2026,,,,,,,,,,,,
96501462,INSPEKSI TIER 1 BS07078,INST1,GD01.06302485,,32760.INSPEKSI2,ULP.32760,COMP,ULP SINJAI,,28/04/2026,,KURANG,P_LAPPA,10/05/2026,,,TND,Apr,UP3 BULUKUMBA,GD,INSP,"0,00",,2026,,,,,,,,,,,,
96501497,INSPEKSI TIER 1 BS07044,INST1,GD01.06302486,,32760.INSPEKSI2,ULP.32760,COMP,ULP SINJAI,,28/04/2026,,KURANG,P_LAPPA,10/05/2026,,,TND,Apr,UP3 BULUKUMBA,GD,INSP,"0,00",,2026,,,,,,,,,,,,
96501520,INSPEKSI TIER 1 BS07048,INST1,GD01.06302490,,32760.INSPEKSI2,ULP.32760,COMP,ULP SINJAI,,28/04/2026,,KURANG,P_LAPPA,10/05/2026,,,TND,Apr,UP3 BULUKUMBA,GD,INSP,"0,00",,2026,,,,,,,,,,,,
96501539,INSPEKSI TIER 1 BS07056,INST1,GD01.06302497,,32760.INSPEKSI2,ULP.32760,COMP,ULP SINJAI,,28/04/2026,,KURANG,P_LAPPA,10/05/2026,,,TND,Apr,UP3 BULUKUMBA,GD,INSP,"0,00",,2026,,,,,,,,,,,,
96501558,INSPEKSI TIER 1 BS07059,INST1,GD01.06302500,,32760.INSPEKSI2,ULP.32760,COMP,ULP SINJAI,,28/04/2026,,KURANG,P_LAPPA,10/05/2026,,,TND,Apr,UP3 BULUKUMBA,GD,INSP,"0,00",,2026,,,,,,,,,,,,
96501574,INSPEKSI TIER 1 TRAFO SISIPAN,INST1,GD01.06302502,,32760.INSPEKSI2,ULP.32760,COMP,ULP SINJAI,,28/04/2026,,KURANG,P_LAPPA,10/05/2026,,,TND,Apr,UP3 BULUKUMBA,GD,INSP,"0,00",,2026,,,,,,,,,,,,
96501585,INSPEKSI TIER 1 BS07062,INST1,GD01.06302503,,32760.INSPEKSI2,ULP.32760,WFOLLOWUP,ULP SINJAI,,28/04/2026,,BURUK,P_LAPPA,10/05/2026,,,TND,Apr,UP3 BULUKUMBA,GD,INSP,"0,00",,2026,,,,,,,,,,,,
96501607,INSPEKSI TIER 1 BS07063,INST1,GD01.06302504,,32760.INSPEKSI2,ULP.32760,COMP,ULP SINJAI,,28/04/2026,,KURANG,P_LAPPA,10/05/2026,,,TND,Apr,UP3 BULUKUMBA,GD,INSP,"0,00",,2026,,,,,,,,,,,,
96501676,INSPEKSI TIER 1 BS07071,INST1,GD01.06302513,,32760.INSPEKSI2,ULP.32760,COMP,ULP SINJAI,,28/04/2026,,KURANG,P_LAPPA,10/05/2026,,,TND,Apr,UP3 BULUKUMBA,GD,INSP,"0,00",,2026,,,,,,,,,,,,
96501758,INSPEKSI TIER 1 BS07072,INST1,GD01.06302514,,32760.INSPEKSI2,ULP.32760,COMP,ULP SINJAI,,28/04/2026,,KURANG,P_LAPPA,08/05/2026,,,TND,Apr,UP3 BULUKUMBA,GD,INSP,"0,00",,2026,,,,,,,,,,,,
96501834,INSPEKSI TIER 1 BS07075,INST1,GD01.06302517,,32760.INSPEKSI2,ULP.32760,COMP,ULP SINJAI,,28/04/2026,,KURANG,P_LAPPA,08/05/2026,,,TND,Apr,UP3 BULUKUMBA,GD,INSP,"0,00",,2026,,,,,,,,,,,,
96505746,INSPEKSI TIER 1 BR66007,INST1,GD01.06301488,,32750.INSPEKSI1,ULP.32750,COMP,ULP SELAYAR,,29/04/2026,,KURANG,P_TIELINE SELAYAR 1,29/04/2026,,,TND,Apr,UP3 BULUKUMBA,GD,INSP,"0,00",,2026,,,,,,,,,,,,
96505829,INSPEKSI TIER 1 BR66010,INST1,GD01.06301491,,32750.INSPEKSI1,ULP.32750,COMP,ULP SELAYAR,,29/04/2026,,KURANG,P_TIELINE SELAYAR 1,29/04/2026,,,TND,Apr,UP3 BULUKUMBA,GD,INSP,"0,00",,2026,,,,,,,,,,,,
96505917,INSPEKSI TIER 1 BR00000,INST1,GD01.06301497,,32750.INSPEKSI1,ULP.32750,COMP,ULP SELAYAR,,29/04/2026,,KURANG,P_TIELINE SELAYAR 1,29/04/2026,,,TND,Apr,UP3 BULUKUMBA,GD,INSP,"0,00",,2026,,,,,,,,,,,,
96505965,INSPEKSI TIER 1 BR66015,INST1,GD01.06301498,,32750.INSPEKSI1,ULP.32750,COMP,ULP SELAYAR,,29/04/2026,,KURANG,P_TIELINE SELAYAR 1,29/04/2026,,,TND,Apr,UP3 BULUKUMBA,GD,INSP,"0,00",,2026,,,,,,,,,,,,
96506012,INSPEKSI TIER 1 BR70036,INST1,GD01.06301487,,32750.INSPEKSI1,ULP.32750,COMP,ULP SELAYAR,,29/04/2026,,KURANG,P_TIELINE SELAYAR 1,07/08/2026,,,TND,Apr,UP3 BULUKUMBA,GD,INSP,"0,00",,2026,,,,,,,,,,,,
96506034,INSPEKSI TIER 1 BR66009,INST1,GD01.06301489,,32750.INSPEKSI1,ULP.32750,COMP,ULP SELAYAR,,29/04/2026,,KURANG,P_TIELINE SELAYAR 1,29/04/2026,,,TND,Apr,UP3 BULUKUMBA,GD,INSP,"0,00",,2026,,,,,,,,,,,,
96506078,INSPEKSI TIER 1 BR66011,INST1,GD01.06301492,,32750.INSPEKSI1,ULP.32750,COMP,ULP SELAYAR,,29/04/2026,,KURANG,P_TIELINE SELAYAR 1,29/04/2026,,,TND,Apr,UP3 BULUKUMBA,GD,INSP,"0,00",,2026,,,,,,,,,,,,
96507888,INSPEKSI TIER 1 BK56012,INST1,GD01.06300729,,32720.INSPEKSI3,ULP.32720,COMP,ULP KALUMPANG,,29/04/2026,,KURANG,P_SAPOLOHE,04/05/2026,,,TND,Apr,UP3 BULUKUMBA,GD,INSP,"0,00",,2026,,,,,,,,,,,,
96507936,INSPEKSI TIER 1 BK56035,INST1,GD01.06300757,,32720.INSPEKSI3,ULP.32720,COMP,ULP KALUMPANG,,29/04/2026,,KURANG,P_SAPOLOHE,30/04/2026,,,TND,Apr,UP3 BULUKUMBA,GD,INSP,"0,00",,2026,,,,,,,,,,,,
96507984,INSPEKSI TIER 1 BK56036,INST1,GD01.06300758,,32720.INSPEKSI3,ULP.32720,COMP,ULP KALUMPANG,,29/04/2026,,KURANG,P_SAPOLOHE,30/04/2026,,,TND,Apr,UP3 BULUKUMBA,GD,INSP,"0,00",,2026,,,,,,,,,,,,
96508007,INSPEKSI TIER 1 BK56039,INST1,GD01.06300759,,32720.INSPEKSI3,ULP.32720,COMP,ULP KALUMPANG,,29/04/2026,,KURANG,P_SAPOLOHE,30/04/2026,,,TND,Apr,UP3 BULUKUMBA,GD,INSP,"0,00",,2026,,,,,,,,,,,,
96508041,INSPEKSI TIER 1 BK56002,INST1,GD01.06300717,,32720.INSPEKSI3,ULP.32720,COMP,ULP KALUMPANG,,29/04/2026,,KURANG,P_SAPOLOHE,04/05/2026,,,TND,Apr,UP3 BULUKUMBA,GD,INSP,"0,00",,2026,,,,,,,,,,,,
96508067,INSPEKSI TIER 1 BK56003,INST1,GD01.06300718,,32720.INSPEKSI3,ULP.32720,COMP,ULP KALUMPANG,,29/04/2026,,KURANG,P_SAPOLOHE,04/05/2026,,,TND,Apr,UP3 BULUKUMBA,GD,INSP,"0,00",,2026,,,,,,,,,,,,
96508724,INSPEKSI TIER 1 BK56005,INST1,GD01.06300720,,32720.INSPEKSI3,ULP.32720,WFCOMP,ULP KALUMPANG,,29/04/2026,,KURANG,P_SAPOLOHE,04/06/2026,,,TND,Apr,UP3 BULUKUMBA,GD,INSP,"0,00",,2026,,,,,,,,,,,,
96508851,INSPEKSI TIER 1 BK56006,INST1,GD01.06300721,,32720.INSPEKSI3,ULP.32720,WFOLLOWUP,ULP KALUMPANG,,29/04/2026,,BURUK,P_SAPOLOHE,04/05/2026,,,TND,Apr,UP3 BULUKUMBA,GD,INSP,"0,00",,2026,,,,,,,,,,,,
96509000,INSPEKSI TIER 1 BK56041,INST1,GD01.06300731,,32720.INSPEKSI3,ULP.32720,WFOLLOWUP,ULP KALUMPANG,,29/04/2026,,BURUK,P_SAPOLOHE,04/05/2026,,,TND,Apr,UP3 BULUKUMBA,GD,INSP,"0,00",,2026,,,,,,,,,,,,
96509043,INSPEKSI TIER 1 BK56042,INST1,GD01.06300732,,32720.INSPEKSI3,ULP.32720,WFOLLOWUP,ULP KALUMPANG,,29/04/2026,,BURUK,P_SAPOLOHE,04/05/2026,,,TND,Apr,UP3 BULUKUMBA,GD,INSP,"0,00",,2026,,,,,,,,,,,,
96509127,INSPEKSI TIER 1 BK56014,INST1,GD01.06300734,,32720.INSPEKSI3,ULP.32720,COMP,ULP KALUMPANG,,29/04/2026,,KURANG,P_SAPOLOHE,30/04/2026,,,TND,Apr,UP3 BULUKUMBA,GD,INSP,"0,00",,2026,,,,,,,,,,,,
96509186,INSPEKSI TIER 1 BK56015,INST1,GD01.06300735,,32720.INSPEKSI3,ULP.32720,WFCOMP,ULP KALUMPANG,,29/04/2026,,KURANG,P_SAPOLOHE,19/08/2026,,,TND,Apr,UP3 BULUKUMBA,GD,INSP,"0,00",,2026,,,,,,,,,,,,
96509229,INSPEKSI TIER 1 BK56016,INST1,GD01.06300736,,32720.INSPEKSI3,ULP.32720,WFCOMP,ULP KALUMPANG,,29/04/2026,,KURANG,P_SAPOLOHE,19/08/2026,,,TND,Apr,UP3 BULUKUMBA,GD,INSP,"0,00",,2026,,,,,,,,,,,,
96509289,INSPEKSI TIER 1 BK56017,INST1,GD01.06300737,,32720.INSPEKSI3,ULP.32720,WFCOMP,ULP KALUMPANG,,29/04/2026,,KURANG,P_SAPOLOHE,19/08/2026,,,TND,Apr,UP3 BULUKUMBA,GD,INSP,"0,00",,2026,,,,,,,,,,,,
96509316,INSPEKSI TIER 1 BK56037,INST1,GD01.06300749,,32720.INSPEKSI3,ULP.32720,WFOLLOWUP,ULP KALUMPANG,,29/04/2026,,BURUK,P_SAPOLOHE,04/05/2026,,,TND,Apr,UP3 BULUKUMBA,GD,INSP,"0,00",,2026,,,,,,,,,,,,
96509379,INSPEKSI TIER 1 BK56029,INST1,GD01.06300750,,32720.INSPEKSI3,ULP.32720,COMP,ULP KALUMPANG,,29/04/2026,,KURANG,P_SAPOLOHE,30/04/2026,,,TND,Apr,UP3 BULUKUMBA,GD,INSP,"0,00",,2026,,,,,,,,,,,,
96509427,INSPEKSI TIER 1 BK56040,INST1,GD01.06300753,,32720.INSPEKSI3,ULP.32720,COMP,ULP KALUMPANG,,29/04/2026,,KURANG,P_SAPOLOHE,04/05/2026,,,TND,Apr,UP3 BULUKUMBA,GD,INSP,"0,00",,2026,,,,,,,,,,,,
96509529,INSPEKSI TIER 1 BK56040,INST1,GD01.06300753,,32720.INSPEKSI3,ULP.32720,COMP,ULP KALUMPANG,,29/04/2026,,KURANG,P_SAPOLOHE,30/04/2026,,,TND,Apr,UP3 BULUKUMBA,GD,INSP,"0,00",,2026,,,,,,,,,,,,
96509599,INSPEKSI TIER 1 BK56045,INST1,GD01.19602611,,32720.INSPEKSI3,ULP.32720,COMP,ULP KALUMPANG,,29/04/2026,,KURANG,P_SAPOLOHE,30/04/2026,,,TND,Apr,UP3 BULUKUMBA,GD,INSP,"0,00",,2026,,,,,,,,,,,,
96510432,INSPEKSI TIER 1 BK56043,INST1,GD01.06300733,,32720.INSPEKSI3,ULP.32720,COMP,ULP KALUMPANG,,29/04/2026,,KURANG,P_SAPOLOHE,04/05/2026,,,TND,Apr,UP3 BULUKUMBA,GD,INSP,"0,00",,2026,,,,,,,,,,,,
96511223,INSPEKSI TIER 1 SEGMEN TG.BHALANG.00001-TG.BHALANG.00005,INST1,ULP.32750,4690714,32750.INSPEKSI3,ULP.32750,COMP,ULP SELAYAR,,29/04/2026,,BAIK,P_TIELINE SELAYAR 1,29/04/2026,,,TND,Apr,UP3 BULUKUMBA,JTM,INSP,"0,25",,2026,,,,,,,,,,,,
96511304,INSPEKSI TIER 1 TG.BHALANG.00005-TG.BHALANG.00005.R0003,INST1,ULP.32750,4690715,32750.INSPEKSI3,ULP.32750,COMP,ULP SELAYAR,,29/04/2026,,BAIK,P_TIELINE SELAYAR 1,29/04/2026,,,TND,Apr,UP3 BULUKUMBA,JTM,INSP,"0,15",,2026,,,,,,,,,,,,
96511384,TG.BHALANG.00005-TG.BHALANG.00009,INST1,ULP.32750,4690716,32750.INSPEKSI3,ULP.32750,COMP,ULP SELAYAR,,29/04/2026,,BAIK,P_TIELINE SELAYAR 1,29/04/2026,,,TND,Apr,UP3 BULUKUMBA,JTM,INSP,"0,20",,2026,,,,,,,,,,,,
96511409,TG.BHALANG.00009-TG.BHALANG.00009.R0019,INST1,ULP.32750,4690717,32750.INSPEKSI3,ULP.32750,COMP,ULP SELAYAR,,29/04/2026,,CUKUP,P_TIELINE SELAYAR 1,29/04/2026,,,TND,Apr,UP3 BULUKUMBA,JTM,INSP,"0,95",,2026,,,,,,,,,,,,
96511483,TG.BHALANG.00009-TG.BHALANG.00015,INST1,ULP.32750,4690718,32750.INSPEKSI3,ULP.32750,COMP,ULP SELAYAR,,29/04/2026,,BAIK,P_TIELINE SELAYAR 1,29/04/2026,,,TND,Apr,UP3 BULUKUMBA,JTM,INSP,"0,30",,2026,,,,,,,,,,,,
96511571,TG.BHALANG.00015-TG.BHALANG.00025,INST1,ULP.32750,4690720,32750.INSPEKSI3,ULP.32750,COMP,ULP SELAYAR,,29/04/2026,,BAIK,P_TIELINE SELAYAR 1,29/04/2026,,,TND,Apr,UP3 BULUKUMBA,JTM,INSP,"0,50",,2026,,,,,,,,,,,,
96511618,TG.BHALANG.00025-TG.BHALANG.00025.R0012,INST1,ULP.32750,4690721,32750.INSPEKSI3,ULP.32750,COMP,ULP SELAYAR,,29/04/2026,,BAIK,P_TIELINE SELAYAR 1,29/04/2026,,,TND,Apr,UP3 BULUKUMBA,JTM,INSP,"0,60",,2026,,,,,,,,,,,,
96511688,TG.BHALANG.00025-TG.BHALANG.00032,INST1,ULP.32750,4690722,32750.INSPEKSI3,ULP.32750,COMP,ULP SELAYAR,,29/04/2026,,BAIK,P_TIELINE SELAYAR 1,29/04/2026,,,TND,Apr,UP3 BULUKUMBA,JTM,INSP,"0,35",,2026,,,,,,,,,,,,
96511994,TG.BHALANG.00015-TG.BHALANG.00015.L0002,INST1,ULP.32750,4690719,32750.INSPEKSI3,ULP.32750,COMP,ULP SELAYAR,,29/04/2026,,CUKUP,P_TIELINE SELAYAR 1,29/04/2026,,,TND,Apr,UP3 BULUKUMBA,JTM,INSP,"0,10",,2026,,,,,,,,,,,,
96512437,INSPEKSI TIER 1 BJ74537,INST1,GD01.06301132,,32730.INSPEKSI1,ULP.32730,COMP,ULP JENEPONTO,,29/04/2026,,KURANG,P_JENTAK,05/05/2026,,,TND,Apr,UP3 BULUKUMBA,GD,INSP,"0,00",,2026,,,,,,,,,,,,
96512476,INSPEKSI TIER 1 BJ74538,INST1,GD01.06301133,,32730.INSPEKSI1,ULP.32730,COMP,ULP JENEPONTO,,29/04/2026,,KURANG,P_JENTAK,05/05/2026,,,TND,Apr,UP3 BULUKUMBA,GD,INSP,"0,00",,2026,,,,,,,,,,,,
96512571,INSPEKSI TIER 1 BJ74540,INST1,GD01.06301135,,32730.INSPEKSI1,ULP.32730,COMP,ULP JENEPONTO,,29/04/2026,,KURANG,P_JENTAK,05/05/2026,,,TND,Apr,UP3 BULUKUMBA,GD,INSP,"0,00",,2026,,,,,,,,,,,,
96512614,INSPEKSI TIER 1 BJ74541,INST1,GD01.06301136,,32730.INSPEKSI1,ULP.32730,COMP,ULP JENEPONTO,,29/04/2026,,KURANG,P_JENTAK,05/05/2026,,,TND,Apr,UP3 BULUKUMBA,GD,INSP,"0,00",,2026,,,,,,,,,,,,
96512652,INSPEKSI TIER 1 BJ74542,INST1,GD01.06301137,,32730.INSPEKSI1,ULP.32730,COMP,ULP JENEPONTO,,29/04/2026,,KURANG,P_JENTAK,05/05/2026,,,TND,Apr,UP3 BULUKUMBA,GD,INSP,"0,00",,2026,,,,,,,,,,,,
96512868,INSPEKSI TIER 1 BJ74543,INST1,GD01.06301138,,32730.INSPEKSI1,ULP.32730,COMP,ULP JENEPONTO,,29/04/2026,,CUKUP,P_JENTAK,24/06/2026,,,TND,Apr,UP3 BULUKUMBA,GD,INSP,"0,00",,2026,,,,,,,,,,,,
96512940,INSPEKSI TIER 1 BJ74544,INST1,GD01.06301139,,32730.INSPEKSI1,ULP.32730,COMP,ULP JENEPONTO,,29/04/2026,,KURANG,P_JENTAK,05/05/2026,,,TND,Apr,UP3 BULUKUMBA,GD,INSP,"0,00",,2026,,,,,,,,,,,,
96512973,INSPEKSI TIER 1 BJ74545,INST1,GD01.06301140,,32730.INSPEKSI1,ULP.32730,COMP,ULP JENEPONTO,,29/04/2026,,KURANG,P_JENTAK,05/05/2026,,,TND,Apr,UP3 BULUKUMBA,GD,INSP,"0,00",,2026,,,,,,,,,,,,
96513021,INSPEKSI TIER 1 BJ74546,INST1,GD01.06301141,,32730.INSPEKSI1,ULP.32730,COMP,ULP JENEPONTO,,29/04/2026,,KURANG,P_JENTAK,05/05/2026,,,TND,Apr,UP3 BULUKUMBA,GD,INSP,"0,00",,2026,,,,,,,,,,,,
96513052,INSPEKSI TIER 1 BJ74550,INST1,GD01.06301145,,32730.INSPEKSI1,ULP.32730,COMP,ULP JENEPONTO,,29/04/2026,,KURANG,P_JENTAK,05/05/2026,,,TND,Apr,UP3 BULUKUMBA,GD,INSP,"0,00",,2026,,,,,,,,,,,,
96513118,INSPEKSI TIER 1 BJ74551,INST1,GD01.06301146,,32730.INSPEKSI1,ULP.32730,COMP,ULP JENEPONTO,,29/04/2026,,KURANG,P_JENTAK,05/05/2026,,,TND,Apr,UP3 BULUKUMBA,GD,INSP,"0,00",,2026,,,,,,,,,,,,
96513155,INSPEKSI TIER 1 BJ16000,INST1,GD01.06301156,,32730.INSPEKSI1,ULP.32730,COMP,ULP JENEPONTO,,29/04/2026,,KURANG,P_JENTAK,24/06/2026,,,TND,Apr,UP3 BULUKUMBA,GD,INSP,"0,00",,2026,,,,,,,,,,,,
96513588,INSPEKSI TIER 1 BJ16001,INST1,GD01.06301157,,32730.INSPEKSI1,ULP.32730,COMP,ULP JENEPONTO,,29/04/2026,,KURANG,P_JENTAK,05/05/2026,,,TND,Apr,UP3 BULUKUMBA,GD,INSP,"0,00",,2026,,,,,,,,,,,,
96513632,INSPEKSI TIER 1 BJ16002,INST1,GD01.06301158,,32730.INSPEKSI1,ULP.32730,COMP,ULP JENEPONTO,,29/04/2026,,KURANG,P_JENTAK,05/05/2026,,,TND,Apr,UP3 BULUKUMBA,GD,INSP,"0,00",,2026,,,,,,,,,,,,
96513684,INSPEKSI TIER 1 BJ16003,INST1,GD01.06301159,,32730.INSPEKSI1,ULP.32730,COMP,ULP JENEPONTO,,29/04/2026,,KURANG,P_JENTAK,05/05/2026,,,TND,Apr,UP3 BULUKUMBA,GD,INSP,"0,00",,2026,,,,,,,,,,,,
96513796,INSPEKSI TIER 1 BJ74539,INST1,GD01.06301134,,32730.INSPEKSI1,ULP.32730,COMP,ULP JENEPONTO,,29/04/2026,,KURANG,P_JENTAK,05/05/2026,,,TND,Apr,UP3 BULUKUMBA,GD,INSP,"0,00",,2026,,,,,,,,,,,,
96513854,INSPEKSI TIER 1 BJ74547,INST1,GD01.06301142,,32730.INSPEKSI1,ULP.32730,COMP,ULP JENEPONTO,,29/04/2026,,KURANG,P_JENTAK,05/05/2026,,,TND,Apr,UP3 BULUKUMBA,GD,INSP,"0,00",,2026,,,,,,,,,,,,
96514038,INSPEKSI TIER 1 BJ74548,INST1,GD01.06301143,,32730.INSPEKSI1,ULP.32730,COMP,ULP JENEPONTO,,29/04/2026,,KURANG,P_JENTAK,05/05/2026,,,TND,Apr,UP3 BULUKUMBA,GD,INSP,"0,00",,2026,,,,,,,,,,,,
96514104,INSPEKSI TIER 1 BJ74549,INST1,GD01.06301144,,32730.INSPEKSI1,ULP.32730,COMP,ULP JENEPONTO,,29/04/2026,,KURANG,P_JENTAK,05/05/2026,,,TND,Apr,UP3 BULUKUMBA,GD,INSP,"0,00",,2026,,,,,,,,,,,,
96514207,INSPEKSI TIER 1 BJ74552,INST1,GD01.06301147,,32730.INSPEKSI1,ULP.32730,COMP,ULP JENEPONTO,,29/04/2026,,KURANG,P_JENTAK,05/05/2026,,,TND,Apr,UP3 BULUKUMBA,GD,INSP,"0,00",,2026,,,,,,,,,,,,
96514288,INSPEKSI TIER 1 BJ74553,INST1,GD01.06301148,,32730.INSPEKSI1,ULP.32730,COMP,ULP JENEPONTO,,29/04/2026,,KURANG,P_JENTAK,05/05/2026,,,TND,Apr,UP3 BULUKUMBA,GD,INSP,"0,00",,2026,,,,,,,,,,,,
96514378,INSPEKSI TIER 1 BJ74554,INST1,GD01.06301149,,32730.INSPEKSI1,ULP.32730,COMP,ULP JENEPONTO,,29/04/2026,,KURANG,P_JENTAK,05/05/2026,,,TND,Apr,UP3 BULUKUMBA,GD,INSP,"0,00",,2026,,,,,,,,,,,,
96514454,INSPEKSI TIER 1 BJ74555,INST1,GD01.06301150,,32730.INSPEKSI1,ULP.32730,COMP,ULP JENEPONTO,,29/04/2026,,KURANG,P_JENTAK,05/05/2026,,,TND,Apr,UP3 BULUKUMBA,GD,INSP,"0,00",,2026,,,,,,,,,,,,
96514497,INSPEKSI TIER 1 BJ74556,INST1,GD01.06301151,,32730.INSPEKSI1,ULP.32730,COMP,ULP JENEPONTO,,29/04/2026,,KURANG,P_JENTAK,05/05/2026,,,TND,Apr,UP3 BULUKUMBA,GD,INSP,"0,00",,2026,,,,,,,,,,,,
96514549,INSPEKSI TIER 1 BJ74557,INST1,GD01.06301152,,32730.INSPEKSI1,ULP.32730,COMP,ULP JENEPONTO,,29/04/2026,,KURANG,P_JENTAK,05/05/2026,,,TND,Apr,UP3 BULUKUMBA,GD,INSP,"0,00",,2026,,,,,,,,,,,,
96514580,INSPEKSI TIER 1 BJ74558,INST1,GD01.06301153,,32730.INSPEKSI1,ULP.32730,COMP,ULP JENEPONTO,,29/04/2026,,KURANG,P_JENTAK,05/05/2026,,,TND,Apr,UP3 BULUKUMBA,GD,INSP,"0,00",,2026,,,,,,,,,,,,
96514632,INSPEKSI TIER 1 BJ74559,INST1,GD01.06301154,,32730.INSPEKSI1,ULP.32730,COMP,ULP JENEPONTO,,29/04/2026,,KURANG,P_JENTAK,05/05/2026,,,TND,Apr,UP3 BULUKUMBA,GD,INSP,"0,00",,2026,,,,,,,,,,,,
96514673,INSPEKSI TIER 1 BJ74560,INST1,GD01.06301155,,32730.INSPEKSI1,ULP.32730,COMP,ULP JENEPONTO,,29/04/2026,,KURANG,P_JENTAK,05/05/2026,,,TND,Apr,UP3 BULUKUMBA,GD,INSP,"0,00",,2026,,,,,,,,,,,,
96514740,INSPEKSI TIER 1 BJ61063,INST1,GD01.06301264,,32730.INSPEKSI1,ULP.32730,COMP,ULP JENEPONTO,,29/04/2026,,KURANG,P_PASAR KARISA,05/05/2026,,,TND,Apr,UP3 BULUKUMBA,GD,INSP,"0,00",,2026,,,,,,,,,,,,
96514791,INSPEKSI TIER 1 BJ61064,INST1,GD01.06301265,,32730.INSPEKSI1,ULP.32730,COMP,ULP JENEPONTO,,29/04/2026,,KURANG,P_PASAR KARISA,05/05/2026,,,TND,Apr,UP3 BULUKUMBA,GD,INSP,"0,00",,2026,,,,,,,,,,,,
96514865,INSPEKSI TIER 1 BJ61065,INST1,GD01.06301266,,32730.INSPEKSI1,ULP.32730,COMP,ULP JENEPONTO,,29/04/2026,,KURANG,P_PASAR KARISA,05/05/2026,,,TND,Apr,UP3 BULUKUMBA,GD,INSP,"0,00",,2026,,,,,,,,,,,,
96515619,Perbaikan/Pergantian INSPEKSI TIER 1 BL04001,INST1,GD01.06301759,,32710.INSPEKSI1,ULP.32710,COMP,ULP PANRITA LOPI,,29/04/2026,,KURANG,P_MATTEKO,08/06/2026,,95539787,TND,Apr,UP3 BULUKUMBA,GD,TL,"0,00",,2026,,,,,,,,,,,,
96515648,Perbaikan/Pergantian INSPEKSI TIER 1 BL04002,INST1,GD01.06301761,,32710.INSPEKSI1,ULP.32710,COMP,ULP PANRITA LOPI,,29/04/2026,,KURANG,P_MATTEKO,08/06/2026,,95541163,TND,Apr,UP3 BULUKUMBA,GD,TL,"0,00",,2026,,,,,,,,,,,,
96522234,INSPEKSI TIER 1 BL01027,INST1,GD01.06302622,,32710.INSPEKSI2,ULP.32710,COMP,ULP PANRITA LOPI,,29/04/2026,,KURANG,P_BINTARORE,30/04/2026,,,TND,Apr,UP3 BULUKUMBA,GD,INSP,"0,00",,2026,,,,,,,,,,,,
96522270,INSPEKSI TIER 1 BL01100,INST1,GD01.06302623,,32710.INSPEKSI2,ULP.32710,WFOLLOWUP,ULP PANRITA LOPI,,29/04/2026,,BURUK,P_BINTARORE,30/04/2026,,,TND,Apr,UP3 BULUKUMBA,GD,INSP,"0,00",,2026,,,,,,,,,,,,
96522298,INSPEKSI TIER 1 BL01028,INST1,GD01.06302624,,32710.INSPEKSI2,ULP.32710,COMP,ULP PANRITA LOPI,,29/04/2026,,KURANG,P_BINTARORE,30/04/2026,,,TND,Apr,UP3 BULUKUMBA,GD,INSP,"0,00",,2026,,,,,,,,,,,,
96522361,INSPEKSI TIER 1 BL01029,INST1,GD01.06302625,,32710.INSPEKSI2,ULP.32710,COMP,ULP PANRITA LOPI,,29/04/2026,,KURANG,P_BINTARORE,30/04/2026,,,TND,Apr,UP3 BULUKUMBA,GD,INSP,"0,00",,2026,,,,,,,,,,,,
96522452,INSPEKSI TIER 1 BL54340,INST1,GD01.19602585,,32710.INSPEKSI2,ULP.32710,COMP,ULP PANRITA LOPI,,29/04/2026,,KURANG,P_MATTEKO,30/04/2026,,,TND,Apr,UP3 BULUKUMBA,GD,INSP,"0,00",,2026,,,,,,,,,,,,
96522512,INSPEKSI TIER 1 BL54347,INST1,GD01.19602600,,32710.INSPEKSI2,ULP.32710,COMP,ULP PANRITA LOPI,,29/04/2026,,KURANG,P_MATTEKO,30/04/2026,,,TND,Apr,UP3 BULUKUMBA,GD,INSP,"0,00",,2026,,,,,,,,,,,,
96522660,INSPEKSI TIER 1 BL53003,INST1,GD01.06301682,,32710.INSPEKSI2,ULP.32710,COMP,ULP PANRITA LOPI,,29/04/2026,,KURANG,P_MATTEKO,30/04/2026,,,TND,Apr,UP3 BULUKUMBA,GD,INSP,"0,00",,2026,,,,,,,,,,,,
96522712,INSPEKSI TIER 1 BL55717,INST1,GD01.06301699,,32710.INSPEKSI2,ULP.32710,COMP,ULP PANRITA LOPI,,29/04/2026,,KURANG,P_MATTEKO,30/04/2026,,,TND,Apr,UP3 BULUKUMBA,GD,INSP,"0,00",,2026,,,,,,,,,,,,
96522830,INSPEKSI TIER 1 BL55691,INST1,GD01.06301722,,32710.INSPEKSI2,ULP.32710,WFOLLOWUP,ULP PANRITA LOPI,,29/04/2026,,BURUK,P_MATTEKO,30/04/2026,,,TND,Apr,UP3 BULUKUMBA,GD,INSP,"0,00",,2026,,,,,,,,,,,,
96522902,INSPEKSI TIER 1 BL55713,INST1,GD01.06301728,,32710.INSPEKSI2,ULP.32710,COMP,ULP PANRITA LOPI,,29/04/2026,,KURANG,P_MATTEKO,30/04/2026,,,TND,Apr,UP3 BULUKUMBA,GD,INSP,"0,00",,2026,,,,,,,,,,,,
96522942,INSPEKSI TIER 1 BL55699,INST1,GD01.06301732,,32710.INSPEKSI2,ULP.32710,COMP,ULP PANRITA LOPI,,29/04/2026,,KURANG,P_MATTEKO,30/04/2026,,,TND,Apr,UP3 BULUKUMBA,GD,INSP,"0,00",,2026,,,,,,,,,,,,
96523013,INSPEKSI TIER 1 BL55700,INST1,GD01.06301733,,32710.INSPEKSI2,ULP.32710,COMP,ULP PANRITA LOPI,,29/04/2026,,KURANG,P_MATTEKO,30/04/2026,,,TND,Apr,UP3 BULUKUMBA,GD,INSP,"0,00",,2026,,,,,,,,,,,,
96523071,INSPEKSI TIER 1 BL55707,INST1,GD01.06301735,,32710.INSPEKSI2,ULP.32710,COMP,ULP PANRITA LOPI,,29/04/2026,,KURANG,P_MATTEKO,30/04/2026,,,TND,Apr,UP3 BULUKUMBA,GD,INSP,"0,00",,2026,,,,,,,,,,,,
96523171,INSPEKSI TIER 1 BL55709,INST1,GD01.06301737,,32710.INSPEKSI2,ULP.32710,WFOLLOWUP,ULP PANRITA LOPI,,29/04/2026,,BURUK,P_MATTEKO,30/04/2026,,,TND,Apr,UP3 BULUKUMBA,GD,INSP,"0,00",,2026,,,,,,,,,,,,
96523191,BL55702 PANRITA LOPI,INST1,GD01.06301740,,32710.INSPEKSI2,ULP.32710,COMP,ULP PANRITA LOPI,,29/04/2026,,KURANG,P_BINTARORE,30/04/2026,,,TND,Apr,UP3 BULUKUMBA,GD,INSP,"0,00",,2026,,,,,,,,,,,,
96523221,INSPEKSI TIER 1 BL55706,INST1,GD01.06301744,,32710.INSPEKSI2,ULP.32710,COMP,ULP PANRITA LOPI,,29/04/2026,,KURANG,P_MATTEKO,30/04/2026,,,TND,Apr,UP3 BULUKUMBA,GD,INSP,"0,00",,2026,,,,,,,,,,,,
96523262,INSPEKSI TIER 1 BL55675,INST1,GD01.06301748,,32710.INSPEKSI2,ULP.32710,COMP,ULP PANRITA LOPI,,29/04/2026,,KURANG,P_MATTEKO,30/04/2026,,,TND,Apr,UP3 BULUKUMBA,GD,INSP,"0,00",,2026,,,,,,,,,,,,
96523296,INSPEKSI TIER 1 BL55671,INST1,GD01.06301752,,32710.INSPEKSI2,ULP.32710,WFOLLOWUP,ULP PANRITA LOPI,,29/04/2026,,BURUK,P_MATTEKO,30/04/2026,,,TND,Apr,UP3 BULUKUMBA,GD,INSP,"0,00",,2026,,,,,,,,,,,,
96523332,INSPEKSI TIER 1 BL55670,INST1,GD01.06301753,,32710.INSPEKSI2,ULP.32710,COMP,ULP PANRITA LOPI,,29/04/2026,,KURANG,P_MATTEKO,30/04/2026,,,TND,Apr,UP3 BULUKUMBA,GD,INSP,"0,00",,2026,,,,,,,,,,,,
96523374,INSPEKSI TIER 1 BL55669,INST1,GD01.06301754,,32710.INSPEKSI2,ULP.32710,WFOLLOWUP,ULP PANRITA LOPI,,29/04/2026,,BURUK,P_MATTEKO,30/04/2026,,,TND,Apr,UP3 BULUKUMBA,GD,INSP,"0,00",,2026,,,,,,,,,,,,
96523410,INSPEKSI TIER 1 BL55668,INST1,GD01.06301755,,32710.INSPEKSI2,ULP.32710,COMP,ULP PANRITA LOPI,,29/04/2026,,KURANG,P_MATTEKO,30/04/2026,,,TND,Apr,UP3 BULUKUMBA,GD,INSP,"0,00",,2026,,,,,,,,,,,,
96523492,INSPEKSI TIER 1 BL55666,INST1,GD01.06301757,,32710.INSPEKSI2,ULP.32710,COMP,ULP PANRITA LOPI,,29/04/2026,,KURANG,P_MATTEKO,30/04/2026,,,TND,Apr,UP3 BULUKUMBA,GD,INSP,"0,00",,2026,,,,,,,,,,,,
96523572,INSPEKSI TIER 1 BL55714,INST1,GD01.06301758,,32710.INSPEKSI2,ULP.32710,COMP,ULP PANRITA LOPI,,29/04/2026,,KURANG,P_MATTEKO,30/04/2026,,,TND,Apr,UP3 BULUKUMBA,GD,INSP,"0,00",,2026,,,,,,,,,,,,
96526241,Perbaikan/Pergantian INSPEKSI TIER 1 BL01017,INST1,GD01.06302611,,32710.INSPEKSI1,ULP.32710,COMP,ULP PANRITA LOPI,,29/04/2026,,KURANG,P_BINTARORE,08/06/2026,,95544557,TND,Apr,UP3 BULUKUMBA,GD,TL,"0,00",,2026,,,,,,,,,,,,
96533647,INSPEKSI TIER 1 BB18002,INST1,GD01.06302196,,32740.INSPEKSI1,ULP.32740,COMP,ULP BANTAENG,,29/04/2026,4/30/26 7:42 AM,KURANG,P_LEMBANG,06/05/2026,,,TND,Apr,UP3 BULUKUMBA,GD,INSP,"0,00",,2026,,,,,,,,,,,,
96533679,INSPEKSI TIER 1 BB18003,INST1,GD01.06302197,,32740.INSPEKSI1,ULP.32740,WFOLLOWUP,ULP BANTAENG,,29/04/2026,4/30/26 7:43 AM,BURUK,P_LEMBANG,06/05/2026,,,TND,Apr,UP3 BULUKUMBA,GD,INSP,"0,00",,2026,,,,,,,,,,,,
96533700,INSPEKSI TIER 1 BB18004,INST1,GD01.06302198,,32740.INSPEKSI1,ULP.32740,COMP,ULP BANTAENG,,29/04/2026,4/30/26 7:44 AM,KURANG,P_LEMBANG,06/05/2026,,,TND,Apr,UP3 BULUKUMBA,GD,INSP,"0,00",,2026,,,,,,,,,,,,
96533728,INSPEKSI TIER 1 BB18006,INST1,GD01.06302200,,32740.INSPEKSI1,ULP.32740,COMP,ULP BANTAENG,,29/04/2026,4/30/26 7:45 AM,KURANG,P_LEMBANG,06/05/2026,,,TND,Apr,UP3 BULUKUMBA,GD,INSP,"0,00",,2026,,,,,,,,,,,,
96533739,INSPEKSI TIER 1 BB18007,INST1,GD01.06302201,,32740.INSPEKSI1,ULP.32740,COMP,ULP BANTAENG,,29/04/2026,4/30/26 7:45 AM,KURANG,P_LEMBANG,06/05/2026,,,TND,Apr,UP3 BULUKUMBA,GD,INSP,"0,00",,2026,,,,,,,,,,,,
96533793,INSPEKSI TIER 1 BB18008,INST1,GD01.06302202,,32740.INSPEKSI1,ULP.32740,COMP,ULP BANTAENG,,29/04/2026,4/30/26 7:46 AM,KURANG,P_LEMBANG,06/05/2026,,,TND,Apr,UP3 BULUKUMBA,GD,INSP,"0,00",,2026,,,,,,,,,,,,
96533810,INSPEKSI TIER 1 BB18011,INST1,GD01.06302205,,32740.INSPEKSI1,ULP.32740,COMP,ULP BANTAENG,,29/04/2026,4/30/26 7:46 AM,KURANG,P_LEMBANG,06/05/2026,,,TND,Apr,UP3 BULUKUMBA,GD,INSP,"0,00",,2026,,,,,,,,,,,,
96533836,INSPEKSI TIER 1 BB18012,INST1,GD01.06302206,,32740.INSPEKSI1,ULP.32740,COMP,ULP BANTAENG,,29/04/2026,4/30/26 7:47 AM,KURANG,P_LEMBANG,06/05/2026,,,TND,Apr,UP3 BULUKUMBA,GD,INSP,"0,00",,2026,,,,,,,,,,,,
96533856,INSPEKSI TIER 1 BB18013,INST1,GD01.06302207,,32740.INSPEKSI1,ULP.32740,COMP,ULP BANTAENG,,29/04/2026,4/30/26 7:47 AM,KURANG,P_LEMBANG,06/05/2026,,,TND,Apr,UP3 BULUKUMBA,GD,INSP,"0,00",,2026,,,,,,,,,,,,
96533870,INSPEKSI TIER 1 BB18015,INST1,GD01.06302209,,32740.INSPEKSI1,ULP.32740,WFCOMP,ULP BANTAENG,,29/04/2026,4/30/26 7:47 AM,CUKUP,P_LEMBANG,25/07/2026,,,TND,Apr,UP3 BULUKUMBA,GD,INSP,"0,00",,2026,,,,,,,,,,,,
96533907,INSPEKSI TIER 1 BB18016,INST1,GD01.06302210,,32740.INSPEKSI1,ULP.32740,WFCOMP,ULP BANTAENG,,29/04/2026,4/30/26 7:48 AM,CUKUP,P_LEMBANG,25/07/2026,,,TND,Apr,UP3 BULUKUMBA,GD,INSP,"0,00",,2026,,,,,,,,,,,,
96533928,Perbaikan/Pergantian INSPEKSI TIER 1 BB18000,INST1,GD01.06302212,,32740.INSPEKSI1,ULP.32740,COMP,ULP BANTAENG,,29/04/2026,,KURANG,P_LINGKAR,18/06/2026,,95667921,TND,Apr,UP3 BULUKUMBA,GD,TL,"0,00",,2026,,,,,,,,,,,,
96533991,INSPEKSI TIER 1 BB18079,INST1,GD01.06302211,,32740.INSPEKSI1,ULP.32740,WFOLLOWUP,ULP BANTAENG,,29/04/2026,4/30/26 7:48 AM,BURUK,P_LEMBANG,06/05/2026,,,TND,Apr,UP3 BULUKUMBA,GD,INSP,"0,00",,2026,,,,,,,,,,,,
96534034,INSPEKSI TIER 1 BB71502,INST1,GD01.06302354,,32740.INSPEKSI1,ULP.32740,WFOLLOWUP,ULP BANTAENG,,29/04/2026,4/30/26 7:48 AM,BURUK,P_LEMBANG,06/05/2026,,,TND,Apr,UP3 BULUKUMBA,GD,INSP,"0,00",,2026,,,,,,,,,,,,
96534068,INSPEKSI TIER 1 BB71503,INST1,GD01.06302355,,32740.INSPEKSI1,ULP.32740,COMP,ULP BANTAENG,,29/04/2026,4/30/26 7:49 AM,KURANG,P_LEMBANG,06/05/2026,,,TND,Apr,UP3 BULUKUMBA,GD,INSP,"0,00",,2026,,,,,,,,,,,,
96534095,INSPEKSI TIER 1 BB71504,INST1,GD01.06302356,,32740.INSPEKSI1,ULP.32740,WFOLLOWUP,ULP BANTAENG,,29/04/2026,4/30/26 7:49 AM,BURUK,P_LEMBANG,06/05/2026,,,TND,Apr,UP3 BULUKUMBA,GD,INSP,"0,00",,2026,,,,,,,,,,,,
96534107,INSPEKSI TIER 1 BB72505,INST1,GD01.06302358,,32740.INSPEKSI1,ULP.32740,COMP,ULP BANTAENG,,29/04/2026,4/30/26 7:50 AM,KURANG,P_LEMBANG,06/05/2026,,,TND,Apr,UP3 BULUKUMBA,GD,INSP,"0,00",,2026,,,,,,,,,,,,
96534134,INSPEKSI TIER 1 BB72507,INST1,GD01.06302360,,32740.INSPEKSI1,ULP.32740,COMP,ULP BANTAENG,,29/04/2026,4/30/26 7:50 AM,KURANG,P_LEMBANG,05/05/2026,,,TND,Apr,UP3 BULUKUMBA,GD,INSP,"0,00",,2026,,,,,,,,,,,,
96534172,INSPEKSI TIER 1 BB72509,INST1,GD01.06302362,,32740.INSPEKSI1,ULP.32740,COMP,ULP BANTAENG,,29/04/2026,4/30/26 7:50 AM,CUKUP,P_LEMBANG,05/05/2026,,,TND,Apr,UP3 BULUKUMBA,GD,INSP,"0,00",,2026,,,,,,,,,,,,
96534193,INSPEKSI TIER 1 BB72512,INST1,GD01.06302364,,32740.INSPEKSI1,ULP.32740,COMP,ULP BANTAENG,,29/04/2026,4/30/26 7:51 AM,KURANG,P_LEMBANG,07/05/2026,,,TND,Apr,UP3 BULUKUMBA,GD,INSP,"0,00",,2026,,,,,,,,,,,,
96534232,INSPEKSI TIER 1 BB72514,INST1,GD01.06302366,,32740.INSPEKSI1,ULP.32740,COMP,ULP BANTAENG,,29/04/2026,4/30/26 7:52 AM,KURANG,P_LEMBANG,06/05/2026,,,TND,Apr,UP3 BULUKUMBA,GD,INSP,"0,00",,2026,,,,,,,,,,,,
96534250,INSPEKSI TIER 1 BB72515,INST1,GD01.06302367,,32740.INSPEKSI1,ULP.32740,COMP,ULP BANTAENG,,29/04/2026,4/30/26 7:52 AM,KURANG,P_LEMBANG,06/05/2026,,,TND,Apr,UP3 BULUKUMBA,GD,INSP,"0,00",,2026,,,,,,,,,,,,
96534282,INSPEKSI TIER 1 BB72517,INST1,GD01.06302369,,32740.INSPEKSI1,ULP.32740,WFOLLOWUP,ULP BANTAENG,,29/04/2026,4/30/26 7:53 AM,BURUK,P_LEMBANG,06/05/2026,,,TND,Apr,UP3 BULUKUMBA,GD,INSP,"0,00",,2026,,,,,,,,,,,,
96534298,INSPEKSI TIER 1 BB72519,INST1,GD01.06302371,,32740.INSPEKSI1,ULP.32740,WFOLLOWUP,ULP BANTAENG,,29/04/2026,4/30/26 7:53 AM,BURUK,P_LEMBANG,06/05/2026,,,TND,Apr,UP3 BULUKUMBA,GD,INSP,"0,00",,2026,,,,,,,,,,,,
96534316,INSPEKSI TIER 1 BB72510,INST1,GD01.06302603,,32740.INSPEKSI1,ULP.32740,COMP,ULP BANTAENG,,29/04/2026,4/30/26 7:54 AM,KURANG,P_LEMBANG,06/05/2026,,,TND,Apr,UP3 BULUKUMBA,GD,INSP,"0,00",,2026,,,,,,,,,,,,
96534362,INSPEKSI TIER 1 BB72502,INST1,GD01.19602650,,32740.INSPEKSI1,ULP.32740,WFOLLOWUP,ULP BANTAENG,,29/04/2026,4/30/26 7:54 AM,BURUK,P_LEMBANG,06/05/2026,,,TND,Apr,UP3 BULUKUMBA,GD,INSP,"0,00",,2026,,,,,,,,,,,,
96534385,INSPEKSI TIER 1 BB72523,INST1,GD01.19602653,,32740.INSPEKSI1,ULP.32740,COMP,ULP BANTAENG,,29/04/2026,4/30/26 7:55 AM,KURANG,P_LEMBANG,06/05/2026,,,TND,Apr,UP3 BULUKUMBA,GD,INSP,"0,00",,2026,,,,,,,,,,,,
96534432,INSPEKSI TIER 1 BB71501,INST1,GD01.06302353,,32740.INSPEKSI1,ULP.32740,WFOLLOWUP,ULP BANTAENG,,29/04/2026,4/30/26 7:55 AM,BURUK,P_LEMBANG,06/05/2026,,,TND,Apr,UP3 BULUKUMBA,GD,INSP,"0,00",,2026,,,,,,,,,,,,
96534468,INSPEKSI TIER 1 BB72511,INST1,GD01.06302363,,32740.INSPEKSI1,ULP.32740,WFCOMP,ULP BANTAENG,,29/04/2026,4/30/26 7:55 AM,KURANG,P_LEMBANG,23/06/2026,,,TND,Apr,UP3 BULUKUMBA,GD,INSP,"0,00",,2026,,,,,,,,,,,,
96534494,INSPEKSI TIER 1 BB72516,INST1,GD01.06302368,,32740.INSPEKSI1,ULP.32740,COMP,ULP BANTAENG,,29/04/2026,4/30/26 7:56 AM,KURANG,P_LEMBANG,06/05/2026,,,TND,Apr,UP3 BULUKUMBA,GD,INSP,"0,00",,2026,,,,,,,,,,,,
96534519,INSPEKSI TIER 1 BB72518,INST1,GD01.06302370,,32740.INSPEKSI1,ULP.32740,WFOLLOWUP,ULP BANTAENG,,29/04/2026,4/30/26 7:56 AM,BURUK,P_LEMBANG,06/05/2026,,,TND,Apr,UP3 BULUKUMBA,GD,INSP,"0,00",,2026,,,,,,,,,,,,
96534580,INSPEKSI TIER 1 BB72501,INST1,GD01.19602657,,32740.INSPEKSI1,ULP.32740,WFOLLOWUP,ULP BANTAENG,,29/04/2026,4/30/26 7:56 AM,BURUK,P_LEMBANG,06/05/2026,,,TND,Apr,UP3 BULUKUMBA,GD,INSP,"0,00",,2026,,,,,,,,,,,,
96536571,Perbaikan/Pergantian INSPEKSI TIER 1 SEGMEN TG.BALTAR.00135-TG.BALTAR.00175,INST1,ULP.32770,4690867,32770.INSPEKSI3,ULP.32770,COMP,ULP TANETE,,29/04/2026,6/23/26 7:48 AM,BAIK,P_BONTO BULAENG,19/06/2026,,96192079,TND,Apr,UP3 BULUKUMBA,JTM,TL,"1,90",,2026,,,,,,,,,,,,
96537687,Perbaikan/Pergantian INSPEKSI TIER 1 SEGMEN TG.LAPPA.00127.R0017-TG.LAPPA.00127.R0023,INST1,ULP.32760,4691828,32760.INSPEKSI3,ULP.32760,WAPPR,ULP SINJAI,,30/04/2026,,,P_LAPPA,30/04/2026,,96500514,TND,Apr,UP3 BULUKUMBA,JTM,TL,"0,30",,2026,,,,,,,,,,,,
96537690,Perbaikan/Pergantian INSPEKSI TIER 1 SEGMEN TG.LAPPA.00127.R0046-TG.LAPPA.00127.R0046.R0004,INST1,ULP.32760,4691831,32760.INSPEKSI3,ULP.32760,COMP,ULP SINJAI,,30/04/2026,,BAIK,P_LAPPA,21/08/2026,,96500897,TND,Apr,UP3 BULUKUMBA,JTM,TL,"0,20",,2026,,,,,,,,,,,,
96539000,Perbaikan/Pergantian INSPEKSI TIER 1 BK56015,INST1,GD01.06300735,,32720.INSPEKSI3,ULP.32720,COMP,ULP KALUMPANG,,30/04/2026,,KURANG,P_SAPOLOHE,19/08/2026,,96509186,TND,Apr,UP3 BULUKUMBA,GD,TL,"0,00",,2026,,,,,,,,,,,,
96539032,Perbaikan/Pergantian INSPEKSI TIER 1 BK56016,INST1,GD01.06300736,,32720.INSPEKSI3,ULP.32720,COMP,ULP KALUMPANG,,30/04/2026,,KURANG,P_SAPOLOHE,19/08/2026,,96509229,TND,Apr,UP3 BULUKUMBA,GD,TL,"0,00",,2026,,,,,,,,,,,,
96539275,INSPEKSI TIER 1 BT50004,INST1,GD01.06300487,,32770.INSPEKSI1,ULP.32770,WFCOMP,ULP TANETE,,30/04/2026,,KURANG,P_BINTARORE,27/08/2026,,,TND,Apr,UP3 BULUKUMBA,GD,INSP,"0,00",,2026,,,,,,,,,,,,
96539381,SEGMEN LBS.SALODUA-TG.BALTAR.00074,INST1,GD01.06300489,,32770.INSPEKSI1,ULP.32770,COMP,ULP TANETE,,30/04/2026,,KURANG,P_BINTARORE,04/06/2026,,,TND,Apr,UP3 BULUKUMBA,GD,INSP,"0,00",,2026,,,,,,,,,,,,
96539515,SEGMEN TG.BALTAR.00074-TG.BALTAR.00103,INST1,GD01.06300493,,32770.INSPEKSI1,ULP.32770,COMP,ULP TANETE,,30/04/2026,,KURANG,P_BINTARORE,04/06/2026,,,TND,Apr,UP3 BULUKUMBA,GD,INSP,"0,00",,2026,,,,,,,,,,,,
96539564,INSPEKSI TIER 1 BT50012,INST1,GD01.06300495,,32770.INSPEKSI1,ULP.32770,WFCOMP,ULP TANETE,,30/04/2026,,KURANG,P_BINTARORE,29/06/2026,,,TND,Apr,UP3 BULUKUMBA,GD,INSP,"0,00",,2026,,,,,,,,,,,,
96539642,INSPEKSI TIER 1 BT50013,INST1,GD01.06300496,,32770.INSPEKSI1,ULP.32770,WREVIEW,ULP TANETE,,30/04/2026,,,P_BINTARORE,29/06/2026,,,TND,Apr,UP3 BULUKUMBA,GD,INSP,"0,00",,2026,,,,,,,,,,,,
96539720,INSPEKSI TIER 1 BT50014,INST1,GD01.06300497,,32770.INSPEKSI1,ULP.32770,WFOLLOWUP,ULP TANETE,,30/04/2026,,BURUK,P_BINTARORE,08/05/2026,,,TND,Apr,UP3 BULUKUMBA,GD,INSP,"0,00",,2026,,,,,,,,,,,,
96539783,INSPEKSI TIER 1 BT50016,INST1,GD01.06300499,,32770.INSPEKSI1,ULP.32770,COMP,ULP TANETE,,30/04/2026,,KURANG,P_BINTARORE,08/05/2026,,,TND,Apr,UP3 BULUKUMBA,GD,INSP,"0,00",,2026,,,,,,,,,,,,
96540098,SEGMEN TG.BALTAR.00105-TG.BALTAR.00105.R0070,INST1,GD01.06300501,,32770.INSPEKSI1,ULP.32770,COMP,ULP TANETE,,30/04/2026,,KURANG,P_BINTARORE,04/06/2026,,,TND,Apr,UP3 BULUKUMBA,GD,INSP,"0,00",,2026,,,,,,,,,,,,
96540199,INSPEKSI TIER 1 BT50019,INST1,GD01.06300502,,32770.INSPEKSI1,ULP.32770,WFCOMP,ULP TANETE,,30/04/2026,,KURANG,P_BINTARORE,29/06/2026,,,TND,Apr,UP3 BULUKUMBA,GD,INSP,"0,00",,2026,,,,,,,,,,,,
96540306,INSPEKSI TIER 1 BT50020,INST1,GD01.06300503,,32770.INSPEKSI1,ULP.32770,COMP,ULP TANETE,,30/04/2026,,,P_BINTARORE,04/06/2026,,,TND,Apr,UP3 BULUKUMBA,GD,INSP,"0,00",,2026,,,,,,,,,,,,
96540535,INSPEKSI TIER 1 BT50021,INST1,GD01.06300504,,32770.INSPEKSI1,ULP.32770,COMP,ULP TANETE,,30/04/2026,5/4/26 7:40,KURANG,P_BINTARORE,05/05/2026,,,TND,Apr,UP3 BULUKUMBA,GD,INSP,"0,00",,2026,,,,,,,,,,,,
96540613,INSPEKSI TIER 1 BT50022,INST1,GD01.06300505,,32770.INSPEKSI1,ULP.32770,COMP,ULP TANETE,,30/04/2026,5/4/26 7:37,KURANG,P_BINTARORE,05/05/2026,,,TND,Apr,UP3 BULUKUMBA,GD,INSP,"0,00",,2026,,,,,,,,,,,,
96540718,INSPEKSI TIER 1 BT50024,INST1,GD01.06300507,,32770.INSPEKSI1,ULP.32770,WFCOMP,ULP TANETE,,30/04/2026,5/4/26 7:36,KURANG,P_BINTARORE,27/08/2026,,,TND,Apr,UP3 BULUKUMBA,GD,INSP,"0,00",,2026,,,,,,,,,,,,
96540791,INSPEKSI TIER 1 BT50027,INST1,GD01.06300510,,32770.INSPEKSI1,ULP.32770,WFCOMP,ULP TANETE,,30/04/2026,5/4/26 7:38,KURANG,P_BINTARORE,27/08/2026,,,TND,Apr,UP3 BULUKUMBA,GD,INSP,"0,00",,2026,,,,,,,,,,,,
96540850,INSPEKSI TIER 1 BT50095,INST1,GD01.06300512,,32770.INSPEKSI1,ULP.32770,WFCOMP,ULP TANETE,,30/04/2026,5/4/26 7:35,CUKUP,P_BINTARORE,29/06/2026,,,TND,Apr,UP3 BULUKUMBA,GD,INSP,"0,00",,2026,,,,,,,,,,,,
96540905,INSPEKSI TIER 1 BT50030,INST1,GD01.06300522,,32770.INSPEKSI1,ULP.32770,COMP,ULP TANETE,,30/04/2026,5/4/26 7:34,KURANG,P_BINTARORE,05/05/2026,,,TND,Apr,UP3 BULUKUMBA,GD,INSP,"0,00",,2026,,,,,,,,,,,,
96540949,INSPEKSI TIER 1 BT50031,INST1,GD01.06300523,,32770.INSPEKSI1,ULP.32770,WREVIEW,ULP TANETE,,30/04/2026,5/4/26 10:22,,P_BINTARORE,29/06/2026,,,TND,Apr,UP3 BULUKUMBA,GD,INSP,"0,00",,2026,,,,,,,,,,,,
96541015,INSPEKSI TIER 1 BT50032,INST1,GD01.06300524,,32770.INSPEKSI1,ULP.32770,WFCOMP,ULP TANETE,,30/04/2026,5/4/26 7:33,KURANG,P_BINTARORE,27/08/2026,,,TND,Apr,UP3 BULUKUMBA,GD,INSP,"0,00",,2026,,,,,,,,,,,,
96541070,INSPEKSI TIER 1 BT50033,INST1,GD01.06300538,,32770.INSPEKSI1,ULP.32770,WFCOMP,ULP TANETE,,30/04/2026,,KURANG,P_BINTARORE,27/08/2026,,,TND,Apr,UP3 BULUKUMBA,GD,INSP,"0,00",,2026,,,,,,,,,,,,
96541115,INSPEKSI TIER 1 BT50047,INST1,GD01.06300539,,32770.INSPEKSI1,ULP.32770,COMP,ULP TANETE,,30/04/2026,,KURANG,P_BINTARORE,08/05/2026,,,TND,Apr,UP3 BULUKUMBA,GD,INSP,"0,00",,2026,,,,,,,,,,,,
96541175,INSPEKSI TIER 1 BT50048,INST1,GD01.06300540,,32770.INSPEKSI1,ULP.32770,COMP,ULP TANETE,,30/04/2026,5/4/26 7:31,KURANG,P_BINTARORE,05/05/2026,,,TND,Apr,UP3 BULUKUMBA,GD,INSP,"0,00",,2026,,,,,,,,,,,,
96541234,INSPEKSI TIER 1 BT50050,INST1,GD01.06300542,,32770.INSPEKSI1,ULP.32770,COMP,ULP TANETE,,30/04/2026,,KURANG,P_BINTARORE,08/05/2026,,,TND,Apr,UP3 BULUKUMBA,GD,INSP,"0,00",,2026,,,,,,,,,,,,
96541412,INSPEKSI TIER 1 BT50051,INST1,GD01.06300543,,32770.INSPEKSI1,ULP.32770,WFCOMP,ULP TANETE,,30/04/2026,,KURANG,P_BINTARORE,27/08/2026,,,TND,Apr,UP3 BULUKUMBA,GD,INSP,"0,00",,2026,,,,,,,,,,,,
96541506,INSPEKSI TIER 1 BT50052,INST1,GD01.06300544,,32770.INSPEKSI1,ULP.32770,WFCOMP,ULP TANETE,,30/04/2026,,KURANG,P_BINTARORE,27/08/2026,,,TND,Apr,UP3 BULUKUMBA,GD,INSP,"0,00",,2026,,,,,,,,,,,,
96541612,INSPEKSI TIER 1 BT50053,INST1,GD01.06300545,,32770.INSPEKSI1,ULP.32770,WFCOMP,ULP TANETE,,30/04/2026,,KURANG,P_BINTARORE,27/08/2026,,,TND,Apr,UP3 BULUKUMBA,GD,INSP,"0,00",,2026,,,,,,,,,,,,
96543655,SEGMEN TG.BALTAR.00105-TG.BALTAR.00105.R0070,INST1,GD01.06300500,,32770.INSPEKSI1,ULP.32770,COMP,ULP TANETE,,30/04/2026,,KURANG,P_BINTARORE,04/06/2026,,,TND,Apr,UP3 BULUKUMBA,GD,INSP,"0,00",,2026,,,,,,,,,,,,
96544034,INSPEKSI TIER 1 BR70004,INST1,GD01.06301519,,32750.INSPEKSI1,ULP.32750,COMP,ULP SELAYAR,,30/04/2026,,KURANG,P_TIELINE SELAYAR 1,05/05/2026,,,TND,Apr,UP3 BULUKUMBA,GD,INSP,"0,00",,2026,,,,,,,,,,,,
96544137,INSPEKSI TIER 1 BR70005,INST1,GD01.06301520,,32750.INSPEKSI1,ULP.32750,COMP,ULP SELAYAR,,30/04/2026,,KURANG,P_TIELINE SELAYAR 1,05/05/2026,,,TND,Apr,UP3 BULUKUMBA,GD,INSP,"0,00",,2026,,,,,,,,,,,,
96544254,INSPEKSI TIER 1 BR70009,INST1,GD01.06301524,,32750.INSPEKSI1,ULP.32750,COMP,ULP SELAYAR,,30/04/2026,,KURANG,P_TIELINE SELAYAR 1,05/05/2026,,,TND,Apr,UP3 BULUKUMBA,GD,INSP,"0,00",,2026,,,,,,,,,,,,
96544360,INSPEKSI TIER 1 BR66012,INST1,GD01.06301494,,32750.INSPEKSI1,ULP.32750,COMP,ULP SELAYAR,,30/04/2026,,CUKUP,P_TIELINE SELAYAR 1,05/05/2026,,,TND,Apr,UP3 BULUKUMBA,GD,INSP,"0,00",,2026,,,,,,,,,,,,
96544444,INSPEKSI TIER 1 BR66013,INST1,GD01.06301496,,32750.INSPEKSI1,ULP.32750,COMP,ULP SELAYAR,,30/04/2026,,KURANG,P_TIELINE SELAYAR 1,05/05/2026,,,TND,Apr,UP3 BULUKUMBA,GD,INSP,"0,00",,2026,,,,,,,,,,,,
96544548,INSPEKSI TIER 1 BR66016,INST1,GD01.06301499,,32750.INSPEKSI1,ULP.32750,COMP,ULP SELAYAR,,30/04/2026,,KURANG,P_TIELINE SELAYAR 1,18/05/2026,,,TND,Apr,UP3 BULUKUMBA,GD,INSP,"0,00",,2026,,,,,,,,,,,,
96544680,INSPEKSI TIER 1 BX0003,INST1,GD01.06301621,,32750.INSPEKSI1,ULP.32750,COMP,ULP SELAYAR,,30/04/2026,,KURANG,P_TIELINE SELAYAR 1,05/05/2026,,,TND,Apr,UP3 BULUKUMBA,GD,INSP,"0,00",,2026,,,,,,,,,,,,
96544823,INSPEKSI TIER 1 BR67342,INST1,GD01.06301623,,32750.INSPEKSI1,ULP.32750,COMP,ULP SELAYAR,,30/04/2026,,KURANG,P_TIELINE SELAYAR 1,05/05/2026,,,TND,Apr,UP3 BULUKUMBA,GD,INSP,"0,00",,2026,,,,,,,,,,,,
96561841,Perbaikan/Pergantian INSPEKSI TIER 1 BL01100,INST1,GD01.06302623,,32710.INSPEKSI2,ULP.32710,WINSP,ULP PANRITA LOPI,,30/04/2026,,,P_BINTARORE,08/06/2026,,96522270,TND,Apr,UP3 BULUKUMBA,GD,TL,"0,00",,2026,,,,,,,,,,,,
96562335,Perbaikan/Pergantian INSPEKSI TIER 1 BL55691,INST1,GD01.06301722,,32710.INSPEKSI2,ULP.32710,WINSP,ULP PANRITA LOPI,,30/04/2026,,,P_MATTEKO,08/06/2026,,96522830,TND,Apr,UP3 BULUKUMBA,GD,TL,"0,00",,2026,,,,,,,,,,,,
96562760,Perbaikan/Pergantian INSPEKSI TIER 1 BL55709,INST1,GD01.06301737,,32710.INSPEKSI2,ULP.32710,WINSP,ULP PANRITA LOPI,,30/04/2026,,,P_MATTEKO,08/06/2026,,96523171,TND,Apr,UP3 BULUKUMBA,GD,TL,"0,00",,2026,,,,,,,,,,,,
96563023,Perbaikan/Pergantian INSPEKSI TIER 1 BL55671,INST1,GD01.06301752,,32710.INSPEKSI2,ULP.32710,WINSP,ULP PANRITA LOPI,,30/04/2026,,,P_MATTEKO,08/06/2026,,96523296,TND,Apr,UP3 BULUKUMBA,GD,TL,"0,00",,2026,,,,,,,,,,,,
96563158,Perbaikan/Pergantian INSPEKSI TIER 1 BL55669,INST1,GD01.06301754,,32710.INSPEKSI2,ULP.32710,WINSP,ULP PANRITA LOPI,,30/04/2026,,,P_MATTEKO,08/06/2026,,96523374,TND,Apr,UP3 BULUKUMBA,GD,TL,"0,00",,2026,,,,,,,,,,,,
96674581,Perbaikan/Pergantian INSPEKSI TIER 1 SEGMEN TG.LAPPA.00111.R0001-TG.LAPPA.00111.R0041.R00014,INST1,ULP.32760,4691804,32760.INSPEKSI3,ULP.32760,WAPPR,ULP SINJAI,,02/05/2026,,,P_LAPPA,02/05/2026,,96499158,TND,Mei,UP3 BULUKUMBA,JTM,TL,"0,70",,2026,,,,,,,,,,,,
96734318,Perbaikan/Pergantian INSPEKSI TIER 1 BK56005,INST1,GD01.06300720,,32720.INSPEKSI3,ULP.32720,COMP,ULP KALUMPANG,,04/05/2026,,KURANG,P_SAPOLOHE,04/06/2026,,96508724,TND,Mei,UP3 BULUKUMBA,GD,TL,"0,00",,2026,,,,,,,,,,,,
96734368,Perbaikan/Pergantian INSPEKSI TIER 1 BK56006,INST1,GD01.06300721,,32720.INSPEKSI3,ULP.32720,WOREJECT,ULP KALUMPANG,,04/05/2026,,BURUK,P_SAPOLOHE,27/08/2026,,96508851,TND,Mei,UP3 BULUKUMBA,GD,TL,"0,00",,2026,,,,,,,,,,,,
96734419,Perbaikan/Pergantian INSPEKSI TIER 1 BK56041,INST1,GD01.06300731,,32720.INSPEKSI3,ULP.32720,WOREJECT,ULP KALUMPANG,,04/05/2026,,BURUK,P_SAPOLOHE,27/08/2026,,96509000,TND,Mei,UP3 BULUKUMBA,GD,TL,"0,00",,2026,,,,,,,,,,,,
96734473,Perbaikan/Pergantian INSPEKSI TIER 1 BK56042,INST1,GD01.06300732,,32720.INSPEKSI3,ULP.32720,WOREJECT,ULP KALUMPANG,,04/05/2026,,BURUK,P_SAPOLOHE,27/08/2026,,96509043,TND,Mei,UP3 BULUKUMBA,GD,TL,"0,00",,2026,,,,,,,,,,,,
96734578,Perbaikan/Pergantian INSPEKSI TIER 1 BK56017,INST1,GD01.06300737,,32720.INSPEKSI3,ULP.32720,COMP,ULP KALUMPANG,,04/05/2026,,KURANG,P_SAPOLOHE,19/08/2026,,96509289,TND,Mei,UP3 BULUKUMBA,GD,TL,"0,00",,2026,,,,,,,,,,,,
96734639,Perbaikan/Pergantian INSPEKSI TIER 1 BK56037,INST1,GD01.06300749,,32720.INSPEKSI3,ULP.32720,INPRG,ULP KALUMPANG,,04/05/2026,,BURUK,P_SAPOLOHE,27/08/2026,,96509316,TND,Mei,UP3 BULUKUMBA,GD,TL,"0,00",,2026,,,,,,,,,,,,
96877213,Perbaikan/Pergantian INSPEKSI TIER 1 BT50027,INST1,GD01.06300510,,32770.INSPEKSI1,ULP.32770,COMP,ULP TANETE,,05/05/2026,,KURANG,P_BINTARORE,27/08/2026,,96540791,TND,Mei,UP3 BULUKUMBA,GD,TL,"0,00",,2026,,,,,,,,,,,,
96878396,Perbaikan/Pergantian INSPEKSI TIER 1 BT50024,INST1,GD01.06300507,,32770.INSPEKSI1,ULP.32770,COMP,ULP TANETE,,05/05/2026,,KURANG,P_BINTARORE,27/08/2026,,96540718,TND,Mei,UP3 BULUKUMBA,GD,TL,"0,00",,2026,,,,,,,,,,,,
96878937,Perbaikan/Pergantian INSPEKSI TIER 1 BT50095,INST1,GD01.06300512,,32770.INSPEKSI1,ULP.32770,COMP,ULP TANETE,,05/05/2026,,CUKUP,P_BINTARORE,29/06/2026,,96540850,TND,Mei,UP3 BULUKUMBA,GD,TL,"0,00",,2026,,,,,,,,,,,,
96882626,INSPEKSI TIER 1 SEGMEN TG.KOTIM.00032-LBS.BTP,INST1,ULP.32750,4690713,32750.INSPEKSI3,ULP.32750,COMP,ULP SELAYAR,,05/05/2026,,BAIK,P_TIELINE SELAYAR 1,08/05/2026,,,TND,Mei,UP3 BULUKUMBA,JTM,INSP,"1,50",,2026,,,,,,,,,,,,
96882950,TG.BHALANG.00032-TG.BHALANG.00032.L0001,INST1,ULP.32750,4690723,32750.INSPEKSI3,ULP.32750,COMP,ULP SELAYAR,,05/05/2026,,BAIK,P_TIELINE SELAYAR 1,07/05/2026,,,TND,Mei,UP3 BULUKUMBA,JTM,INSP,"0,05",,2026,,,,,,,,,,,,
96882998,TG.BHALANG.00032-TG.BHALANG.00038,INST1,ULP.32750,4690724,32750.INSPEKSI3,ULP.32750,COMP,ULP SELAYAR,,05/05/2026,,BAIK,P_TIELINE SELAYAR 1,18/05/2026,,,TND,Mei,UP3 BULUKUMBA,JTM,INSP,"0,30",,2026,,,,,,,,,,,,
96883060,719102HALANG.00038-TG.BHALANG.00038.R0008,INST1,ULP.32750,4690725,32750.INSPEKSI3,ULP.32750,COMP,ULP SELAYAR,,05/05/2026,,BAIK,P_TIELINE SELAYAR 1,18/05/2026,,,TND,Mei,UP3 BULUKUMBA,JTM,INSP,"0,40",,2026,,,,,,,,,,,,
96883134,TG.BHALANG.00038-TG.BHALANG.00051,INST1,ULP.32750,4690726,32750.INSPEKSI3,ULP.32750,COMP,ULP SELAYAR,,05/05/2026,,BAIK,P_TIELINE SELAYAR 1,18/05/2026,,,TND,Mei,UP3 BULUKUMBA,JTM,INSP,"0,65",,2026,,,,,,,,,,,,
96883367,Perbaikan/Pergantian INSPEKSI TIER 1 BT50032,INST1,GD01.06300524,,32770.INSPEKSI1,ULP.32770,COMP,ULP TANETE,,05/05/2026,,KURANG,P_BINTARORE,27/08/2026,,96541015,TND,Mei,UP3 BULUKUMBA,GD,TL,"0,00",,2026,,,,,,,,,,,,
96883370,TG.BHALANG.00051-TG.BHALANG.00051.L0017,INST1,ULP.32750,4690727,32750.INSPEKSI3,ULP.32750,COMP,ULP SELAYAR,,05/05/2026,,BAIK,P_TIELINE SELAYAR 1,18/05/2026,,,TND,Mei,UP3 BULUKUMBA,JTM,INSP,"0,85",,2026,,,,,,,,,,,,
96883603,INSPEKSI TIER 1 SEGMEN TG.BTMANAI.00100-TG.TABANG.00071,INST1,ULP.32750,4690730,32750.INSPEKSI3,ULP.32750,COMP,ULP SELAYAR,,05/05/2026,,BAIK,P_BONTOMANAI,07/05/2026,,,TND,Mei,UP3 BULUKUMBA,JTM,INSP,"0,40",,2026,,,,,,,,,,,,
96884007,TG.BHALANG.00051-TG.BHALANG.00067,INST1,ULP.32750,4690728,32750.INSPEKSI3,ULP.32750,COMP,ULP SELAYAR,,05/05/2026,,KURANG,P_TIELINE SELAYAR 1,18/05/2026,,,TND,Mei,UP3 BULUKUMBA,JTM,INSP,"0,80",,2026,,,,,,,,,,,,
96885994,INSPEKSI TIER 1 SEGMEN TG.LITHA.00676-TG.LITHA.00676.R0002,INST1,ULP.32760,161626,9112086FY,ULP.32760,COMP,ULP SINJAI,,05/05/2026,,BAIK,P_LITHA,12/06/2026,,,TND,Mei,UP3 BULUKUMBA,JTM,INSP,"0,10",,2026,,,,,,,,,,,,
96887000,INSPEKSI TIER 1 SEGMEN TG.LITHA.00618.L0147-TG.LITHA.00618.L0147.R0049,INST1,ULP.32760,22260607,32760.INSPEKSI1,ULP.32760,COMP,ULP SINJAI,,05/05/2026,,BAIK,P_LITHA,12/06/2026,,,TND,Mei,UP3 BULUKUMBA,JTM,INSP,"2,45",,2026,,,,,,,,,,,,
96888738,INSPEKSI TIER 1 SEGMEN TG.LITHA.01098.R0129-TG.LITHA.01098.R0129.L0011,INST1,ULP.32760,22260608,32760.INSPEKSI1,ULP.32760,COMP,ULP SINJAI,,05/05/2026,,BAIK,P_LITHA,12/06/2026,,,TND,Mei,UP3 BULUKUMBA,JTM,INSP,"0,55",,2026,,,,,,,,,,,,
96889175,INSPEKSI TIER 1 SEGMEN TG.LITHA.00001-TG.LITHA.00166,INST1,ULP.32760,4691839,32760.INSPEKSI1,ULP.32760,COMP,ULP SINJAI,,05/05/2026,,BAIK,P_LITHA,20/05/2026,,,TND,Mei,UP3 BULUKUMBA,JTM,INSP,"8,30",,2026,,,,,,,,,,,,
96890964,INSPEKSI TIER 1 SEGMEN TG.LITHA.00166.L0004-TG.LITHA.00166.L0004.L0003,INST1,ULP.32760,4691840,32760.INSPEKSI1,ULP.32760,COMP,ULP SINJAI,,05/05/2026,,BAIK,P_LITHA,20/05/2026,,,TND,Mei,UP3 BULUKUMBA,JTM,INSP,"0,15",,2026,,,,,,,,,,,,
96891213,INSPEKSI TIER 1 SEGMEN TG.LITHA.00166-TG.LITHA.00166.L0007,INST1,ULP.32760,4691841,32760.INSPEKSI1,ULP.32760,COMP,ULP SINJAI,,05/05/2026,,BAIK,P_LITHA,20/05/2026,,,TND,Mei,UP3 BULUKUMBA,JTM,INSP,"0,35",,2026,,,,,,,,,,,,
96891411,INSPEKSI TIER 1 SEGMEN TG.LITHA.00166-TG.LITHA.00185,INST1,ULP.32760,4691842,32760.INSPEKSI1,ULP.32760,COMP,ULP SINJAI,,05/05/2026,,BAIK,P_LITHA,20/05/2026,,,TND,Mei,UP3 BULUKUMBA,JTM,INSP,"0,95",,2026,,,,,,,,,,,,
96891643,INSPEKSI TIER 1 SEGMEN TG.LITHA.00185-TG.LITHA.00185.L0026,INST1,ULP.32760,4691843,32760.INSPEKSI1,ULP.32760,COMP,ULP SINJAI,,05/05/2026,,BAIK,P_LITHA,20/05/2026,,,TND,Mei,UP3 BULUKUMBA,JTM,INSP,"1,30",,2026,,,,,,,,,,,,
96891985,INSPEKSI TIER 1 SEGMEN TG.LITHA.00185-TG.LITHA.00240,INST1,ULP.32760,4691844,32760.INSPEKSI1,ULP.32760,COMP,ULP SINJAI,,05/05/2026,,,P_LITHA,11/06/2026,,,TND,Mei,UP3 BULUKUMBA,JTM,INSP,"2,75",,2026,,,,,,,,,,,,
96893102,INSPEKSI TIER 1 SEGMEN TG.LITHA.00240-TG.LITHA.00240.R0030,INST1,ULP.32760,4691845,32760.INSPEKSI1,ULP.32760,WFOLLOWUP,ULP SINJAI,,05/05/2026,,BURUK,P_LITHA,12/06/2026,,,TND,Mei,UP3 BULUKUMBA,JTM,INSP,"1,50",,2026,,,,,,,,,,,,
96893361,INSPEKSI TIER 1 SEGMEN TG.LITHA.00240-TG.LITHA.00251,INST1,ULP.32760,4691846,32760.INSPEKSI1,ULP.32760,WFOLLOWUP,ULP SINJAI,,05/05/2026,,BURUK,P_LITHA,12/06/2026,,,TND,Mei,UP3 BULUKUMBA,JTM,INSP,"0,55",,2026,,,,,,,,,,,,
96893665,INSPEKSI TIER 1 SEGMEN TG.LITHA.00251.L0031-TG.LITHA.00251.L0031.L0011,INST1,ULP.32760,4691847,32760.INSPEKSI1,ULP.32760,COMP,ULP SINJAI,,05/05/2026,,BAIK,P_LITHA,12/06/2026,,,TND,Mei,UP3 BULUKUMBA,JTM,INSP,"0,55",,2026,,,,,,,,,,,,
96893886,INSPEKSI TIER 1 SEGMEN TG.LITHA.00251-TG.LITHA.00251.L0049,INST1,ULP.32760,4691848,32760.INSPEKSI1,ULP.32760,WFOLLOWUP,ULP SINJAI,,05/05/2026,,BURUK,P_LITHA,12/06/2026,,,TND,Mei,UP3 BULUKUMBA,JTM,INSP,"2,45",,2026,,,,,,,,,,,,
96894470,INSPEKSI TIER 1 SEGMEN TG.LITHA.00251-TG.LITHA.00368,INST1,ULP.32760,4691849,32760.INSPEKSI1,ULP.32760,WFCOMP,ULP SINJAI,,05/05/2026,,BAIK,P_LITHA,06/07/2026,,,TND,Mei,UP3 BULUKUMBA,JTM,INSP,"5,85",,2026,,,,,,,,,,,,
96895451,INSPEKSI TIER 1 SEGMEN TG.LITHA.00368.R0001-TG.LITHA.00368.R0001.L0074,INST1,ULP.32760,4691850,32760.INSPEKSI1,ULP.32760,COMP,ULP SINJAI,,05/05/2026,,BAIK,P_LITHA,12/06/2026,,,TND,Mei,UP3 BULUKUMBA,JTM,INSP,"3,70",,2026,,,,,,,,,,,,
96896630,INSPEKSI TIER 1 SEGMEN TG.LITHA.00368-TG.LITHA.00368.R0069,INST1,ULP.32760,4691851,32760.INSPEKSI1,ULP.32760,COMP,ULP SINJAI,,05/05/2026,,KURANG,P_LITHA,12/06/2026,,,TND,Mei,UP3 BULUKUMBA,JTM,INSP,"3,45",,2026,,,,,,,,,,,,
96898063,INSPEKSI TIER 1 SEGMEN TG.LITHA.00368-TG.LITHA.00396,INST1,ULP.32760,4691852,32760.INSPEKSI1,ULP.32760,WFCOMP,ULP SINJAI,,05/05/2026,,BAIK,P_LITHA,06/07/2026,,,TND,Mei,UP3 BULUKUMBA,JTM,INSP,"1,40",,2026,,,,,,,,,,,,
96898745,INSPEKSI TIER 1 SEGMEN TG.LITHA.00396-TG.LITHA.00396.R0008,INST1,ULP.32760,4691853,32760.INSPEKSI1,ULP.32760,WFCOMP,ULP SINJAI,,05/05/2026,,BAIK,P_LITHA,06/07/2026,,,TND,Mei,UP3 BULUKUMBA,JTM,INSP,"0,40",,2026,,,,,,,,,,,,
96898948,INSPEKSI TIER 1 SEGMEN TG.LITHA.00463.R0211-TG.LITHA.00463.R0211.L0007,INST1,ULP.32760,4691854,32760.INSPEKSI1,ULP.32760,COMP,ULP SINJAI,,05/05/2026,,BAIK,P_LITHA,12/06/2026,,,TND,Mei,UP3 BULUKUMBA,JTM,INSP,"0,35",,2026,,,,,,,,,,,,
96899183,INSPEKSI TIER 1 SEGMEN TG.LITHA.00463-TG.LITHA.00463.R0302,INST1,ULP.32760,4691855,32760.INSPEKSI1,ULP.32760,WFCOMP,ULP SINJAI,,05/05/2026,,BAIK,P_LITHA,06/07/2026,,,TND,Mei,UP3 BULUKUMBA,JTM,INSP,"15,10",,2026,,,,,,,,,,,,
96901995,INSPEKSI TIER 1 SEGMEN TG.LITHA.00463-TG.LITHA.00513,INST1,ULP.32760,4691856,32760.INSPEKSI1,ULP.32760,COMP,ULP SINJAI,,05/05/2026,,BAIK,P_LITHA,15/06/2026,,,TND,Mei,UP3 BULUKUMBA,JTM,INSP,"2,50",,2026,,,,,,,,,,,,
96902435,INSPEKSI TIER 1 SEGMEN TG.LITHA.00513-TG.LITHA.00513.R0003,INST1,ULP.32760,4691857,32760.INSPEKSI1,ULP.32760,COMP,ULP SINJAI,,05/05/2026,,BAIK,P_LITHA,15/06/2026,,,TND,Mei,UP3 BULUKUMBA,JTM,INSP,"0,15",,2026,,,,,,,,,,,,
96902753,INSPEKSI TIER 1 SEGMEN TG.LITHA.00513-TG.LITHA.00533,INST1,ULP.32760,4691858,32760.INSPEKSI1,ULP.32760,COMP,ULP SINJAI,,05/05/2026,,BAIK,P_LITHA,15/06/2026,,,TND,Mei,UP3 BULUKUMBA,JTM,INSP,"1,00",,2026,,,,,,,,,,,,
96902997,INSPEKSI TIER 1 SEGMEN TG.LITHA.00533-TG.LITHA.00533.L0101,INST1,ULP.32760,4691859,32760.INSPEKSI1,ULP.32760,WFOLLOWUP,ULP SINJAI,,05/05/2026,,BURUK,P_LITHA,15/06/2026,,,TND,Mei,UP3 BULUKUMBA,JTM,INSP,"5,05",,2026,,,,,,,,,,,,
96903966,INSPEKSI TIER 1 SEGMEN TG.LITHA.00533-TG.LITHA.00559,INST1,ULP.32760,4691860,32760.INSPEKSI1,ULP.32760,COMP,ULP SINJAI,,05/05/2026,,BAIK,P_LITHA,15/06/2026,,,TND,Mei,UP3 BULUKUMBA,JTM,INSP,"1,30",,2026,,,,,,,,,,,,
96904869,INSPEKSI TIER 1 SEGMEN TG.LITHA.00559-TG.LITHA.00559.R0033,INST1,ULP.32760,4691861,32760.INSPEKSI1,ULP.32760,COMP,ULP SINJAI,,05/05/2026,,BAIK,P_LITHA,17/06/2026,,,TND,Mei,UP3 BULUKUMBA,JTM,INSP,"1,65",,2026,,,,,,,,,,,,
96906160,INSPEKSI TIER 1 SEGMEN TG.LITHA.00559-TG.LITHA.00596,INST1,ULP.32760,4691862,32760.INSPEKSI1,ULP.32760,COMP,ULP SINJAI,,05/05/2026,,BAIK,P_LITHA,17/06/2026,,,TND,Mei,UP3 BULUKUMBA,JTM,INSP,"1,85",,2026,,,,,,,,,,,,
96910302,INSPEKSI TIER 1 SEGMEN TG.LITHA.00596-TG.LITHA.00596.L0026,INST1,ULP.32760,4691863,32760.INSPEKSI1,ULP.32760,COMP,ULP SINJAI,,05/05/2026,,BAIK,P_LITHA,15/06/2026,,,TND,Mei,UP3 BULUKUMBA,JTM,INSP,"1,30",,2026,,,,,,,,,,,,
96911523,INSPEKSI TIER 1 SEGMEN TG.LITHA.00596-TG.LITHA.00618,INST1,ULP.32760,4691864,32760.INSPEKSI1,ULP.32760,COMP,ULP SINJAI,,05/05/2026,,BAIK,P_LITHA,15/06/2026,,,TND,Mei,UP3 BULUKUMBA,JTM,INSP,"1,10",,2026,,,,,,,,,,,,
96911824,INSPEKSI TIER 1 SEGMEN TG.LITHA.00618.L0004.L0064-TG.LITHA.00618.L0004.L0064.L0021,INST1,ULP.32760,4691865,32760.INSPEKSI1,ULP.32760,COMP,ULP SINJAI,,05/05/2026,,BAIK,P_LITHA,15/06/2026,,,TND,Mei,UP3 BULUKUMBA,JTM,INSP,"1,05",,2026,,,,,,,,,,,,
96912072,INSPEKSI TIER 1 SEGMEN TG.LITHA.00618.L0004.L0101-TG.LITHA.00618.L0004.L0101.L0059,INST1,ULP.32760,4691866,32760.INSPEKSI1,ULP.32760,COMP,ULP SINJAI,,05/05/2026,,BAIK,P_LITHA,15/06/2026,,,TND,Mei,UP3 BULUKUMBA,JTM,INSP,"2,95",,2026,,,,,,,,,,,,
96912810,INSPEKSI TIER 1 SEGMEN TG.LITHA.00618.L0083.L0026-TG.LITHA.00618.L0083.L0026.L0021,INST1,ULP.32760,4691867,32760.INSPEKSI1,ULP.32760,COMP,ULP SINJAI,,05/05/2026,,BAIK,P_LITHA,15/06/2026,,,TND,Mei,UP3 BULUKUMBA,JTM,INSP,"1,10",,2026,,,,,,,,,,,,
96913220,INSPEKSI TIER 1 SEGMEN TG.LITHA.00618.L0100-TG.LITHA.00618.L0100.R0022,INST1,ULP.32760,4691868,32760.INSPEKSI1,ULP.32760,COMP,ULP SINJAI,,05/05/2026,,BAIK,P_LITHA,15/06/2026,,,TND,Mei,UP3 BULUKUMBA,JTM,INSP,"1,10",,2026,,,,,,,,,,,,
96916652,INSPEKSI TIER 1 SEGMEN TG.LITHA.00618.L0103-TG.LITHA.00618.L0103.L0036,INST1,ULP.32760,4691869,32760.INSPEKSI1,ULP.32760,COMP,ULP SINJAI,,05/05/2026,,BAIK,P_LITHA,15/06/2026,,,TND,Mei,UP3 BULUKUMBA,JTM,INSP,"1,80",,2026,,,,,,,,,,,,
96917944,INSPEKSI TIER 1 SEGMEN TG.LITHA.00618.L0217.R0011-TG.LITHA.00618.L0217.R0011.L0031,INST1,ULP.32760,4691870,32760.INSPEKSI1,ULP.32760,COMP,ULP SINJAI,,05/05/2026,,BAIK,P_LITHA,15/06/2026,,,TND,Mei,UP3 BULUKUMBA,JTM,INSP,"1,55",,2026,,,,,,,,,,,,
96918372,INSPEKSI TIER 1 SEGMEN TG.LITHA.00618.L0217-TG.LITHA.00618.L0217.R0125,INST1,ULP.32760,4691871,32760.INSPEKSI1,ULP.32760,COMP,ULP SINJAI,,05/05/2026,,BAIK,P_LITHA,15/06/2026,,,TND,Mei,UP3 BULUKUMBA,JTM,INSP,"0,55",,2026,,,,,,,,,,,,
96918794,INSPEKSI TIER 1 SEGMEN TG.LITHA.00618-TG.LITHA.00618.L0262,INST1,ULP.32760,4691872,32760.INSPEKSI1,ULP.32760,WFCOMP,ULP SINJAI,,05/05/2026,,BAIK,P_LITHA,06/07/2026,,,TND,Mei,UP3 BULUKUMBA,JTM,INSP,"2,25",,2026,,,,,,,,,,,,
96919338,INSPEKSI TIER 1 SEGMEN TG.LITHA.00618-TG.LITHA.00688,INST1,ULP.32760,4691873,32760.INSPEKSI1,ULP.32760,COMP,ULP SINJAI,,05/05/2026,,BAIK,P_LITHA,15/06/2026,,,TND,Mei,UP3 BULUKUMBA,JTM,INSP,"3,50",,2026,,,,,,,,,,,,
96920239,INSPEKSI TIER 1 SEGMEN TG.LITHA.00688-TG.LITHA.00688.L0047,INST1,ULP.32760,4691874,32760.INSPEKSI1,ULP.32760,COMP,ULP SINJAI,,05/05/2026,,BAIK,P_LITHA,17/06/2026,,,TND,Mei,UP3 BULUKUMBA,JTM,INSP,"2,35",,2026,,,,,,,,,,,,
96921791,INSPEKSI TIER 1 SEGMEN TG.LITHA.00688-TG.LITHA.00688.R0064,INST1,ULP.32760,4691875,32760.INSPEKSI1,ULP.32760,COMP,ULP SINJAI,,05/05/2026,,KURANG,P_LITHA,17/06/2026,,,TND,Mei,UP3 BULUKUMBA,JTM,INSP,"3,20",,2026,,,,,,,,,,,,
96923241,INSPEKSI TIER 1 SEGMEN TG.LITHA.00759-TG.LITHA.00759.L0014,INST1,ULP.32760,4691876,32760.INSPEKSI1,ULP.32760,COMP,ULP SINJAI,,05/05/2026,,BAIK,P_LITHA,21/06/2026,,,TND,Mei,UP3 BULUKUMBA,JTM,INSP,"0,70",,2026,,,,,,,,,,,,
96926910,INSPEKSI TIER 1 SEGMEN TG.LITHA.00769-TG.LITHA.00769.R0016,INST1,ULP.32760,4691877,32760.INSPEKSI1,ULP.32760,COMP,ULP SINJAI,,05/05/2026,,BAIK,P_LITHA,21/06/2026,,,TND,Mei,UP3 BULUKUMBA,JTM,INSP,"0,80",,2026,,,,,,,,,,,,
96927191,INSPEKSI TIER 1 SEGMEN TG.LITHA.00769-TG.LITHA.00796,INST1,ULP.32760,4691878,32760.INSPEKSI1,ULP.32760,COMP,ULP SINJAI,,05/05/2026,,BAIK,P_LITHA,21/06/2026,,,TND,Mei,UP3 BULUKUMBA,JTM,INSP,"1,35",,2026,,,,,,,,,,,,
96927530,INSPEKSI TIER 1 SEGMEN TG.LITHA.00796-TG.LITHA.00796.L0060,INST1,ULP.32760,4691879,32760.INSPEKSI1,ULP.32760,COMP,ULP SINJAI,,05/05/2026,,BAIK,P_LITHA,21/06/2026,,,TND,Mei,UP3 BULUKUMBA,JTM,INSP,"3,00",,2026,,,,,,,,,,,,
96927921,INSPEKSI TIER 1 SEGMEN TG.LITHA.00796-TG.LITHA.00804,INST1,ULP.32760,4691880,32760.INSPEKSI1,ULP.32760,COMP,ULP SINJAI,,05/05/2026,,BAIK,P_LITHA,22/06/2026,,,TND,Mei,UP3 BULUKUMBA,JTM,INSP,"0,40",,2026,,,,,,,,,,,,
96928086,INSPEKSI TIER 1 SEGMEN TG.LITHA.00804-TG.LITHA.00804.R0046,INST1,ULP.32760,4691881,32760.INSPEKSI1,ULP.32760,COMP,ULP SINJAI,,05/05/2026,,BAIK,P_LITHA,22/06/2026,,,TND,Mei,UP3 BULUKUMBA,JTM,INSP,"2,30",,2026,,,,,,,,,,,,
96928419,INSPEKSI TIER 1 SEGMEN TG.LITHA.00950-TG.LITHA.01061,INST1,ULP.32760,4691882,32760.INSPEKSI1,ULP.32760,WFOLLOWUP,ULP SINJAI,,05/05/2026,,BURUK,P_LITHA,21/06/2026,,,TND,Mei,UP3 BULUKUMBA,JTM,INSP,"5,60",,2026,,,,,,,,,,,,
96933323,INSPEKSI TIER 1 SEGMEN TG.LITHA.00950-TG.LITHA.01061,INST1,ULP.32760,4691882,32760.INSPEKSI1,ULP.32760,WFOLLOWUP,ULP SINJAI,,05/05/2026,,BURUK,P_LITHA,21/06/2026,,,TND,Mei,UP3 BULUKUMBA,JTM,INSP,"5,60",,2026,,,,,,,,,,,,
96935828,INSPEKSI TIER 1 SEGMEN TG.LITHA.01061-TG.LITHA.01061.R0028,INST1,ULP.32760,4691883,32760.INSPEKSI1,ULP.32760,COMP,ULP SINJAI,,05/05/2026,,BAIK,P_LITHA,19/06/2026,,,TND,Mei,UP3 BULUKUMBA,JTM,INSP,"1,40",,2026,,,,,,,,,,,,
96941343,INSPEKSI TIER 1 SEGMEN TG.LITHA.01061-TG.LITHA.01098,INST1,ULP.32760,4691884,32760.INSPEKSI1,ULP.32760,COMP,ULP SINJAI,,05/05/2026,,BAIK,P_LITHA,19/06/2026,,,TND,Mei,UP3 BULUKUMBA,JTM,INSP,"1,85",,2026,,,,,,,,,,,,
96948912,INSPEKSI TIER 1 SEGMEN TG.LITHA.01061-TG.LITHA.01098,INST1,ULP.32760,4691884,32760.INSPEKSI1,ULP.32760,COMP,ULP SINJAI,,05/05/2026,,BAIK,P_LITHA,19/06/2026,,,TND,Mei,UP3 BULUKUMBA,JTM,INSP,"1,85",,2026,,,,,,,,,,,,
96952572,INSPEKSI TIER 1 SEGMEN TG.LITHA.01061-TG.LITHA.01098,INST1,ULP.32760,4691884,32760.INSPEKSI1,ULP.32760,WFOLLOWUP,ULP SINJAI,,05/05/2026,,BURUK,P_LITHA,19/06/2026,,,TND,Mei,UP3 BULUKUMBA,JTM,INSP,"1,85",,2026,,,,,,,,,,,,
96952764,INSPEKSI TIER 1 SEGMEN TG.LITHA.01098.R0057-TG.LITHA.01098.R0057.L0027,INST1,ULP.32760,4691885,32760.INSPEKSI1,ULP.32760,COMP,ULP SINJAI,,05/05/2026,,BAIK,P_LITHA,19/06/2026,,,TND,Mei,UP3 BULUKUMBA,JTM,INSP,"1,35",,2026,,,,,,,,,,,,
96953069,INSPEKSI TIER 1 SEGMEN TG.LITHA.01098.R0083-TG.LITHA.01098.R0083.L0054,INST1,ULP.32760,4691886,32760.INSPEKSI1,ULP.32760,WFOLLOWUP,ULP SINJAI,,05/05/2026,,BURUK,P_LITHA,19/06/2026,,,TND,Mei,UP3 BULUKUMBA,JTM,INSP,"2,70",,2026,,,,,,,,,,,,
96953765,INSPEKSI TIER 1 SEGMEN TG.LITHA.01098-TG.LITHA.01098.R0224,INST1,ULP.32760,4691887,32760.INSPEKSI1,ULP.32760,WFOLLOWUP,ULP SINJAI,,05/05/2026,,BURUK,P_LITHA,19/06/2026,,,TND,Mei,UP3 BULUKUMBA,JTM,INSP,"7,05",,2026,,,,,,,,,,,,
96959880,Perbaikan/Pergantian INSPEKSI TIER 1 SEGMEN TG.LAPPA.00111.R0014-TG.LAPPA.00111.R0014.L00041,INST1,ULP.32760,4691805,32760.INSPEKSI3,ULP.32760,WAPPR,ULP SINJAI,,05/05/2026,,,P_LAPPA,05/05/2026,,96499218,TND,Mei,UP3 BULUKUMBA,JTM,TL,"2,05",,2026,,,,,,,,,,,,
96962920,INSPEKSI TIER 1 SEGMEN TG.LITHA.01098-TG.LITHA.01176,INST1,ULP.32760,4691888,32760.INSPEKSI1,ULP.32760,COMP,ULP SINJAI,,05/05/2026,,BAIK,P_LITHA,19/06/2026,,,TND,Mei,UP3 BULUKUMBA,JTM,INSP,"3,90",,2026,,,,,,,,,,,,
96975223,INSPEKSI TIER 1 SEGMEN TG.LITHA.01176.R0013-TG.LITHA.01176.R0013.R0001,INST1,ULP.32760,4691889,32760.INSPEKSI1,ULP.32760,COMP,ULP SINJAI,,05/05/2026,,BAIK,P_LITHA,19/06/2026,,,TND,Mei,UP3 BULUKUMBA,JTM,INSP,"0,05",,2026,,,,,,,,,,,,
96975495,INSPEKSI TIER 1 SEGMEN TG.LITHA.01176-TG.LITHA.01176.R0082,INST1,ULP.32760,4691890,32760.INSPEKSI1,ULP.32760,COMP,ULP SINJAI,,05/05/2026,,BAIK,P_LITHA,19/06/2026,,,TND,Mei,UP3 BULUKUMBA,JTM,INSP,"4,10",,2026,,,,,,,,,,,,
96976115,INSPEKSI TIER 1 SEGMEN TG.LITHA.01176-TG.LITHA.01371,INST1,ULP.32760,4691891,32760.INSPEKSI1,ULP.32760,WFCOMP,ULP SINJAI,,05/05/2026,,BAIK,P_LITHA,06/07/2026,,,TND,Mei,UP3 BULUKUMBA,JTM,INSP,"9,75",,2026,,,,,,,,,,,,
96977422,INSPEKSI TIER 1 SEGMEN TG.LITHA.00251.L0043-TG.LITHA.00251.L0043.L0047,INST1,ULP.32760,4691892,32760.INSPEKSI1,ULP.32760,COMP,ULP SINJAI,,05/05/2026,,BAIK,P_LITHA,18/06/2026,,,TND,Mei,UP3 BULUKUMBA,JTM,INSP,"2,35",,2026,,,,,,,,,,,,
96978028,INSPEKSI TIER 1 SEGMEN TG.LITHA.00251.L0043.L0047-TG.LITHA.00251.L0043.L0065,INST1,ULP.32760,4691893,32760.INSPEKSI1,ULP.32760,COMP,ULP SINJAI,,05/05/2026,,BAIK,P_LITHA,18/06/2026,,,TND,Mei,UP3 BULUKUMBA,JTM,INSP,"0,90",,2026,,,,,,,,,,,,
96978573,INSPEKSI TIER 1 SEGMEN TG.LITHA.00396-TG.LITHA.00458,INST1,ULP.32760,4691894,32760.INSPEKSI1,ULP.32760,COMP,ULP SINJAI,,05/05/2026,,BAIK,P_LITHA,18/06/2026,,,TND,Mei,UP3 BULUKUMBA,JTM,INSP,"3,10",,2026,,,,,,,,,,,,
96979101,INSPEKSI TIER 1 SEGMEN TG.LITHA.00458-TG.LITHA.00463,INST1,ULP.32760,4691895,32760.INSPEKSI1,ULP.32760,COMP,ULP SINJAI,,05/05/2026,,BAIK,P_LITHA,18/06/2026,,,TND,Mei,UP3 BULUKUMBA,JTM,INSP,"0,25",,2026,,,,,,,,,,,,
96979586,INSPEKSI TIER 1 SEGMEN TG.LITHA.00618.L0004.L0065.R0006-TG.LITHA.00618.L0004.L0079,INST1,ULP.32760,4691896,32760.INSPEKSI1,ULP.32760,COMP,ULP SINJAI,,05/05/2026,,BAIK,P_LITHA,18/06/2026,,,TND,Mei,UP3 BULUKUMBA,JTM,INSP,"0,70",,2026,,,,,,,,,,,,
96979945,INSPEKSI TIER 1 SEGMEN TG.LITHA.00618.L0004.L0079-TG.LITHA.00618.L0004.L0082,INST1,ULP.32760,4691897,32760.INSPEKSI1,ULP.32760,COMP,ULP SINJAI,,05/05/2026,,BAIK,P_LITHA,18/06/2026,,,TND,Mei,UP3 BULUKUMBA,JTM,INSP,"0,15",,2026,,,,,,,,,,,,
96980737,INSPEKSI TIER 1 SEGMEN TG.LITHA.00618.L0004.L0082-TG.LITHA.00618.L0004.L0101,INST1,ULP.32760,4691898,32760.INSPEKSI1,ULP.32760,COMP,ULP SINJAI,,05/05/2026,,BAIK,P_LITHA,18/06/2026,,,TND,Mei,UP3 BULUKUMBA,JTM,INSP,"0,95",,2026,,,,,,,,,,,,
96981871,INSPEKSI TIER 1 SEGMEN TG.LITHA.00618.L0083-TG.LITHA.00618.L0083.L0026,INST1,ULP.32760,4691899,32760.INSPEKSI1,ULP.32760,COMP,ULP SINJAI,,05/05/2026,,BAIK,P_LITHA,21/06/2026,,,TND,Mei,UP3 BULUKUMBA,JTM,INSP,"1,30",,2026,,,,,,,,,,,,
96982204,INSPEKSI TIER 1 SEGMEN TG.LITHA.00618-TG.LITHA.00618.L0128,INST1,ULP.32760,4691900,32760.INSPEKSI1,ULP.32760,COMP,ULP SINJAI,,05/05/2026,,BAIK,P_LITHA,25/08/2026,,,TND,Mei,UP3 BULUKUMBA,JTM,INSP,"1,25",,2026,,,,,,,,,,,,
96982615,INSPEKSI TIER 1 SEGMEN TG.LITHA.00618.L0128-TG.LITHA.00618.L0262,INST1,ULP.32760,4691901,32760.INSPEKSI1,ULP.32760,COMP,ULP SINJAI,,05/05/2026,,BAIK,P_LITHA,21/06/2026,,,TND,Mei,UP3 BULUKUMBA,JTM,INSP,"4,45",,2026,,,,,,,,,,,,
96983147,INSPEKSI TIER 1 SEGMEN TG.LITHA.00618.L0217-TG.LITHA.00618.L0217.R0077,INST1,ULP.32760,4691902,32760.INSPEKSI1,ULP.32760,COMP,ULP SINJAI,,05/05/2026,,BAIK,P_LITHA,21/06/2026,,,TND,Mei,UP3 BULUKUMBA,JTM,INSP,"3,30",,2026,,,,,,,,,,,,
96983982,INSPEKSI TIER 1 SEGMEN TG.LITHA.00618.L0217.R0077-TG.LITHA.00618.L0217.R0125,INST1,ULP.32760,4691903,32760.INSPEKSI1,ULP.32760,WFOLLOWUP,ULP SINJAI,,05/05/2026,,BURUK,P_LITHA,22/06/2026,,,TND,Mei,UP3 BULUKUMBA,JTM,INSP,"2,40",,2026,,,,,,,,,,,,
96984363,INSPEKSI TIER 1 SEGMEN TG.LITHA.00688-TG.LITHA.00759,INST1,ULP.32760,4691904,32760.INSPEKSI1,ULP.32760,COMP,ULP SINJAI,,05/05/2026,,BAIK,P_LITHA,22/06/2026,,,TND,Mei,UP3 BULUKUMBA,JTM,INSP,"3,55",,2026,,,,,,,,,,,,
96984939,INSPEKSI TIER 1 SEGMEN TG.LITHA.00759-TG.LITHA.00769,INST1,ULP.32760,4691905,32760.INSPEKSI1,ULP.32760,COMP,ULP SINJAI,,05/05/2026,,BAIK,P_LITHA,22/06/2026,,,TND,Mei,UP3 BULUKUMBA,JTM,INSP,"0,50",,2026,,,,,,,,,,,,
96985514,INSPEKSI TIER 1 SEGMEN TG.LITHA.00804-TG.LITHA.00907,INST1,ULP.32760,4691906,32760.INSPEKSI1,ULP.32760,COMP,ULP SINJAI,,05/05/2026,,BAIK,P_LITHA,22/06/2026,,,TND,Mei,UP3 BULUKUMBA,JTM,INSP,"5,15",,2026,,,,,,,,,,,,
96986158,INSPEKSI TIER 1 SEGMEN TG.LITHA.00907-TG.LITHA.00949,INST1,ULP.32760,4691907,32760.INSPEKSI1,ULP.32760,COMP,ULP SINJAI,,05/05/2026,,BAIK,P_LITHA,22/06/2026,,,TND,Mei,UP3 BULUKUMBA,JTM,INSP,"2,10",,2026,,,,,,,,,,,,
96986618,INSPEKSI TIER 1 SEGMEN TG.LITHA.00618.L0083.L0026.L0021-TG.LITHA.00618.L0083.L0032,INST1,ULP.32760,4691908,32760.INSPEKSI1,ULP.32760,COMP,ULP SINJAI,,05/05/2026,,BAIK,P_LITHA,22/06/2026,,,TND,Mei,UP3 BULUKUMBA,JTM,INSP,"0,25",,2026,,,,,,,,,,,,
96987004,INSPEKSI TIER 1 SEGMEN TG.LITHA.01098-TG.LITHA.01098.R0057,INST1,ULP.32760,4691909,32760.INSPEKSI1,ULP.32760,COMP,ULP SINJAI,,05/05/2026,,BAIK,P_LITHA,22/06/2026,,,TND,Mei,UP3 BULUKUMBA,JTM,INSP,"2,85",,2026,,,,,,,,,,,,
96987750,INSPEKSI TIER 1 SEGMEN TG.LITHA.01098.R0057.L0027-TG.LITHA.01098.R0083,INST1,ULP.32760,4691910,32760.INSPEKSI1,ULP.32760,COMP,ULP SINJAI,,05/05/2026,,BAIK,P_LITHA,22/06/2026,,,TND,Mei,UP3 BULUKUMBA,JTM,INSP,"1,30",,2026,,,,,,,,,,,,
96988497,INSPEKSI TIER 1 SEGMEN TG.LITHA.00618-TG.LITHA.00618.L0004,INST1,ULP.32760,4691911,32760.INSPEKSI1,ULP.32760,COMP,ULP SINJAI,,05/05/2026,,BAIK,P_LITHA,22/06/2026,,,TND,Mei,UP3 BULUKUMBA,JTM,INSP,"0,20",,2026,,,,,,,,,,,,
96989001,INSPEKSI TIER 1 SEGMEN TG.LITHA.00618.L0004-TG.LITHA.00618.L0004.L0064,INST1,ULP.32760,4691912,32760.INSPEKSI1,ULP.32760,WFOLLOWUP,ULP SINJAI,,05/05/2026,,BURUK,P_LITHA,22/06/2026,,,TND,Mei,UP3 BULUKUMBA,JTM,INSP,"3,20",,2026,,,,,,,,,,,,
96989479,INSPEKSI TIER 1 SEGMEN TG.LITHA.00618.L0004.L0064.L0021-TG.LITHA.00618.L0004.L0065.R0006,INST1,ULP.32760,4691913,32760.INSPEKSI1,ULP.32760,COMP,ULP SINJAI,,05/05/2026,,BAIK,P_LITHA,22/06/2026,,,TND,Mei,UP3 BULUKUMBA,JTM,INSP,"0,35",,2026,,,,,,,,,,,,
96989754,INSPEKSI TIER 1 SEGMEN TG.LITHA.00618.L0004.L0101.L0059-TG.LITHA.00618.L0004.L0165,INST1,ULP.32760,4691914,32760.INSPEKSI1,ULP.32760,COMP,ULP SINJAI,,05/05/2026,,BAIK,P_LITHA,22/06/2026,,,TND,Mei,UP3 BULUKUMBA,JTM,INSP,"3,20",,2026,,,,,,,,,,,,
96997981,INSPEKSI TIER 1 SEGMEN TG.LITHA.00618.L0004.L0165-TG.LITHA.00618.L0083,INST1,ULP.32760,4691915,32760.INSPEKSI1,ULP.32760,COMP,ULP SINJAI,,05/05/2026,,BAIK,P_LITHA,23/06/2026,,,TND,Mei,UP3 BULUKUMBA,JTM,INSP,"3,95",,2026,,,,,,,,,,,,
96998520,INSPEKSI TIER 1 SEGMEN TG.LITHA.00618-TG.LITHA.00618.L0100,INST1,ULP.32760,4691916,32760.INSPEKSI1,ULP.32760,WFOLLOWUP,ULP SINJAI,,05/05/2026,,BURUK,P_LITHA,22/06/2026,,,TND,Mei,UP3 BULUKUMBA,JTM,INSP,"0,85",,2026,,,,,,,,,,,,
97001805,INSPEKSI TIER 1 BR70010,INST1,GD01.06301525,,32750.INSPEKSI1,ULP.32750,COMP,ULP SELAYAR,,05/05/2026,,KURANG,P_TIELINE SELAYAR 1,05/06/2026,,,TND,Mei,UP3 BULUKUMBA,GD,INSP,"0,00",,2026,,,,,,,,,,,,
97001965,INSPEKSI TIER 1 BR70011,INST1,GD01.06301526,,32750.INSPEKSI1,ULP.32750,COMP,ULP SELAYAR,,05/05/2026,,KURANG,P_TIELINE SELAYAR 1,07/05/2026,,,TND,Mei,UP3 BULUKUMBA,GD,INSP,"0,00",,2026,,,,,,,,,,,,
97002119,INSPEKSI TIER 1 BR70012,INST1,GD01.06301527,,32750.INSPEKSI1,ULP.32750,COMP,ULP SELAYAR,,05/05/2026,,KURANG,P_TIELINE SELAYAR 1,07/05/2026,,,TND,Mei,UP3 BULUKUMBA,GD,INSP,"0,00",,2026,,,,,,,,,,,,
97005125,INSPEKSI TIER 1 BR70014,INST1,GD01.06301529,,32750.INSPEKSI1,ULP.32750,COMP,ULP SELAYAR,,05/05/2026,,KURANG,P_TIELINE SELAYAR 1,07/05/2026,,,TND,Mei,UP3 BULUKUMBA,GD,INSP,"0,00",,2026,,,,,,,,,,,,
97006155,INSPEKSI TIER 1 BR70017,INST1,GD01.06301532,,32750.INSPEKSI1,ULP.32750,COMP,ULP SELAYAR,,05/05/2026,,KURANG,P_TIELINE SELAYAR 1,07/05/2026,,,TND,Mei,UP3 BULUKUMBA,GD,INSP,"0,00",,2026,,,,,,,,,,,,
97007734,INSPEKSI TIER 1 BR70018,INST1,GD01.06301533,,32750.INSPEKSI1,ULP.32750,COMP,ULP SELAYAR,,05/05/2026,,KURANG,P_TIELINE SELAYAR 1,07/05/2026,,,TND,Mei,UP3 BULUKUMBA,GD,INSP,"0,00",,2026,,,,,,,,,,,,
97008088,INSPEKSI TIER 1 BR70019,INST1,GD01.06301534,,32750.INSPEKSI1,ULP.32750,COMP,ULP SELAYAR,,05/05/2026,,KURANG,P_TIELINE SELAYAR 1,07/05/2026,,,TND,Mei,UP3 BULUKUMBA,GD,INSP,"0,00",,2026,,,,,,,,,,,,
97008742,INSPEKSI TIER 1 BT50035,INST1,GD01.06300526,,32750.INSPEKSI1,ULP.32750,COMP,ULP SELAYAR,,05/05/2026,,KURANG,P_LABUAN PAMAJANG,18/05/2026,,,TND,Mei,UP3 BULUKUMBA,GD,INSP,"0,00",,2026,,,,,,,,,,,,
97009003,INSPEKSI TIER 1 BT03541,INST1,GD01.06300681,,32750.INSPEKSI1,ULP.32750,COMP,ULP SELAYAR,,05/05/2026,,KURANG,P_LABUAN PAMAJANG,18/05/2026,,,TND,Mei,UP3 BULUKUMBA,GD,INSP,"0,00",,2026,,,,,,,,,,,,
97009540,INSPEKSI TIER 1 GT SISIPAN SYAMRATULANGI,INST1,GD01.06301490,,32750.INSPEKSI1,ULP.32750,COMP,ULP SELAYAR,,05/05/2026,,KURANG,P_TIELINE SELAYAR 1,07/05/2026,,,TND,Mei,UP3 BULUKUMBA,GD,INSP,"0,00",,2026,,,,,,,,,,,,
97009962,INSPEKSI TIER 1 GT SMK KELAUTAN,INST1,GD01.06301493,,32750.INSPEKSI1,ULP.32750,COMP,ULP SELAYAR,,05/05/2026,,KURANG,P_TIELINE SELAYAR 1,07/05/2026,,,TND,Mei,UP3 BULUKUMBA,GD,INSP,"0,00",,2026,,,,,,,,,,,,
97010289,INSPEKSI TIER 1 BR67044,INST1,GD01.06301503,,32750.INSPEKSI1,ULP.32750,COMP,ULP SELAYAR,,05/05/2026,,BAIK,P_BONTOMANAI,07/08/2026,,,TND,Mei,UP3 BULUKUMBA,GD,INSP,"0,00",,2026,,,,,,,,,,,,
97010929,INSPEKSI TIER 1 BR67046,INST1,GD01.06301505,,32750.INSPEKSI1,ULP.32750,COMP,ULP SELAYAR,,05/05/2026,,CUKUP,P_BONTOMANAI,18/05/2026,,,TND,Mei,UP3 BULUKUMBA,GD,INSP,"0,00",,2026,,,,,,,,,,,,
97011208,INSPEKSI TIER 1 BR67047,INST1,GD01.06301506,,32750.INSPEKSI1,ULP.32750,COMP,ULP SELAYAR,,05/05/2026,,CUKUP,P_BONTOMANAI,18/05/2026,,,TND,Mei,UP3 BULUKUMBA,GD,INSP,"0,00",,2026,,,,,,,,,,,,
97012160,INSPEKSI TIER 1 BR67048,INST1,GD01.06301508,,32750.INSPEKSI1,ULP.32750,COMP,ULP SELAYAR,,05/05/2026,,CUKUP,P_BONTOMANAI,18/05/2026,,,TND,Mei,UP3 BULUKUMBA,GD,INSP,"0,00",,2026,,,,,,,,,,,,
97012428,INSPEKSI TIER 1 BR67049,INST1,GD01.06301509,,32750.INSPEKSI1,ULP.32750,COMP,ULP SELAYAR,,05/05/2026,,CUKUP,P_BONTOMANAI,18/05/2026,,,TND,Mei,UP3 BULUKUMBA,GD,INSP,"0,00",,2026,,,,,,,,,,,,
97013324,INSPEKSI TIER 1 BR67050,INST1,GD01.06301510,,32750.INSPEKSI1,ULP.32750,COMP,ULP SELAYAR,,05/05/2026,,CUKUP,P_BONTOMANAI,18/05/2026,,,TND,Mei,UP3 BULUKUMBA,GD,INSP,"0,00",,2026,,,,,,,,,,,,
97013698,INSPEKSI TIER 1 BX004,INST1,GD01.06301512,,32750.INSPEKSI1,ULP.32750,COMP,ULP SELAYAR,,05/05/2026,,CUKUP,P_BONTOMANAI,18/05/2026,,,TND,Mei,UP3 BULUKUMBA,GD,INSP,"0,00",,2026,,,,,,,,,,,,
97013922,INSPEKSI TIER 1 BR67051,INST1,GD01.06301513,,32750.INSPEKSI1,ULP.32750,COMP,ULP SELAYAR,,05/05/2026,,CUKUP,P_BONTOMANAI,18/05/2026,,,TND,Mei,UP3 BULUKUMBA,GD,INSP,"0,00",,2026,,,,,,,,,,,,
97014323,INSPEKSI TIER 1 BTS TSEL,INST1,GD01.06301514,,32750.INSPEKSI1,ULP.32750,COMP,ULP SELAYAR,,05/05/2026,,CUKUP,P_BONTOMANAI,18/05/2026,,,TND,Mei,UP3 BULUKUMBA,GD,INSP,"0,00",,2026,,,,,,,,,,,,
97014617,INSPEKSI TIER 1 BR67053,INST1,GD01.06301515,,32750.INSPEKSI1,ULP.32750,COMP,ULP SELAYAR,,05/05/2026,,CUKUP,P_BONTOMANAI,18/05/2026,,,TND,Mei,UP3 BULUKUMBA,GD,INSP,"0,00",,2026,,,,,,,,,,,,
97014795,INSPEKSI TIER 1 BX005,INST1,GD01.06301516,,32750.INSPEKSI1,ULP.32750,COMP,ULP SELAYAR,,05/05/2026,,CUKUP,P_BONTOMANAI,18/05/2026,,,TND,Mei,UP3 BULUKUMBA,GD,INSP,"0,00",,2026,,,,,,,,,,,,
97015009,INSPEKSI TIER 1 BR67054,INST1,GD01.06301517,,32750.INSPEKSI1,ULP.32750,COMP,ULP SELAYAR,,05/05/2026,,CUKUP,P_BONTOMANAI,18/05/2026,,,TND,Mei,UP3 BULUKUMBA,GD,INSP,"0,00",,2026,,,,,,,,,,,,
97015280,INSPEKSI TIER 1 BR67042,INST1,GD01.06301518,,32750.INSPEKSI1,ULP.32750,COMP,ULP SELAYAR,,05/05/2026,,CUKUP,P_BONTOMANAI,18/05/2026,,,TND,Mei,UP3 BULUKUMBA,GD,INSP,"0,00",,2026,,,,,,,,,,,,
97015588,INSPEKSI TIER 1 BR70006,INST1,GD01.06301521,,32750.INSPEKSI1,ULP.32750,COMP,ULP SELAYAR,,05/05/2026,,KURANG,P_TIELINE SELAYAR 1,07/05/2026,,,TND,Mei,UP3 BULUKUMBA,GD,INSP,"0,00",,2026,,,,,,,,,,,,
97015785,INSPEKSI TIER 1 BR70007,INST1,GD01.06301522,,32750.INSPEKSI1,ULP.32750,COMP,ULP SELAYAR,,05/05/2026,,KURANG,P_TIELINE SELAYAR 1,07/05/2026,,,TND,Mei,UP3 BULUKUMBA,GD,INSP,"0,00",,2026,,,,,,,,,,,,
97015991,INSPEKSI TIER 1 BR70008,INST1,GD01.06301523,,32750.INSPEKSI1,ULP.32750,COMP,ULP SELAYAR,,05/05/2026,,KURANG,P_TIELINE SELAYAR 1,07/05/2026,,,TND,Mei,UP3 BULUKUMBA,GD,INSP,"0,00",,2026,,,,,,,,,,,,
97016123,INSPEKSI TIER 1 BR70013,INST1,GD01.06301528,,32750.INSPEKSI1,ULP.32750,COMP,ULP SELAYAR,,05/05/2026,,KURANG,P_TIELINE SELAYAR 1,07/05/2026,,,TND,Mei,UP3 BULUKUMBA,GD,INSP,"0,00",,2026,,,,,,,,,,,,
97016355,INSPEKSI TIER 1 BR70015,INST1,GD01.06301530,,32750.INSPEKSI1,ULP.32750,COMP,ULP SELAYAR,,05/05/2026,,KURANG,P_TIELINE SELAYAR 1,07/05/2026,,,TND,Mei,UP3 BULUKUMBA,GD,INSP,"0,00",,2026,,,,,,,,,,,,
97016724,INSPEKSI TIER 1 BR70016,INST1,GD01.06301531,,32750.INSPEKSI1,ULP.32750,COMP,ULP SELAYAR,,05/05/2026,,KURANG,P_TIELINE SELAYAR 1,07/05/2026,,,TND,Mei,UP3 BULUKUMBA,GD,INSP,"0,00",,2026,,,,,,,,,,,,
97201622,Perbaikan/Pergantian INSPEKSI TIER 1 BB18003,INST1,GD01.06302197,,32740.INSPEKSI1,ULP.32740,WOREJECT,ULP BANTAENG,,06/05/2026,,BURUK,P_LEMBANG,21/08/2026,,96533679,TND,Mei,UP3 BULUKUMBA,GD,TL,"0,00",,2026,,,,,,,,,,,,
97201910,Perbaikan/Pergantian INSPEKSI TIER 1 BB18015,INST1,GD01.06302209,,32740.INSPEKSI1,ULP.32740,COMP,ULP BANTAENG,,06/05/2026,,CUKUP,P_LEMBANG,25/07/2026,,96533870,TND,Mei,UP3 BULUKUMBA,GD,TL,"0,00",,2026,,,,,,,,,,,,
97202330,Perbaikan/Pergantian INSPEKSI TIER 1 BB18016,INST1,GD01.06302210,,32740.INSPEKSI1,ULP.32740,COMP,ULP BANTAENG,,06/05/2026,,CUKUP,P_LEMBANG,25/07/2026,,96533907,TND,Mei,UP3 BULUKUMBA,GD,TL,"0,00",,2026,,,,,,,,,,,,
97202388,Perbaikan/Pergantian INSPEKSI TIER 1 BB18079,INST1,GD01.06302211,,32740.INSPEKSI1,ULP.32740,INPRG,ULP BANTAENG,,06/05/2026,,,P_LEMBANG,15/06/2026,,96533991,TND,Mei,UP3 BULUKUMBA,GD,TL,"0,00",,2026,,,,,,,,,,,,
97202446,Perbaikan/Pergantian INSPEKSI TIER 1 BB71502,INST1,GD01.06302354,,32740.INSPEKSI1,ULP.32740,COMP,ULP BANTAENG,,06/05/2026,,KURANG,P_LEMBANG,18/06/2026,,96534034,TND,Mei,UP3 BULUKUMBA,GD,TL,"0,00",,2026,,,,,,,,,,,,
97202530,Perbaikan/Pergantian INSPEKSI TIER 1 BB71504,INST1,GD01.06302356,,32740.INSPEKSI1,ULP.32740,COMP,ULP BANTAENG,,06/05/2026,,KURANG,P_LEMBANG,22/06/2026,,96534095,TND,Mei,UP3 BULUKUMBA,GD,TL,"0,00",,2026,,,,,,,,,,,,
97202702,Perbaikan/Pergantian INSPEKSI TIER 1 BB72517,INST1,GD01.06302369,,32740.INSPEKSI1,ULP.32740,COMP,ULP BANTAENG,,06/05/2026,,KURANG,P_LEMBANG,22/06/2026,,96534282,TND,Mei,UP3 BULUKUMBA,GD,TL,"0,00",,2026,,,,,,,,,,,,
97202798,Perbaikan/Pergantian INSPEKSI TIER 1 BB72519,INST1,GD01.06302371,,32740.INSPEKSI1,ULP.32740,COMP,ULP BANTAENG,,06/05/2026,,KURANG,P_LEMBANG,22/06/2026,,96534298,TND,Mei,UP3 BULUKUMBA,GD,TL,"0,00",,2026,,,,,,,,,,,,
97202840,Perbaikan/Pergantian INSPEKSI TIER 1 BB72502,INST1,GD01.19602650,,32740.INSPEKSI1,ULP.32740,COMP,ULP BANTAENG,,06/05/2026,,KURANG,P_LEMBANG,18/06/2026,,96534362,TND,Mei,UP3 BULUKUMBA,GD,TL,"0,00",,2026,,,,,,,,,,,,
97202975,Perbaikan/Pergantian INSPEKSI TIER 1 BB71501,INST1,GD01.06302353,,32740.INSPEKSI1,ULP.32740,COMP,ULP BANTAENG,,06/05/2026,,KURANG,P_LEMBANG,18/06/2026,,96534432,TND,Mei,UP3 BULUKUMBA,GD,TL,"0,00",,2026,,,,,,,,,,,,
97203016,Perbaikan/Pergantian INSPEKSI TIER 1 BB72511,INST1,GD01.06302363,,32740.INSPEKSI1,ULP.32740,COMP,ULP BANTAENG,,06/05/2026,,KURANG,P_LEMBANG,23/06/2026,,96534468,TND,Mei,UP3 BULUKUMBA,GD,TL,"0,00",,2026,,,,,,,,,,,,
97203115,Perbaikan/Pergantian INSPEKSI TIER 1 BB72518,INST1,GD01.06302370,,32740.INSPEKSI1,ULP.32740,COMP,ULP BANTAENG,,06/05/2026,,KURANG,P_LEMBANG,22/06/2026,,96534519,TND,Mei,UP3 BULUKUMBA,GD,TL,"0,00",,2026,,,,,,,,,,,,
97203158,Perbaikan/Pergantian INSPEKSI TIER 1 BB72501,INST1,GD01.19602657,,32740.INSPEKSI1,ULP.32740,INPRG,ULP BANTAENG,,06/05/2026,,BURUK,P_LEMBANG,30/06/2026,,96534580,TND,Mei,UP3 BULUKUMBA,GD,TL,"0,00",,2026,,,,,,,,,,,,
97272165,INSPEKSI TIER 1 SEGMEN TG.BANYORANG.00007-TG.BANYORANG.00007.R0012,INST1,ULP.32740,22260587,32740.INSPEKSI1,ULP.32740,COMP,ULP BANTAENG,,08/05/2026,5/8/26 9:20,BAIK,P_LEMBANG,09/06/2026,,,TND,Mei,UP3 BULUKUMBA,JTM,INSP,"0,60",,2026,,,,,,,,,,,,
97272188,INSPEKSI TIER 1 SEGMEN TG.BANYORANG.00115-TG.BANYORANG.00115.L0003,INST1,ULP.32740,22260588,32740.INSPEKSI1,ULP.32740,COMP,ULP BANTAENG,,08/05/2026,5/8/26 9:25,BAIK,P_LEMBANG,09/06/2026,,,TND,Mei,UP3 BULUKUMBA,JTM,INSP,"0,15",,2026,,,,,,,,,,,,
97272197,INSPEKSI TIER 1 SEGMEN TG.BANYORANG.00121-TG.BANYORANG.00121.L0003,INST1,ULP.32740,22260589,32740.INSPEKSI1,ULP.32740,COMP,ULP BANTAENG,,08/05/2026,,BAIK,P_LEMBANG,09/06/2026,,,TND,Mei,UP3 BULUKUMBA,JTM,INSP,"0,15",,2026,,,,,,,,,,,,
97272201,INSPEKSI TIER 1 SEGMEN TG.BANYORANG.00181.R0057.R0014-TG.BANYORANG.00181.R0057.R0014.R0003,INST1,ULP.32740,22260590,32740.INSPEKSI1,ULP.32740,COMP,ULP BANTAENG,,08/05/2026,,BAIK,P_LEMBANG,09/06/2026,,,TND,Mei,UP3 BULUKUMBA,JTM,INSP,"0,15",,2026,,,,,,,,,,,,
97272207,INSPEKSI TIER 1 SEGMEN TG.KOTA.00083.R0006-TG.KOTA.00083.R0012,INST1,ULP.32740,22260597,32740.INSPEKSI1,ULP.32740,COMP,ULP BANTAENG,,08/05/2026,,BAIK,P_LEMBANG,09/06/2026,,,TND,Mei,UP3 BULUKUMBA,JTM,INSP,"0,30",,2026,,,,,,,,,,,,
97272223,INSPEKSI TIER 1 SEGMEN TG.ONTO.00064-TG.ONTO.00064.R0024,INST1,ULP.32740,22260612,32740.INSPEKSI1,ULP.32740,COMP,ULP BANTAENG,,08/05/2026,,BAIK,P_LEMBANG,09/06/2026,,,TND,Mei,UP3 BULUKUMBA,JTM,INSP,"1,20",,2026,,,,,,,,,,,,
97272269,INSPEKSI TIER 1 SEGMEN TG.ONTO.00001-TG.ONTO.00307,INST1,ULP.32740,4691918,32740.INSPEKSI1,ULP.32740,COMP,ULP BANTAENG,,08/05/2026,,BAIK,P_LEMBANG,09/06/2026,,,TND,Mei,UP3 BULUKUMBA,JTM,INSP,"15,45",,2026,,,,,,,,,,,,
97272705,INSPEKSI TIER 1 SEGMEN TG.ONTO.00307-TG.ONTO.00307.L0031,INST1,ULP.32740,4691919,32740.INSPEKSI1,ULP.32740,COMP,ULP BANTAENG,,08/05/2026,,BAIK,P_LEMBANG,11/06/2026,,,TND,Mei,UP3 BULUKUMBA,JTM,INSP,"1,65",,2026,,,,,,,,,,,,
97272797,INSPEKSI TIER 1 SEGMEN TG.ONTO.00307-TG.ONTO.00355,INST1,ULP.32740,4691920,32740.INSPEKSI1,ULP.32740,COMP,ULP BANTAENG,,08/05/2026,,BAIK,P_LEMBANG,11/06/2026,,,TND,Mei,UP3 BULUKUMBA,JTM,INSP,"2,50",,2026,,,,,,,,,,,,
97272903,INSPEKSI TIER 1 SEGMEN TG.KOTA.00001-TG.KOTA.00020,INST1,ULP.32740,4691976,32740.INSPEKSI1,ULP.32740,COMP,ULP BANTAENG,,08/05/2026,,BAIK,P_LEMBANG,09/06/2026,,,TND,Mei,UP3 BULUKUMBA,JTM,INSP,"1,00",,2026,,,,,,,,,,,,
97272966,INSPEKSI TIER 1 SEGMEN TG.KOTA.00020-TG.KOTA.00033,INST1,ULP.32740,4691977,32740.INSPEKSI1,ULP.32740,COMP,ULP BANTAENG,,08/05/2026,,BAIK,P_LEMBANG,09/06/2026,,,TND,Mei,UP3 BULUKUMBA,JTM,INSP,"0,65",,2026,,,,,,,,,,,,
97273035,INSPEKSI TIER 1 SEGMEN TG.KOTA.00033-TG.KOTA.00033.L0004,INST1,ULP.32740,4691978,32740.INSPEKSI1,ULP.32740,COMP,ULP BANTAENG,,08/05/2026,,BAIK,P_LEMBANG,09/06/2026,,,TND,Mei,UP3 BULUKUMBA,JTM,INSP,"0,20",,2026,,,,,,,,,,,,
97273132,INSPEKSI TIER 1 SEGMEN TG.KOTA.00033.L0004-TG.KOTA.00033.L0018,INST1,ULP.32740,4691979,32740.INSPEKSI1,ULP.32740,COMP,ULP BANTAENG,,08/05/2026,,BAIK,P_LEMBANG,09/06/2026,,,TND,Mei,UP3 BULUKUMBA,JTM,INSP,"0,70",,2026,,,,,,,,,,,,
97273188,INSPEKSI TIER 1 SEGMEN TG.KOTA.00033-TG.KOTA.00039,INST1,ULP.32740,4691980,32740.INSPEKSI1,ULP.32740,COMP,ULP BANTAENG,,08/05/2026,,BAIK,P_LEMBANG,09/06/2026,,,TND,Mei,UP3 BULUKUMBA,JTM,INSP,"0,30",,2026,,,,,,,,,,,,
97273279,INSPEKSI TIER 1 SEGMEN TG.KOTA.00039-TG.KOTA.00039.R0002,INST1,ULP.32740,4691981,32740.INSPEKSI1,ULP.32740,COMP,ULP BANTAENG,,08/05/2026,,BAIK,P_LEMBANG,09/06/2026,,,TND,Mei,UP3 BULUKUMBA,JTM,INSP,"0,10",,2026,,,,,,,,,,,,
97273300,INSPEKSI TIER 1 SEGMEN TG.KOTA.00039-TG.KOTA.00045,INST1,ULP.32740,4691982,32730.INSPEKSI1,ULP.32740,INPRG,ULP BANTAENG,,08/05/2026,,,P_LEMBANG,11/06/2026,,,TND,Mei,UP3 BULUKUMBA,JTM,INSP,"0,30",,2026,,,,,,,,,,,,
97273351,INSPEKSI TIER 1 SEGMEN TG.KOTA.00045-TG.KOTA.00045.R0002,INST1,ULP.32740,4691983,32740.INSPEKSI1,ULP.32740,COMP,ULP BANTAENG,,08/05/2026,,BAIK,P_LEMBANG,09/06/2026,,,TND,Mei,UP3 BULUKUMBA,JTM,INSP,"0,10",,2026,,,,,,,,,,,,
97273366,INSPEKSI TIER 1 SEGMEN TG.KOTA.00045-TG.KOTA.00049,INST1,ULP.32740,4691984,32740.INSPEKSI1,ULP.32740,COMP,ULP BANTAENG,,08/05/2026,,BAIK,P_LEMBANG,09/06/2026,,,TND,Mei,UP3 BULUKUMBA,JTM,INSP,"0,20",,2026,,,,,,,,,,,,
97273394,INSPEKSI TIER 1 SEGMEN TG.KOTA.00049-TG.KOTA.00083,INST1,ULP.32740,4691985,32740.INSPEKSI1,ULP.32740,COMP,ULP BANTAENG,,08/05/2026,,BAIK,P_LEMBANG,09/06/2026,,,TND,Mei,UP3 BULUKUMBA,JTM,INSP,"1,70",,2026,,,,,,,,,,,,
97273454,INSPEKSI TIER 1 SEGMEN TG.KOTA.00083-TG.KOTA.00083.R0006,INST1,ULP.32740,4691986,32740.INSPEKSI1,ULP.32740,COMP,ULP BANTAENG,,08/05/2026,,BAIK,P_LEMBANG,09/06/2026,,,TND,Mei,UP3 BULUKUMBA,JTM,INSP,"0,30",,2026,,,,,,,,,,,,
97273485,INSPEKSI TIER 1 SEGMEN TG.KOTA.00083-TG.KOTA.00085,INST1,ULP.32740,4691987,32740.INSPEKSI1,ULP.32740,COMP,ULP BANTAENG,,08/05/2026,,BAIK,P_LEMBANG,25/07/2026,,,TND,Mei,UP3 BULUKUMBA,JTM,INSP,"0,10",,2026,,,,,,,,,,,,
97273514,INSPEKSI TIER 1 SEGMEN TG.KOTA.00329-TG.KOTA.00372,INST1,ULP.32740,4692006,32740.INSPEKSI1,ULP.32740,COMP,ULP BANTAENG,,08/05/2026,,BAIK,P_LEMBANG,15/06/2026,,,TND,Mei,UP3 BULUKUMBA,JTM,INSP,"2,15",,2026,,,,,,,,,,,,
97273583,INSPEKSI TIER 1 SEGMEN TG.KOTA.00372-TG.KOTA.00373,INST1,ULP.32740,4692008,32740.INSPEKSI1,ULP.32740,COMP,ULP BANTAENG,,08/05/2026,,BAIK,P_LEMBANG,15/06/2026,,,TND,Mei,UP3 BULUKUMBA,JTM,INSP,"0,05",,2026,,,,,,,,,,,,
97273604,INSPEKSI TIER 1 SEGMEN TG.LEMBANG.00001-TG.LEMBANG.00024,INST1,ULP.32740,4692041,32740.INSPEKSI1,ULP.32740,COMP,ULP BANTAENG,,08/05/2026,,BAIK,P_LEMBANG,09/06/2026,,,TND,Mei,UP3 BULUKUMBA,JTM,INSP,"1,20",,2026,,,,,,,,,,,,
97273644,INSPEKSI TIER 1 SEGMEN TG.LEMBANG.00024-TG.LEMBANG.00028,INST1,ULP.32740,4692048,32740.INSPEKSI1,ULP.32740,COMP,ULP BANTAENG,,08/05/2026,,BAIK,P_LEMBANG,09/06/2026,,,TND,Mei,UP3 BULUKUMBA,JTM,INSP,"0,35",,2026,,,,,,,,,,,,
97273665,INSPEKSI TIER 1 SEGMEN TG.LEMBANG.00028.L0030-TG.LEMBANG.00028.L0030.L0006,INST1,ULP.32740,4692049,32740.INSPEKSI1,ULP.32740,COMP,ULP BANTAENG,,08/05/2026,,BAIK,P_LEMBANG,09/06/2026,,,TND,Mei,UP3 BULUKUMBA,JTM,INSP,"0,30",,2026,,,,,,,,,,,,
97273697,INSPEKSI TIER 1 SEGMEN TG.LEMBANG.00028.L0041-TG.LEMBANG.00028.L0041.R0016,INST1,ULP.32740,4692050,32740.INSPEKSI1,ULP.32740,COMP,ULP BANTAENG,,08/05/2026,,BAIK,P_LEMBANG,09/06/2026,,,TND,Mei,UP3 BULUKUMBA,JTM,INSP,"0,80",,2026,,,,,,,,,,,,
97273757,INSPEKSI TIER 1 SEGMEN TG.LEMBANG.00028-TG.LEMBANG.00028.L0078,INST1,ULP.32740,4692051,32740.INSPEKSI1,ULP.32740,COMP,ULP BANTAENG,,08/05/2026,,BAIK,P_LEMBANG,09/06/2026,,,TND,Mei,UP3 BULUKUMBA,JTM,INSP,"3,90",,2026,,,,,,,,,,,,
97273856,INSPEKSI TIER 1 SEGMEN TG.LEMBANG.00028-TG.LEMBANG.00028.R0019,INST1,ULP.32740,4692052,32740.INSPEKSI1,ULP.32740,COMP,ULP BANTAENG,,08/05/2026,,BAIK,P_LEMBANG,09/06/2026,,,TND,Mei,UP3 BULUKUMBA,JTM,INSP,"0,95",,2026,,,,,,,,,,,,
97273929,INSPEKSI TIER 1 SEGMEN TG.LEMBANG.00028-TG.LEMBANG.00040,INST1,ULP.32740,4692053,32740.INSPEKSI1,ULP.32740,COMP,ULP BANTAENG,,08/05/2026,,BAIK,P_LEMBANG,09/06/2026,,,TND,Mei,UP3 BULUKUMBA,JTM,INSP,"0,45",,2026,,,,,,,,,,,,
97273965,INSPEKSI TIER 1 SEGMEN TG.LEMBANG.00040.R0011-TG.LEMBANG.00040.R0011.R0010,INST1,ULP.32740,4692054,32740.INSPEKSI1,ULP.32740,COMP,ULP BANTAENG,,08/05/2026,,BAIK,P_LEMBANG,09/06/2026,,,TND,Mei,UP3 BULUKUMBA,JTM,INSP,"0,80",,2026,,,,,,,,,,,,
97274021,INSPEKSI TIER 1 SEGMEN TG.LEMBANG.00040-TG.LEMBANG.00040.L0010,INST1,ULP.32740,4692055,32740.INSPEKSI1,ULP.32740,COMP,ULP BANTAENG,,08/05/2026,,BAIK,P_LEMBANG,09/06/2026,,,TND,Mei,UP3 BULUKUMBA,JTM,INSP,"0,50",,2026,,,,,,,,,,,,
97274060,INSPEKSI TIER 1 SEGMEN TG.LEMBANG.00040-TG.LEMBANG.00040.R0011,INST1,ULP.32740,4692056,32740.INSPEKSI1,ULP.32740,COMP,ULP BANTAENG,,08/05/2026,,BAIK,P_LEMBANG,09/06/2026,,,TND,Mei,UP3 BULUKUMBA,JTM,INSP,"0,55",,2026,,,,,,,,,,,,
97274084,INSPEKSI TIER 1 SEGMEN TG.LEMBANG.00040-TG.LEMBANG.00074,INST1,ULP.32740,4692057,32740.INSPEKSI1,ULP.32740,COMP,ULP BANTAENG,,08/05/2026,,BAIK,P_LEMBANG,09/06/2026,,,TND,Mei,UP3 BULUKUMBA,JTM,INSP,"1,70",,2026,,,,,,,,,,,,
97274122,INSPEKSI TIER 1 SEGMEN TG.LEMBANG.00070-TG.LEMBANG.00070.L0030,INST1,ULP.32740,4692058,32740.INSPEKSI1,ULP.32740,COMP,ULP BANTAENG,,08/05/2026,,BAIK,P_LEMBANG,09/06/2026,,,TND,Mei,UP3 BULUKUMBA,JTM,INSP,"1,50",,2026,,,,,,,,,,,,
97274162,INSPEKSI TIER 1 SEGMEN TG.BANYORANG.00001-TG.BANYORANG.00031,INST1,ULP.32740,4692059,32740.INSPEKSI1,ULP.32740,COMP,ULP BANTAENG,,08/05/2026,,BAIK,P_LEMBANG,09/06/2026,,,TND,Mei,UP3 BULUKUMBA,JTM,INSP,"1,55",,2026,,,,,,,,,,,,
97274203,INSPEKSI TIER 1 SEGMEN TG.BANYORANG.00031.R0004-TG.BANYORANG.00031.R0004.R0002,INST1,ULP.32740,4692060,32740.INSPEKSI1,ULP.32740,COMP,ULP BANTAENG,,08/05/2026,,BAIK,P_LEMBANG,09/06/2026,,,TND,Mei,UP3 BULUKUMBA,JTM,INSP,"0,10",,2026,,,,,,,,,,,,
97274207,INSPEKSI TIER 1 SEGMEN TG.BANYORANG.00031.R0015-TG.BANYORANG.00031.R0015.R0002,INST1,ULP.32740,4692061,32740.INSPEKSI1,ULP.32740,COMP,ULP BANTAENG,,08/05/2026,,BAIK,P_LEMBANG,09/06/2026,,,TND,Mei,UP3 BULUKUMBA,JTM,INSP,"0,10",,2026,,,,,,,,,,,,
97274219,INSPEKSI TIER 1 SEGMEN TG.BANYORANG.00031-TG.BANYORANG.00031.R0020,INST1,ULP.32740,4692062,32740.INSPEKSI1,ULP.32740,COMP,ULP BANTAENG,,08/05/2026,,BAIK,P_LEMBANG,09/06/2026,,,TND,Mei,UP3 BULUKUMBA,JTM,INSP,"0,25",,2026,,,,,,,,,,,,
97274228,INSPEKSI TIER 1 SEGMEN TG.BANYORANG.00031-TG.BANYORANG.00038,INST1,ULP.32740,4692063,32740.INSPEKSI1,ULP.32740,COMP,ULP BANTAENG,,08/05/2026,,BAIK,P_LEMBANG,09/06/2026,,,TND,Mei,UP3 BULUKUMBA,JTM,INSP,"0,35",,2026,,,,,,,,,,,,
97274241,INSPEKSI TIER 1 SEGMEN TG.BANYORANG.00038-TG.BANYORANG.00038.L0006,INST1,ULP.32740,4692064,32740.INSPEKSI1,ULP.32740,COMP,ULP BANTAENG,,08/05/2026,,BAIK,P_LEMBANG,09/06/2026,,,TND,Mei,UP3 BULUKUMBA,JTM,INSP,"0,30",,2026,,,,,,,,,,,,
97274250,INSPEKSI TIER 1 SEGMEN TG.BANYORANG.00038-TG.BANYORANG.00047,INST1,ULP.32740,4692065,32740.INSPEKSI1,ULP.32740,COMP,ULP BANTAENG,,08/05/2026,,BAIK,P_LEMBANG,09/06/2026,,,TND,Mei,UP3 BULUKUMBA,JTM,INSP,"0,45",,2026,,,,,,,,,,,,
97274266,INSPEKSI TIER 1 SEGMEN TG.BANYORANG.00047-TG.BANYORANG.00047.L0011,INST1,ULP.32740,4692066,32740.INSPEKSI1,ULP.32740,COMP,ULP BANTAENG,,08/05/2026,,BAIK,P_LEMBANG,09/06/2026,,,TND,Mei,UP3 BULUKUMBA,JTM,INSP,"0,55",,2026,,,,,,,,,,,,
97274294,INSPEKSI TIER 1 SEGMEN TG.BANYORANG.00047-TG.BANYORANG.00055,INST1,ULP.32740,4692067,32740.INSPEKSI1,ULP.32740,COMP,ULP BANTAENG,,08/05/2026,,BAIK,P_LEMBANG,09/06/2026,,,TND,Mei,UP3 BULUKUMBA,JTM,INSP,"0,40",,2026,,,,,,,,,,,,
97274311,INSPEKSI TIER 1 SEGMEN TG.BANYORANG.00055-TG.BANYORANG.00055.L0003,INST1,ULP.32740,4692068,32740.INSPEKSI1,ULP.32740,COMP,ULP BANTAENG,,08/05/2026,,BAIK,P_LEMBANG,09/06/2026,,,TND,Mei,UP3 BULUKUMBA,JTM,INSP,"0,15",,2026,,,,,,,,,,,,
97274318,INSPEKSI TIER 1 SEGMEN TG.BANYORANG.00055-TG.BANYORANG.00056,INST1,ULP.32740,4692069,32740.INSPEKSI1,ULP.32740,COMP,ULP BANTAENG,,08/05/2026,,BAIK,P_LEMBANG,09/06/2026,,,TND,Mei,UP3 BULUKUMBA,JTM,INSP,"0,10",,2026,,,,,,,,,,,,
97274338,INSPEKSI TIER 1 SEGMEN TG.BANYORANG.00056-TG.BANYORANG.00056.L0010,INST1,ULP.32740,4692070,32740.INSPEKSI1,ULP.32740,COMP,ULP BANTAENG,,08/05/2026,,BAIK,P_LEMBANG,09/06/2026,,,TND,Mei,UP3 BULUKUMBA,JTM,INSP,"0,50",,2026,,,,,,,,,,,,
97274349,INSPEKSI TIER 1 SEGMEN TG.BANYORANG.00056-TG.BANYORANG.00063,INST1,ULP.32740,4692071,32740.INSPEKSI1,ULP.32740,COMP,ULP BANTAENG,,08/05/2026,,BAIK,P_LEMBANG,09/06/2026,,,TND,Mei,UP3 BULUKUMBA,JTM,INSP,"0,35",,2026,,,,,,,,,,,,
97274360,INSPEKSI TIER 1 SEGMEN TG.BANYORANG.00063-TG.BANYORANG.00063.L0004,INST1,ULP.32740,4692072,32740.INSPEKSI1,ULP.32740,COMP,ULP BANTAENG,,08/05/2026,,BAIK,P_LEMBANG,09/06/2026,,,TND,Mei,UP3 BULUKUMBA,JTM,INSP,"0,20",,2026,,,,,,,,,,,,
97274366,INSPEKSI TIER 1 SEGMEN TG.BANYORANG.00063-TG.BANYORANG.00076,INST1,ULP.32740,4692073,32740.INSPEKSI1,ULP.32740,COMP,ULP BANTAENG,,08/05/2026,,BAIK,P_LEMBANG,09/06/2026,,,TND,Mei,UP3 BULUKUMBA,JTM,INSP,"0,65",,2026,,,,,,,,,,,,
97274387,INSPEKSI TIER 1 SEGMEN TG.BANYORANG.00076-TG.BANYORANG.00076.L0005,INST1,ULP.32740,4692074,32740.INSPEKSI1,ULP.32740,COMP,ULP BANTAENG,,08/05/2026,,BAIK,P_LEMBANG,09/06/2026,,,TND,Mei,UP3 BULUKUMBA,JTM,INSP,"0,25",,2026,,,,,,,,,,,,
97274423,INSPEKSI TIER 1 SEGMEN TG.BANYORANG.00076-TG.BANYORANG.00092,INST1,ULP.32740,4692075,32740.INSPEKSI1,ULP.32740,COMP,ULP BANTAENG,,08/05/2026,,BAIK,P_LEMBANG,09/06/2026,,,TND,Mei,UP3 BULUKUMBA,JTM,INSP,"0,80",,2026,,,,,,,,,,,,
97274468,INSPEKSI TIER 1 SEGMEN TG.BANYORANG.00092-TG.BANYORANG.00092.L00037,INST1,ULP.32740,4692076,32740.INSPEKSI1,ULP.32740,COMP,ULP BANTAENG,,08/05/2026,,BAIK,P_LEMBANG,09/06/2026,,,TND,Mei,UP3 BULUKUMBA,JTM,INSP,"1,85",,2026,,,,,,,,,,,,
97274538,INSPEKSI TIER 1 SEGMEN TG.BANYORANG.00092-TG.BANYORANG.00166,INST1,ULP.32740,4692077,32740.INSPEKSI1,ULP.32740,COMP,ULP BANTAENG,,08/05/2026,,BAIK,P_LEMBANG,09/06/2026,,,TND,Mei,UP3 BULUKUMBA,JTM,INSP,"3,70",,2026,,,,,,,,,,,,
97274669,INSPEKSI TIER 1 SEGMEN TG.BANYORANG.00166-TG.BANYORANG.00166.L0040,INST1,ULP.32740,4692078,32740.INSPEKSI1,ULP.32740,COMP,ULP BANTAENG,,08/05/2026,,BAIK,P_LEMBANG,09/06/2026,,,TND,Mei,UP3 BULUKUMBA,JTM,INSP,"2,00",,2026,,,,,,,,,,,,
97274710,INSPEKSI TIER 1 SEGMEN TG.BANYORANG.00166-TG.BANYORANG.00181,INST1,ULP.32740,4692079,32740.INSPEKSI1,ULP.32740,COMP,ULP BANTAENG,,08/05/2026,,BAIK,P_LEMBANG,09/06/2026,,,TND,Mei,UP3 BULUKUMBA,JTM,INSP,"0,75",,2026,,,,,,,,,,,,
97274726,INSPEKSI TIER 1 SEGMEN TG.BANYORANG.00181.R0011-TG.BANYORANG.00181.R00011.L0002,INST1,ULP.32740,4692080,32740.INSPEKSI1,ULP.32740,COMP,ULP BANTAENG,,08/05/2026,,BAIK,P_LEMBANG,09/06/2026,,,TND,Mei,UP3 BULUKUMBA,JTM,INSP,"0,10",,2026,,,,,,,,,,,,
97274729,INSPEKSI TIER 1 SEGMEN TG.BANYORANG.00181.R0030-TG.BANYORANG.00181.R0030.R0009,INST1,ULP.32740,4692081,32740.INSPEKSI1,ULP.32740,COMP,ULP BANTAENG,,08/05/2026,,BAIK,P_LEMBANG,09/06/2026,,,TND,Mei,UP3 BULUKUMBA,JTM,INSP,"0,49",,2026,,,,,,,,,,,,
97274739,INSPEKSI TIER 1 SEGMEN TG.BANYORANG.00181.R0057-TG.BANYORANG.00181.R0057.R0064,INST1,ULP.32740,4692082,32740.INSPEKSI1,ULP.32740,COMP,ULP BANTAENG,,08/05/2026,,BAIK,P_LEMBANG,09/06/2026,,,TND,Mei,UP3 BULUKUMBA,JTM,INSP,"3,00",,2026,,,,,,,,,,,,
97274810,INSPEKSI TIER 1 SEGMEN TG.BANYORANG.00181.R0106-TG.BANYORANG.00181.R0106.L0031,INST1,ULP.32740,4692083,32740.INSPEKSI1,ULP.32740,COMP,ULP BANTAENG,,08/05/2026,,BAIK,P_LEMBANG,09/06/2026,,,TND,Mei,UP3 BULUKUMBA,JTM,INSP,"1,55",,2026,,,,,,,,,,,,
97276799,INSPEKSI TIER 1 BJ73001,INST1,GD01.06301161,,32730.INSPEKSI1,ULP.32730,COMP,ULP JENEPONTO,,08/05/2026,,KURANG,P_JENTAK,23/06/2026,,,TND,Mei,UP3 BULUKUMBA,GD,INSP,"0,00",,2026,,,,,,,,,,,,
97276879,INSPEKSI TIER 1 BJ73002,INST1,GD01.06301162,,32730.INSPEKSI1,ULP.32730,COMP,ULP JENEPONTO,,08/05/2026,,KURANG,P_JENTAK,18/06/2026,,,TND,Mei,UP3 BULUKUMBA,GD,INSP,"0,00",,2026,,,,,,,,,,,,
97276955,INSPEKSI TIER 1 BJ73013,INST1,GD01.06301173,,32730.INSPEKSI1,ULP.32730,COMP,ULP JENEPONTO,,08/05/2026,,KURANG,P_JENTAK,18/06/2026,,,TND,Mei,UP3 BULUKUMBA,GD,INSP,"0,00",,2026,,,,,,,,,,,,
97277034,INSPEKSI TIER 1 BJ73014,INST1,GD01.06301174,,32730.INSPEKSI1,ULP.32730,WFCOMP,ULP JENEPONTO,,08/05/2026,,KURANG,P_JENTAK,26/06/2026,,,TND,Mei,UP3 BULUKUMBA,GD,INSP,"0,00",,2026,,,,,,,,,,,,
97277113,INSPEKSI TIER 1 BJ73019,INST1,GD01.06301179,,32730.INSPEKSI1,ULP.32730,WFCOMP,ULP JENEPONTO,,08/05/2026,,KURANG,P_JENTAK,26/06/2026,,,TND,Mei,UP3 BULUKUMBA,GD,INSP,"0,00",,2026,,,,,,,,,,,,
97277198,INSPEKSI TIER 1 BJ73032,INST1,GD01.06301192,,32730.INSPEKSI1,ULP.32730,WFCOMP,ULP JENEPONTO,,08/05/2026,,KURANG,P_JENTAK,25/06/2026,,,TND,Mei,UP3 BULUKUMBA,GD,INSP,"0,00",,2026,,,,,,,,,,,,
97277309,INSPEKSI TIER 1 BJ73041,INST1,GD01.06301201,,32730.INSPEKSI1,ULP.32730,WFCOMP,ULP JENEPONTO,,08/05/2026,,KURANG,P_JENTAK,26/06/2026,,,TND,Mei,UP3 BULUKUMBA,GD,INSP,"0,00",,2026,,,,,,,,,,,,
97277413,INSPEKSI TIER 1 BJ73003,INST1,GD01.06301163,,32730.INSPEKSI1,ULP.32730,WFCOMP,ULP JENEPONTO,,08/05/2026,,CUKUP,P_JENTAK,25/06/2026,,,TND,Mei,UP3 BULUKUMBA,GD,INSP,"0,00",,2026,,,,,,,,,,,,
97277485,INSPEKSI TIER 1 BJ73004,INST1,GD01.06301164,,32730.INSPEKSI1,ULP.32730,COMP,ULP JENEPONTO,,08/05/2026,,,P_JENTAK,12/06/2026,,,TND,Mei,UP3 BULUKUMBA,GD,INSP,"0,00",,2026,,,,,,,,,,,,
97277534,INSPEKSI TIER 1 BJ73005,INST1,GD01.06301165,,32730.INSPEKSI1,ULP.32730,COMP,ULP JENEPONTO,,08/05/2026,,KURANG,P_JENTAK,13/06/2026,,,TND,Mei,UP3 BULUKUMBA,GD,INSP,"0,00",,2026,,,,,,,,,,,,
97277598,INSPEKSI TIER 1 BJ73006,INST1,GD01.06301166,,32730.INSPEKSI1,ULP.32730,COMP,ULP JENEPONTO,,08/05/2026,,KURANG,P_JENTAK,13/06/2026,,,TND,Mei,UP3 BULUKUMBA,GD,INSP,"0,00",,2026,,,,,,,,,,,,
97277772,INSPEKSI TIER 1 BJ73007,INST1,GD01.06301167,,32730.INSPEKSI1,ULP.32730,WFCOMP,ULP JENEPONTO,,08/05/2026,,CUKUP,P_JENTAK,26/06/2026,,,TND,Mei,UP3 BULUKUMBA,GD,INSP,"0,00",,2026,,,,,,,,,,,,
97277899,INSPEKSI TIER 1 BJ73008,INST1,GD01.06301168,,32730.INSPEKSI1,ULP.32730,COMP,ULP JENEPONTO,,08/05/2026,,KURANG,P_JENTAK,12/06/2026,,,TND,Mei,UP3 BULUKUMBA,GD,INSP,"0,00",,2026,,,,,,,,,,,,
97278019,INSPEKSI TIER 1 BJ73009,INST1,GD01.06301169,,32730.INSPEKSI1,ULP.32730,COMP,ULP JENEPONTO,,08/05/2026,,CUKUP,P_JENTAK,12/06/2026,,,TND,Mei,UP3 BULUKUMBA,GD,INSP,"0,00",,2026,,,,,,,,,,,,
97278058,INSPEKSI TIER 1 BJ73010,INST1,GD01.06301170,,32730.INSPEKSI1,ULP.32730,COMP,ULP JENEPONTO,,08/05/2026,,BAIK,P_JENTAK,08/06/2026,,,TND,Mei,UP3 BULUKUMBA,GD,INSP,"0,00",,2026,,,,,,,,,,,,
97278135,INSPEKSI TIER 1 BJ73011,INST1,GD01.06301171,,32730.INSPEKSI1,ULP.32730,WFCOMP,ULP JENEPONTO,,08/05/2026,,CUKUP,P_JENTAK,26/06/2026,,,TND,Mei,UP3 BULUKUMBA,GD,INSP,"0,00",,2026,,,,,,,,,,,,
97278178,INSPEKSI TIER 1 BJ73012,INST1,GD01.06301172,,32730.INSPEKSI1,ULP.32730,COMP,ULP JENEPONTO,,08/05/2026,,BAIK,P_JENTAK,08/06/2026,,,TND,Mei,UP3 BULUKUMBA,GD,INSP,"0,00",,2026,,,,,,,,,,,,
97278246,INSPEKSI TIER 1 BJ73015,INST1,GD01.06301175,,32730.INSPEKSI1,ULP.32730,COMP,ULP JENEPONTO,,08/05/2026,,KURANG,P_JENTAK,12/06/2026,,,TND,Mei,UP3 BULUKUMBA,GD,INSP,"0,00",,2026,,,,,,,,,,,,
97278311,INSPEKSI TIER 1 BJ73016,INST1,GD01.06301176,,32730.INSPEKSI1,ULP.32730,COMP,ULP JENEPONTO,,08/05/2026,,CUKUP,P_JENTAK,12/06/2026,,,TND,Mei,UP3 BULUKUMBA,GD,INSP,"0,00",,2026,,,,,,,,,,,,
97278383,INSPEKSI TIER 1 BJ73017,INST1,GD01.06301177,,32730.INSPEKSI1,ULP.32730,COMP,ULP JENEPONTO,,08/05/2026,,KURANG,P_JENTAK,12/06/2026,,,TND,Mei,UP3 BULUKUMBA,GD,INSP,"0,00",,2026,,,,,,,,,,,,
97278442,INSPEKSI TIER 1 BJ73018,INST1,GD01.06301178,,32730.INSPEKSI1,ULP.32730,COMP,ULP JENEPONTO,,08/05/2026,,KURANG,P_JENTAK,12/06/2026,,,TND,Mei,UP3 BULUKUMBA,GD,INSP,"0,00",,2026,,,,,,,,,,,,
97278510,INSPEKSI TIER 1 BJ73020,INST1,GD01.06301180,,32730.INSPEKSI1,ULP.32730,COMP,ULP JENEPONTO,,08/05/2026,,KURANG,P_JENTAK,12/06/2026,,,TND,Mei,UP3 BULUKUMBA,GD,INSP,"0,00",,2026,,,,,,,,,,,,
97278690,INSPEKSI TIER 1 BJ73021,INST1,GD01.06301181,,32730.INSPEKSI1,ULP.32730,COMP,ULP JENEPONTO,,08/05/2026,,KURANG,P_JENTAK,12/06/2026,,,TND,Mei,UP3 BULUKUMBA,GD,INSP,"0,00",,2026,,,,,,,,,,,,
97278736,INSPEKSI TIER 1 BJ73022,INST1,GD01.06301182,,32730.INSPEKSI1,ULP.32730,COMP,ULP JENEPONTO,,08/05/2026,,KURANG,P_JENTAK,12/06/2026,,,TND,Mei,UP3 BULUKUMBA,GD,INSP,"0,00",,2026,,,,,,,,,,,,
97278829,INSPEKSI TIER 1 BJ73023,INST1,GD01.06301183,,32730.INSPEKSI1,ULP.32730,COMP,ULP JENEPONTO,,08/05/2026,,CUKUP,P_JENTAK,12/06/2026,,,TND,Mei,UP3 BULUKUMBA,GD,INSP,"0,00",,2026,,,,,,,,,,,,
97278976,INSPEKSI TIER 1 BJ73024,INST1,GD01.06301184,,32730.INSPEKSI1,ULP.32730,COMP,ULP JENEPONTO,,08/05/2026,,CUKUP,P_JENTAK,12/06/2026,,,TND,Mei,UP3 BULUKUMBA,GD,INSP,"0,00",,2026,,,,,,,,,,,,
97279047,INSPEKSI TIER 1 BJ73025,INST1,GD01.06301185,,32730.INSPEKSI1,ULP.32730,COMP,ULP JENEPONTO,,08/05/2026,,CUKUP,P_JENTAK,12/06/2026,,,TND,Mei,UP3 BULUKUMBA,GD,INSP,"0,00",,2026,,,,,,,,,,,,
97279086,INSPEKSI TIER 1 BJ73026,INST1,GD01.06301186,,32730.INSPEKSI1,ULP.32730,COMP,ULP JENEPONTO,,08/05/2026,,CUKUP,P_JENTAK,12/06/2026,,,TND,Mei,UP3 BULUKUMBA,GD,INSP,"0,00",,2026,,,,,,,,,,,,
97279140,INSPEKSI TIER 1 BJ73027,INST1,GD01.06301187,,32730.INSPEKSI1,ULP.32730,COMP,ULP JENEPONTO,,08/05/2026,,CUKUP,P_JENTAK,12/06/2026,,,TND,Mei,UP3 BULUKUMBA,GD,INSP,"0,00",,2026,,,,,,,,,,,,
97279192,INSPEKSI TIER 1 BJ73028,INST1,GD01.06301188,,32730.INSPEKSI1,ULP.32730,COMP,ULP JENEPONTO,,08/05/2026,,CUKUP,P_JENTAK,12/06/2026,,,TND,Mei,UP3 BULUKUMBA,GD,INSP,"0,00",,2026,,,,,,,,,,,,
97279256,INSPEKSI TIER 1 BJ73029,INST1,GD01.06301189,,32730.INSPEKSI1,ULP.32730,WFCOMP,ULP JENEPONTO,,08/05/2026,,KURANG,P_JENTAK,22/06/2026,,,TND,Mei,UP3 BULUKUMBA,GD,INSP,"0,00",,2026,,,,,,,,,,,,
97279313,INSPEKSI TIER 1 BJ73030,INST1,GD01.06301190,,32730.INSPEKSI1,ULP.32730,COMP,ULP JENEPONTO,,08/05/2026,,CUKUP,P_JENTAK,12/06/2026,,,TND,Mei,UP3 BULUKUMBA,GD,INSP,"0,00",,2026,,,,,,,,,,,,
97279371,INSPEKSI TIER 1 BJ73031,INST1,GD01.06301191,,32730.INSPEKSI1,ULP.32730,COMP,ULP JENEPONTO,,08/05/2026,,KURANG,P_JENTAK,12/06/2026,,,TND,Mei,UP3 BULUKUMBA,GD,INSP,"0,00",,2026,,,,,,,,,,,,
97279411,INSPEKSI TIER 1 BJ73033,INST1,GD01.06301193,,32730.INSPEKSI1,ULP.32730,WFCOMP,ULP JENEPONTO,,08/05/2026,,KURANG,P_JENTAK,22/06/2026,,,TND,Mei,UP3 BULUKUMBA,GD,INSP,"0,00",,2026,,,,,,,,,,,,
97279468,INSPEKSI TIER 1 BJ73034,INST1,GD01.06301194,,32730.INSPEKSI1,ULP.32730,WFCOMP,ULP JENEPONTO,,08/05/2026,,KURANG,P_JENTAK,22/06/2026,,,TND,Mei,UP3 BULUKUMBA,GD,INSP,"0,00",,2026,,,,,,,,,,,,
97279537,INSPEKSI TIER 1 BJ73035,INST1,GD01.06301195,,32730.INSPEKSI1,ULP.32730,COMP,ULP JENEPONTO,,08/05/2026,,KURANG,P_JENTAK,12/06/2026,,,TND,Mei,UP3 BULUKUMBA,GD,INSP,"0,00",,2026,,,,,,,,,,,,
97279599,INSPEKSI TIER 1 BJ73036,INST1,GD01.06301196,,32730.INSPEKSI1,ULP.32730,COMP,ULP JENEPONTO,,08/05/2026,,KURANG,P_JENTAK,18/06/2026,,,TND,Mei,UP3 BULUKUMBA,GD,INSP,"0,00",,2026,,,,,,,,,,,,
97279657,INSPEKSI TIER 1 BJ73037,INST1,GD01.06301197,,32730.INSPEKSI1,ULP.32730,COMP,ULP JENEPONTO,,08/05/2026,,KURANG,P_JENTAK,18/06/2026,,,TND,Mei,UP3 BULUKUMBA,GD,INSP,"0,00",,2026,,,,,,,,,,,,
97279775,INSPEKSI TIER 1 BJ73038,INST1,GD01.06301198,,32730.INSPEKSI1,ULP.32730,COMP,ULP JENEPONTO,,08/05/2026,,CUKUP,P_JENTAK,18/06/2026,,,TND,Mei,UP3 BULUKUMBA,GD,INSP,"0,00",,2026,,,,,,,,,,,,
97279866,INSPEKSI TIER 1 BJ73039,INST1,GD01.06301199,,32730.INSPEKSI1,ULP.32730,COMP,ULP JENEPONTO,,08/05/2026,,CUKUP,P_JENTAK,08/06/2026,,,TND,Mei,UP3 BULUKUMBA,GD,INSP,"0,00",,2026,,,,,,,,,,,,
97279922,INSPEKSI TIER 1 BJ73040,INST1,GD01.06301200,,32730.INSPEKSI1,ULP.32730,COMP,ULP JENEPONTO,,08/05/2026,,KURANG,P_JENTAK,08/06/2026,,,TND,Mei,UP3 BULUKUMBA,GD,INSP,"0,00",,2026,,,,,,,,,,,,
97284730,Perbaikan/Pergantian INSPEKSI TIER 1 BT50053,INST1,GD01.06300545,,32770.INSPEKSI1,ULP.32770,COMP,ULP TANETE,,08/05/2026,,KURANG,P_BINTARORE,27/08/2026,,96541612,TND,Mei,UP3 BULUKUMBA,GD,TL,"0,00",,2026,,,,,,,,,,,,
97284749,Perbaikan/Pergantian INSPEKSI TIER 1 BT50052,INST1,GD01.06300544,,32770.INSPEKSI1,ULP.32770,COMP,ULP TANETE,,08/05/2026,,KURANG,P_BINTARORE,27/08/2026,,96541506,TND,Mei,UP3 BULUKUMBA,GD,TL,"0,00",,2026,,,,,,,,,,,,
97284758,Perbaikan/Pergantian INSPEKSI TIER 1 BT50051,INST1,GD01.06300543,,32770.INSPEKSI1,ULP.32770,COMP,ULP TANETE,,08/05/2026,,KURANG,P_BINTARORE,27/08/2026,,96541412,TND,Mei,UP3 BULUKUMBA,GD,TL,"0,00",,2026,,,,,,,,,,,,
97284882,Perbaikan/Pergantian INSPEKSI TIER 1 BT50033,INST1,GD01.06300538,,32770.INSPEKSI1,ULP.32770,COMP,ULP TANETE,,08/05/2026,,KURANG,P_BINTARORE,27/08/2026,,96541070,TND,Mei,UP3 BULUKUMBA,GD,TL,"0,00",,2026,,,,,,,,,,,,
97284975,Perbaikan/Pergantian INSPEKSI TIER 1 BT50012,INST1,GD01.06300495,,32770.INSPEKSI1,ULP.32770,COMP,ULP TANETE,,08/05/2026,,KURANG,P_BINTARORE,29/06/2026,,96539564,TND,Mei,UP3 BULUKUMBA,GD,TL,"0,00",,2026,,,,,,,,,,,,
97303686,INSPEKSI TIER 1 BL01099,INST1,GD01.06302626,,32710.INSPEKSI2,ULP.32710,COMP,ULP PANRITA LOPI,,08/05/2026,,KURANG,P_BINTARORE,29/05/2026,,,TND,Mei,UP3 BULUKUMBA,GD,INSP,"0,00",,2026,,,,,,,,,,,,
97303704,INSPEKSI TIER 1 BL01107,INST1,GD01.06302627,,32710.INSPEKSI2,ULP.32710,WFOLLOWUP,ULP PANRITA LOPI,,08/05/2026,,BURUK,P_BINTARORE,29/05/2026,,,TND,Mei,UP3 BULUKUMBA,GD,INSP,"0,00",,2026,,,,,,,,,,,,
97303727,INSPEKSI TIER 1 BL01031,INST1,GD01.06302629,,32710.INSPEKSI2,ULP.32710,WFOLLOWUP,ULP PANRITA LOPI,,08/05/2026,,BURUK,P_BINTARORE,29/05/2026,,,TND,Mei,UP3 BULUKUMBA,GD,INSP,"0,00",,2026,,,,,,,,,,,,
97303744,INSPEKSI TIER 1 BL01108,INST1,GD01.06302630,,32710.INSPEKSI2,ULP.32710,COMP,ULP PANRITA LOPI,,08/05/2026,,KURANG,P_BINTARORE,29/05/2026,,,TND,Mei,UP3 BULUKUMBA,GD,INSP,"0,00",,2026,,,,,,,,,,,,
97303759,INSPEKSI TIER 1 BL01032,INST1,GD01.06302631,,32710.INSPEKSI2,ULP.32710,COMP,ULP PANRITA LOPI,,08/05/2026,,KURANG,P_BINTARORE,29/05/2026,,,TND,Mei,UP3 BULUKUMBA,GD,INSP,"0,00",,2026,,,,,,,,,,,,
97303778,INSPEKSI TIER 1 BL01033,INST1,GD01.06302632,,32710.INSPEKSI2,ULP.32710,COMP,ULP PANRITA LOPI,,08/05/2026,,KURANG,P_BINTARORE,02/06/2026,,,TND,Mei,UP3 BULUKUMBA,GD,INSP,"0,00",,2026,,,,,,,,,,,,
97303793,INSPEKSI TIER 1 BL01034,INST1,GD01.06302633,,32710.INSPEKSI2,ULP.32710,COMP,ULP PANRITA LOPI,,08/05/2026,,KURANG,P_BINTARORE,02/06/2026,,,TND,Mei,UP3 BULUKUMBA,GD,INSP,"0,00",,2026,,,,,,,,,,,,
97303822,INSPEKSI TIER 1 BL01035,INST1,GD01.06302634,,32710.INSPEKSI2,ULP.32710,COMP,ULP PANRITA LOPI,,08/05/2026,,KURANG,P_BINTARORE,02/06/2026,,,TND,Mei,UP3 BULUKUMBA,GD,INSP,"0,00",,2026,,,,,,,,,,,,
97303841,INSPEKSI TIER 1 BL01037,INST1,GD01.06302636,,32710.INSPEKSI2,ULP.32710,COMP,ULP PANRITA LOPI,,08/05/2026,,KURANG,P_BINTARORE,02/06/2026,,,TND,Mei,UP3 BULUKUMBA,GD,INSP,"0,00",,2026,,,,,,,,,,,,
97303874,INSPEKSI TIER 1 BL01103,INST1,GD01.06302637,,32710.INSPEKSI2,ULP.32710,WFOLLOWUP,ULP PANRITA LOPI,,08/05/2026,,BURUK,P_BINTARORE,02/06/2026,,,TND,Mei,UP3 BULUKUMBA,GD,INSP,"0,00",,2026,,,,,,,,,,,,
97303900,INSPEKSI TIER 1 BL01040,INST1,GD01.06302640,,32710.INSPEKSI2,ULP.32710,COMP,ULP PANRITA LOPI,,08/05/2026,,KURANG,P_BINTARORE,02/06/2026,,,TND,Mei,UP3 BULUKUMBA,GD,INSP,"0,00",,2026,,,,,,,,,,,,
97303922,INSPEKSI TIER 1 BL01104,INST1,GD01.06302641,,32710.INSPEKSI2,ULP.32710,COMP,ULP PANRITA LOPI,,08/05/2026,,KURANG,P_BINTARORE,02/06/2026,,,TND,Mei,UP3 BULUKUMBA,GD,INSP,"0,00",,2026,,,,,,,,,,,,
97303944,INSPEKSI TIER 1 BL01101,INST1,GD01.06302643,,32710.INSPEKSI2,ULP.32710,WFOLLOWUP,ULP PANRITA LOPI,,08/05/2026,,BURUK,P_BINTARORE,02/06/2026,,,TND,Mei,UP3 BULUKUMBA,GD,INSP,"0,00",,2026,,,,,,,,,,,,
97303965,INSPEKSI TIER 1 BL01042,INST1,GD01.06302644,,32710.INSPEKSI2,ULP.32710,COMP,ULP PANRITA LOPI,,08/05/2026,,KURANG,P_BINTARORE,02/06/2026,,,TND,Mei,UP3 BULUKUMBA,GD,INSP,"0,00",,2026,,,,,,,,,,,,
97303996,INSPEKSI TIER 1 BL01043,INST1,GD01.06302646,,32710.INSPEKSI3,ULP.32710,WFCOMP,ULP PANRITA LOPI,,08/05/2026,,KURANG,P_BINTARORE,15/06/2026,,,TND,Mei,UP3 BULUKUMBA,GD,INSP,"0,00",,2026,,,,,,,,,,,,
97304007,INSPEKSI TIER 1 BL01044,INST1,GD01.06302647,,32710.INSPEKSI3,ULP.32710,COMP,ULP PANRITA LOPI,,08/05/2026,,KURANG,P_BINTARORE,04/06/2026,,,TND,Mei,UP3 BULUKUMBA,GD,INSP,"0,00",,2026,,,,,,,,,,,,
97304029,INSPEKSI TIER 1 BL01045,INST1,GD01.06302648,,32710.INSPEKSI3,ULP.32710,COMP,ULP PANRITA LOPI,,08/05/2026,,KURANG,P_BINTARORE,04/06/2026,,,TND,Mei,UP3 BULUKUMBA,GD,INSP,"0,00",,2026,,,,,,,,,,,,
97304046,INSPEKSI TIER 1 BL01047,INST1,GD01.06302650,,32710.INSPEKSI3,ULP.32710,COMP,ULP PANRITA LOPI,,08/05/2026,,KURANG,P_BINTARORE,04/06/2026,,,TND,Mei,UP3 BULUKUMBA,GD,INSP,"0,00",,2026,,,,,,,,,,,,
97304064,INSPEKSI TIER 1 BL01051,INST1,GD01.06302655,,32710.INSPEKSI3,ULP.32710,WFOLLOWUP,ULP PANRITA LOPI,,08/05/2026,,BURUK,P_BINTARORE,04/06/2026,,,TND,Mei,UP3 BULUKUMBA,GD,INSP,"0,00",,2026,,,,,,,,,,,,
97304079,INSPEKSI TIER 1 BL01053,INST1,GD01.06302657,,32710.INSPEKSI3,ULP.32710,COMP,ULP PANRITA LOPI,,08/05/2026,,KURANG,P_BINTARORE,04/06/2026,,,TND,Mei,UP3 BULUKUMBA,GD,INSP,"0,00",,2026,,,,,,,,,,,,
97304099,INSPEKSI TIER 1 BL-03-098,INST1,GD01.06302685,,32710.INSPEKSI1,ULP.32710,COMP,ULP PANRITA LOPI,,08/05/2026,,,P_BINTARORE,09/06/2026,,,TND,Mei,UP3 BULUKUMBA,GD,INSP,"0,00",,2026,,,,,,,,,,,,
97304105,INSPEKSI TIER 1 BL01073,INST1,GD01.06302693,,32710.INSPEKSI1,ULP.32710,WFOLLOWUP,ULP PANRITA LOPI,,08/05/2026,,BURUK,P_BINTARORE,09/06/2026,,,TND,Mei,UP3 BULUKUMBA,GD,INSP,"0,00",,2026,,,,,,,,,,,,
97304123,INSPEKSI TIER 1 BL01096,INST1,GD01.06302695,,32710.INSPEKSI1,ULP.32710,WFOLLOWUP,ULP PANRITA LOPI,,08/05/2026,,BURUK,P_BINTARORE,14/06/2026,,,TND,Mei,UP3 BULUKUMBA,GD,INSP,"0,00",,2026,,,,,,,,,,,,
97304145,INSPEKSI TIER 1 BL01097,INST1,GD01.06302696,,32710.INSPEKSI1,ULP.32710,WFOLLOWUP,ULP PANRITA LOPI,,08/05/2026,,BURUK,P_BINTARORE,14/06/2026,,,TND,Mei,UP3 BULUKUMBA,GD,INSP,"0,00",,2026,,,,,,,,,,,,
97304162,INSPEKSI TIER 1 BL01098,INST1,GD01.06302697,,32710.INSPEKSI1,ULP.32710,WFOLLOWUP,ULP PANRITA LOPI,,08/05/2026,,BURUK,P_BINTARORE,14/06/2026,,,TND,Mei,UP3 BULUKUMBA,GD,INSP,"0,00",,2026,,,,,,,,,,,,
97304195,INSPEKSI TIER 1 BL03081,INST1,GD01.06302970,,32710.INSPEKSI2,ULP.32710,COMP,ULP PANRITA LOPI,,08/05/2026,,KURANG,P_SAPOLOHE,17/06/2026,,,TND,Mei,UP3 BULUKUMBA,GD,INSP,"0,00",,2026,,,,,,,,,,,,
97304211,INSPEKSI TIER 1 BL03037,INST1,GD01.06302978,,32710.INSPEKSI2,ULP.32710,COMP,ULP PANRITA LOPI,,08/05/2026,,KURANG,P_UJUNGLOE,17/06/2026,,,TND,Mei,UP3 BULUKUMBA,GD,INSP,"0,00",,2026,,,,,,,,,,,,
97304225,INSPEKSI TIER 1 BL03012,INST1,GD01.06302979,,32710.INSPEKSI2,ULP.32710,COMP,ULP PANRITA LOPI,,08/05/2026,,KURANG,P_SAPOLOHE,17/06/2026,,,TND,Mei,UP3 BULUKUMBA,GD,INSP,"0,00",,2026,,,,,,,,,,,,
97304236,INSPEKSI TIER 1 BL03013,INST1,GD01.06302981,,32710.INSPEKSI2,ULP.32710,COMP,ULP PANRITA LOPI,,08/05/2026,,KURANG,P_SAPOLOHE,17/06/2026,,,TND,Mei,UP3 BULUKUMBA,GD,INSP,"0,00",,2026,,,,,,,,,,,,
97304258,INSPEKSI TIER 1 BL03046,INST1,GD01.06302990,,32710.INSPEKSI2,ULP.32710,COMP,ULP PANRITA LOPI,,08/05/2026,,KURANG,P_SAPOLOHE,17/06/2026,,,TND,Mei,UP3 BULUKUMBA,GD,INSP,"0,00",,2026,,,,,,,,,,,,
97304312,INSPEKSI TIER 1 BL03069,INST1,GD01.06302993,,32710.INSPEKSI2,ULP.32710,COMP,ULP PANRITA LOPI,,08/05/2026,,KURANG,P_SAPOLOHE,17/06/2026,,,TND,Mei,UP3 BULUKUMBA,GD,INSP,"0,00",,2026,,,,,,,,,,,,
97304343,INSPEKSI TIER 1 BL03020,INST1,GD01.06302997,,32710.INSPEKSI2,ULP.32710,COMP,ULP PANRITA LOPI,,08/05/2026,,KURANG,P_UJUNGLOE,17/06/2026,,,TND,Mei,UP3 BULUKUMBA,GD,INSP,"0,00",,2026,,,,,,,,,,,,
97304361,INSPEKSI TIER 1 BL03022,INST1,GD01.06303004,,32710.INSPEKSI2,ULP.32710,COMP,ULP PANRITA LOPI,,08/05/2026,,KURANG,P_UJUNGLOE,16/06/2026,,,TND,Mei,UP3 BULUKUMBA,GD,INSP,"0,00",,2026,,,,,,,,,,,,
97304390,INSPEKSI TIER 1 BL03029,INST1,GD01.06303005,,32710.INSPEKSI2,ULP.32710,COMP,ULP PANRITA LOPI,,08/05/2026,,KURANG,P_UJUNGLOE,16/06/2026,,,TND,Mei,UP3 BULUKUMBA,GD,INSP,"0,00",,2026,,,,,,,,,,,,
97304451,INSPEKSI TIER 1 BL03030,INST1,GD01.06303008,,32710.INSPEKSI2,ULP.32710,COMP,ULP PANRITA LOPI,,08/05/2026,,KURANG,P_UJUNGLOE,16/06/2026,,,TND,Mei,UP3 BULUKUMBA,GD,INSP,"0,00",,2026,,,,,,,,,,,,
97304488,INSPEKSI TIER 1 BL03105,INST1,GD01.06303019,,32710.INSPEKSI2,ULP.32710,COMP,ULP PANRITA LOPI,,08/05/2026,,KURANG,P_UJUNGLOE,16/06/2026,,,TND,Mei,UP3 BULUKUMBA,GD,INSP,"0,00",,2026,,,,,,,,,,,,
97304525,INSPEKSI TIER 1 BL03089,INST1,GD01.06303022,,32710.INSPEKSI2,ULP.32710,COMP,ULP PANRITA LOPI,,08/05/2026,,KURANG,P_UJUNGLOE,16/06/2026,,,TND,Mei,UP3 BULUKUMBA,GD,INSP,"0,00",,2026,,,,,,,,,,,,
97304587,INSPEKSI TIER 1 BL03076,INST1,GD01.06303023,,32710.INSPEKSI2,ULP.32710,COMP,ULP PANRITA LOPI,,08/05/2026,,KURANG,P_UJUNGLOE,16/06/2026,,,TND,Mei,UP3 BULUKUMBA,GD,INSP,"0,00",,2026,,,,,,,,,,,,
97304645,INSPEKSI TIER 1 BL01005,INST1,GD01.19602573,,32710.INSPEKSI2,ULP.32710,WFOLLOWUP,ULP PANRITA LOPI,,08/05/2026,,BURUK,P_BINTARORE,02/06/2026,,,TND,Mei,UP3 BULUKUMBA,GD,INSP,"0,00",,2026,,,,,,,,,,,,
97304704,INSPEKSI TIER 1 BL01009,INST1,GD01.19602575,,32710.INSPEKSI2,ULP.32710,WFOLLOWUP,ULP PANRITA LOPI,,08/05/2026,,BURUK,P_BINTARORE,02/06/2026,,,TND,Mei,UP3 BULUKUMBA,GD,INSP,"0,00",,2026,,,,,,,,,,,,
97304719,INSPEKSI TIER 1 BL01011,INST1,GD01.19602576,,32710.INSPEKSI2,ULP.32710,COMP,ULP PANRITA LOPI,,08/05/2026,,CUKUP,P_MATTEKO,02/06/2026,,,TND,Mei,UP3 BULUKUMBA,GD,INSP,"0,00",,2026,,,,,,,,,,,,
97304771,INSPEKSI TIER 1 BL01008,INST1,GD01.19602578,,32710.INSPEKSI2,ULP.32710,COMP,ULP PANRITA LOPI,,08/05/2026,,KURANG,P_BINTARORE,02/06/2026,,,TND,Mei,UP3 BULUKUMBA,GD,INSP,"0,00",,2026,,,,,,,,,,,,
97304791,INSPEKSI TIER 1 BL03079,INST1,GD01.19602580,,32710.INSPEKSI2,ULP.32710,COMP,ULP PANRITA LOPI,,08/05/2026,,KURANG,P_UJUNGLOE,16/06/2026,,,TND,Mei,UP3 BULUKUMBA,GD,INSP,"0,00",,2026,,,,,,,,,,,,
97304825,INSPEKSI TIER 1 BL01004,INST1,GD01.19602583,,32710.INSPEKSI2,ULP.32710,COMP,ULP PANRITA LOPI,,08/05/2026,,KURANG,P_BINTARORE,02/06/2026,,,TND,Mei,UP3 BULUKUMBA,GD,INSP,"0,00",,2026,,,,,,,,,,,,
97304874,INSPEKSI TIER 1 BL01116,INST1,GD01.19602601,,32710.INSPEKSI2,ULP.32710,COMP,ULP PANRITA LOPI,,08/05/2026,,CUKUP,P_BINTARORE,02/06/2026,,,TND,Mei,UP3 BULUKUMBA,GD,INSP,"0,00",,2026,,,,,,,,,,,,
97304943,INSPEKSI TIER 1 BL01117,INST1,GD01.19602604,,32710.INSPEKSI2,ULP.32710,COMP,ULP PANRITA LOPI,,08/05/2026,,KURANG,P_BINTARORE,02/06/2026,,,TND,Mei,UP3 BULUKUMBA,GD,INSP,"0,00",,2026,,,,,,,,,,,,
97305157,INSPEKSI TIER 1 BL01124,INST1,GD01.06301334,,32710.INSPEKSI1,ULP.32710,COMP,ULP PANRITA LOPI,,08/05/2026,,KURANG,P_BINTARORE,14/06/2026,,,TND,Mei,UP3 BULUKUMBA,GD,INSP,"0,00",,2026,,,,,,,,,,,,
97305221,INSPEKSI TIER 1 BL02003,INST1,GD01.06302050,,32710.INSPEKSI1,ULP.32710,COMP,ULP PANRITA LOPI,,08/05/2026,,KURANG,P_PAJUKUKANG,14/06/2026,,,TND,Mei,UP3 BULUKUMBA,GD,INSP,"0,00",,2026,,,,,,,,,,,,
97305389,INSPEKSI TIER 1 BL02018,INST1,GD01.06302066,,32710.INSPEKSI1,ULP.32710,COMP,ULP PANRITA LOPI,,08/05/2026,,KURANG,P_PAJUKUKANG,14/06/2026,,,TND,Mei,UP3 BULUKUMBA,GD,INSP,"0,00",,2026,,,,,,,,,,,,
97305519,INSPEKSI TIER 1 BL02019,INST1,GD01.06302067,,32710.INSPEKSI1,ULP.32710,COMP,ULP PANRITA LOPI,,08/05/2026,,KURANG,P_PAJUKUKANG,14/06/2026,,,TND,Mei,UP3 BULUKUMBA,GD,INSP,"0,00",,2026,,,,,,,,,,,,
97305530,INSPEKSI TIER 1 BL02023,INST1,GD01.06302071,,32710.INSPEKSI1,ULP.32710,COMP,ULP PANRITA LOPI,,08/05/2026,,KURANG,P_PAJUKUKANG,13/06/2026,,,TND,Mei,UP3 BULUKUMBA,GD,INSP,"0,00",,2026,,,,,,,,,,,,
97305550,INSPEKSI TIER 1 BL02024,INST1,GD01.06302072,,32710.INSPEKSI1,ULP.32710,COMP,ULP PANRITA LOPI,,08/05/2026,,KURANG,P_PAJUKUKANG,13/06/2026,,,TND,Mei,UP3 BULUKUMBA,GD,INSP,"0,00",,2026,,,,,,,,,,,,
97305571,INSPEKSI TIER 1 BL02029,INST1,GD01.06302077,,32710.INSPEKSI1,ULP.32710,WFCOMP,ULP PANRITA LOPI,,08/05/2026,,KURANG,P_PAJUKUKANG,15/06/2026,,,TND,Mei,UP3 BULUKUMBA,GD,INSP,"0,00",,2026,,,,,,,,,,,,
97305595,INSPEKSI TIER 1 BL02030,INST1,GD01.06302078,,32710.INSPEKSI1,ULP.32710,COMP,ULP PANRITA LOPI,,08/05/2026,,KURANG,P_PAJUKUKANG,13/06/2026,,,TND,Mei,UP3 BULUKUMBA,GD,INSP,"0,00",,2026,,,,,,,,,,,,
97305610,INSPEKSI TIER 1 BL02032,INST1,GD01.06302079,,32710.INSPEKSI1,ULP.32710,COMP,ULP PANRITA LOPI,,08/05/2026,,KURANG,P_PAJUKUKANG,13/06/2026,,,TND,Mei,UP3 BULUKUMBA,GD,INSP,"0,00",,2026,,,,,,,,,,,,
97305626,INSPEKSI TIER 1 BL01019,INST1,GD01.06302613,,32710.INSPEKSI2,ULP.32710,COMP,ULP PANRITA LOPI,,08/05/2026,,KURANG,P_BINTARORE,02/06/2026,,,TND,Mei,UP3 BULUKUMBA,GD,INSP,"0,00",,2026,,,,,,,,,,,,
97305647,INSPEKSI TIER 1 BL01102,INST1,GD01.06302614,,32710.INSPEKSI2,ULP.32710,COMP,ULP PANRITA LOPI,,08/05/2026,,KURANG,P_BINTARORE,02/06/2026,,,TND,Mei,UP3 BULUKUMBA,GD,INSP,"0,00",,2026,,,,,,,,,,,,
97305707,INSPEKSI TIER 1 BL01020,INST1,GD01.06302615,,32710.INSPEKSI2,ULP.32710,COMP,ULP PANRITA LOPI,,08/05/2026,,KURANG,P_BINTARORE,02/06/2026,,,TND,Mei,UP3 BULUKUMBA,GD,INSP,"0,00",,2026,,,,,,,,,,,,
97305727,INSPEKSI TIER 1 BL01021,INST1,GD01.06302616,,32710.INSPEKSI2,ULP.32710,WFOLLOWUP,ULP PANRITA LOPI,,08/05/2026,,BURUK,P_BINTARORE,02/06/2026,,,TND,Mei,UP3 BULUKUMBA,GD,INSP,"0,00",,2026,,,,,,,,,,,,
97305738,INSPEKSI TIER 1 BL01022,INST1,GD01.06302617,,32710.INSPEKSI2,ULP.32710,WFOLLOWUP,ULP PANRITA LOPI,,08/05/2026,,BURUK,P_BINTARORE,02/06/2026,,,TND,Mei,UP3 BULUKUMBA,GD,INSP,"0,00",,2026,,,,,,,,,,,,
97305758,INSPEKSI TIER 1 BL01024,INST1,GD01.06302619,,32710.INSPEKSI2,ULP.32710,WFOLLOWUP,ULP PANRITA LOPI,,08/05/2026,,BURUK,P_BINTARORE,02/06/2026,,,TND,Mei,UP3 BULUKUMBA,GD,INSP,"0,00",,2026,,,,,,,,,,,,
97305781,INSPEKSI TIER 1 BL01036,INST1,GD01.06302635,,32710.INSPEKSI2,ULP.32710,COMP,ULP PANRITA LOPI,,08/05/2026,,KURANG,P_BINTARORE,02/06/2026,,,TND,Mei,UP3 BULUKUMBA,GD,INSP,"0,00",,2026,,,,,,,,,,,,
97305815,INSPEKSI TIER 1 BL01038,INST1,GD01.06302638,,32710.INSPEKSI2,ULP.32710,COMP,ULP PANRITA LOPI,,08/05/2026,,KURANG,P_BINTARORE,02/06/2026,,,TND,Mei,UP3 BULUKUMBA,GD,INSP,"0,00",,2026,,,,,,,,,,,,
97305860,INSPEKSI TIER 1 BL01039,INST1,GD01.06302639,,32710.INSPEKSI2,ULP.32710,WFOLLOWUP,ULP PANRITA LOPI,,08/05/2026,,BURUK,P_BINTARORE,02/06/2026,,,TND,Mei,UP3 BULUKUMBA,GD,INSP,"0,00",,2026,,,,,,,,,,,,
97305956,INSPEKSI TIER 1 BL01041,INST1,GD01.06302642,,32710.INSPEKSI2,ULP.32710,COMP,ULP PANRITA LOPI,,08/05/2026,,KURANG,P_BINTARORE,02/06/2026,,,TND,Mei,UP3 BULUKUMBA,GD,INSP,"0,00",,2026,,,,,,,,,,,,
97306186,INSPEKSI TIER 1 BL01106,INST1,GD01.06302645,,32710.INSPEKSI3,ULP.32710,WFCOMP,ULP PANRITA LOPI,,08/05/2026,,CUKUP,P_BINTARORE,15/06/2026,,,TND,Mei,UP3 BULUKUMBA,GD,INSP,"0,00",,2026,,,,,,,,,,,,
97306432,INSPEKSI TIER 1 BL01046,INST1,GD01.06302649,,32710.INSPEKSI3,ULP.32710,WFCOMP,ULP PANRITA LOPI,,08/05/2026,,KURANG,P_BINTARORE,15/06/2026,,,TND,Mei,UP3 BULUKUMBA,GD,INSP,"0,00",,2026,,,,,,,,,,,,
97306637,INSPEKSI TIER 1 BL01050,INST1,GD01.06302654,,32710.INSPEKSI3,ULP.32710,COMP,ULP PANRITA LOPI,,08/05/2026,,KURANG,P_BINTARORE,04/06/2026,,,TND,Mei,UP3 BULUKUMBA,GD,INSP,"0,00",,2026,,,,,,,,,,,,
97306899,INSPEKSI TIER 1 BL01052,INST1,GD01.06302656,,32710.INSPEKSI3,ULP.32710,WFOLLOWUP,ULP PANRITA LOPI,,08/05/2026,,BURUK,P_BINTARORE,04/06/2026,,,TND,Mei,UP3 BULUKUMBA,GD,INSP,"0,00",,2026,,,,,,,,,,,,
97307124,INSPEKSI TIER 1 BL01055,INST1,GD01.06302659,,32710.INSPEKSI3,ULP.32710,COMP,ULP PANRITA LOPI,,08/05/2026,,KURANG,P_BINTARORE,04/06/2026,,,TND,Mei,UP3 BULUKUMBA,GD,INSP,"0,00",,2026,,,,,,,,,,,,
97307326,INSPEKSI TIER 1 BL01056,INST1,GD01.06302660,,32710.INSPEKSI3,ULP.32710,COMP,ULP PANRITA LOPI,,08/05/2026,,KURANG,P_BINTARORE,04/06/2026,,,TND,Mei,UP3 BULUKUMBA,GD,INSP,"0,00",,2026,,,,,,,,,,,,
97307567,INSPEKSI TIER 1 BL01057,INST1,GD01.06302661,,32710.INSPEKSI3,ULP.32710,COMP,ULP PANRITA LOPI,,08/05/2026,,KURANG,P_BINTARORE,04/06/2026,,,TND,Mei,UP3 BULUKUMBA,GD,INSP,"0,00",,2026,,,,,,,,,,,,
97307788,INSPEKSI TIER 1 BL01058,INST1,GD01.06302662,,32710.INSPEKSI3,ULP.32710,COMP,ULP PANRITA LOPI,,08/05/2026,,KURANG,P_BINTARORE,04/06/2026,,,TND,Mei,UP3 BULUKUMBA,GD,INSP,"0,00",,2026,,,,,,,,,,,,
97307894,INSPEKSI TIER 1 BL01061,INST1,GD01.06302663,,32710.INSPEKSI3,ULP.32710,COMP,ULP PANRITA LOPI,,08/05/2026,,KURANG,P_BINTARORE,03/06/2026,,,TND,Mei,UP3 BULUKUMBA,GD,INSP,"0,00",,2026,,,,,,,,,,,,
97308003,INSPEKSI TIER 1 BL01062,INST1,GD01.06302664,,32710.INSPEKSI3,ULP.32710,WFCOMP,ULP PANRITA LOPI,,08/05/2026,,KURANG,P_BINTARORE,15/06/2026,,,TND,Mei,UP3 BULUKUMBA,GD,INSP,"0,00",,2026,,,,,,,,,,,,
97308086,INSPEKSI TIER 1 BL01059,INST1,GD01.06302665,,32710.INSPEKSI3,ULP.32710,COMP,ULP PANRITA LOPI,,08/05/2026,,KURANG,P_BINTARORE,03/06/2026,,,TND,Mei,UP3 BULUKUMBA,GD,INSP,"0,00",,2026,,,,,,,,,,,,
97308162,INSPEKSI TIER 1 BL01063,INST1,GD01.06302667,,32710.INSPEKSI1,ULP.32710,WFOLLOWUP,ULP PANRITA LOPI,,08/05/2026,,BURUK,P_BINTARORE,13/06/2026,,,TND,Mei,UP3 BULUKUMBA,GD,INSP,"0,00",,2026,,,,,,,,,,,,
97308429,INSPEKSI TIER 1 BL01064,INST1,GD01.06302668,,32710.INSPEKSI1,ULP.32710,WFOLLOWUP,ULP PANRITA LOPI,,08/05/2026,,BURUK,P_BINTARORE,13/06/2026,,,TND,Mei,UP3 BULUKUMBA,GD,INSP,"0,00",,2026,,,,,,,,,,,,
97308520,INSPEKSI TIER 1 BL01065,INST1,GD01.06302669,,32710.INSPEKSI1,ULP.32710,COMP,ULP PANRITA LOPI,,08/05/2026,,KURANG,P_BINTARORE,13/06/2026,,,TND,Mei,UP3 BULUKUMBA,GD,INSP,"0,00",,2026,,,,,,,,,,,,
97308665,INSPEKSI TIER 1 BL03000,INST1,GD01.06302671,,32710.INSPEKSI1,ULP.32710,WFCOMP,ULP PANRITA LOPI,,08/05/2026,,KURANG,P_BINTARORE,15/06/2026,,,TND,Mei,UP3 BULUKUMBA,GD,INSP,"0,00",,2026,,,,,,,,,,,,
97308819,INSPEKSI TIER 1 BL-03-086,INST1,GD01.06302672,,32710.INSPEKSI1,ULP.32710,COMP,ULP PANRITA LOPI,,08/05/2026,,,P_BINTARORE,13/06/2026,,,TND,Mei,UP3 BULUKUMBA,GD,INSP,"0,00",,2026,,,,,,,,,,,,
97308965,INSPEKSI TIER 1 BL-03-042,INST1,GD01.06302673,,32710.INSPEKSI1,ULP.32710,COMP,ULP PANRITA LOPI,,08/05/2026,,,P_BINTARORE,13/06/2026,,,TND,Mei,UP3 BULUKUMBA,GD,INSP,"0,00",,2026,,,,,,,,,,,,
97309087,INSPEKSI TIER 1 BL03001,INST1,GD01.06302674,,32710.INSPEKSI1,ULP.32710,COMP,ULP PANRITA LOPI,,08/05/2026,,KURANG,P_BINTARORE,13/06/2026,,,TND,Mei,UP3 BULUKUMBA,GD,INSP,"0,00",,2026,,,,,,,,,,,,
97309252,INSPEKSI TIER 1 BL-03-091,INST1,GD01.06302675,,32710.INSPEKSI1,ULP.32710,COMP,ULP PANRITA LOPI,,08/05/2026,,,P_BINTARORE,13/06/2026,,,TND,Mei,UP3 BULUKUMBA,GD,INSP,"0,00",,2026,,,,,,,,,,,,
97309331,INSPEKSI TIER 1 BL03002,INST1,GD01.06302676,,32710.INSPEKSI1,ULP.32710,COMP,ULP PANRITA LOPI,,08/05/2026,,KURANG,P_BINTARORE,13/06/2026,,,TND,Mei,UP3 BULUKUMBA,GD,INSP,"0,00",,2026,,,,,,,,,,,,
97309451,INSPEKSI TIER 1 BL-03-100,INST1,GD01.06302677,,32710.INSPEKSI1,ULP.32710,COMP,ULP PANRITA LOPI,,08/05/2026,,,P_BINTARORE,13/06/2026,,,TND,Mei,UP3 BULUKUMBA,GD,INSP,"0,00",,2026,,,,,,,,,,,,
97309660,INSPEKSI TIER 1 BL-03-101,INST1,GD01.06302678,,32710.INSPEKSI1,ULP.32710,COMP,ULP PANRITA LOPI,,08/05/2026,,,P_BINTARORE,13/06/2026,,,TND,Mei,UP3 BULUKUMBA,GD,INSP,"0,00",,2026,,,,,,,,,,,,
97309767,INSPEKSI TIER 1 BL-03-099,INST1,GD01.06302679,,32710.INSPEKSI1,ULP.32710,COMP,ULP PANRITA LOPI,,08/05/2026,,,P_BINTARORE,13/06/2026,,,TND,Mei,UP3 BULUKUMBA,GD,INSP,"0,00",,2026,,,,,,,,,,,,
97309881,INSPEKSI TIER 1 BL-03-003,INST1,GD01.06302681,,32710.INSPEKSI1,ULP.32710,COMP,ULP PANRITA LOPI,,08/05/2026,,,P_BINTARORE,13/06/2026,,,TND,Mei,UP3 BULUKUMBA,GD,INSP,"0,00",,2026,,,,,,,,,,,,
97309973,INSPEKSI TIER 1 BL-03-084,INST1,GD01.06302682,,32710.INSPEKSI1,ULP.32710,COMP,ULP PANRITA LOPI,,08/05/2026,,,P_BINTARORE,13/06/2026,,,TND,Mei,UP3 BULUKUMBA,GD,INSP,"0,00",,2026,,,,,,,,,,,,
97310124,INSPEKSI TIER 1 BL-03-005,INST1,GD01.06302684,,32710.INSPEKSI1,ULP.32710,COMP,ULP PANRITA LOPI,,08/05/2026,,,P_BINTARORE,13/06/2026,,,TND,Mei,UP3 BULUKUMBA,GD,INSP,"0,00",,2026,,,,,,,,,,,,
97310185,INSPEKSI TIER 1 BL01066,INST1,GD01.06302686,,32710.INSPEKSI1,ULP.32710,COMP,ULP PANRITA LOPI,,08/05/2026,,KURANG,P_BINTARORE,13/06/2026,,,TND,Mei,UP3 BULUKUMBA,GD,INSP,"0,00",,2026,,,,,,,,,,,,
97310303,INSPEKSI TIER 1 BL01067,INST1,GD01.06302687,,32710.INSPEKSI1,ULP.32710,COMP,ULP PANRITA LOPI,,08/05/2026,,KURANG,P_BINTARORE,13/06/2026,,,TND,Mei,UP3 BULUKUMBA,GD,INSP,"0,00",,2026,,,,,,,,,,,,
97310555,INSPEKSI TIER 1 BL01068,INST1,GD01.06302688,,32710.INSPEKSI1,ULP.32710,WFCOMP,ULP PANRITA LOPI,,08/05/2026,,KURANG,P_BINTARORE,15/06/2026,,,TND,Mei,UP3 BULUKUMBA,GD,INSP,"0,00",,2026,,,,,,,,,,,,
97310673,INSPEKSI TIER 1 BL01069,INST1,GD01.06302689,,32710.INSPEKSI1,ULP.32710,COMP,ULP PANRITA LOPI,,08/05/2026,,KURANG,P_BINTARORE,13/06/2026,,,TND,Mei,UP3 BULUKUMBA,GD,INSP,"0,00",,2026,,,,,,,,,,,,
97310767,INSPEKSI TIER 1 BL01070,INST1,GD01.06302690,,32710.INSPEKSI1,ULP.32710,COMP,ULP PANRITA LOPI,,08/05/2026,,KURANG,P_BINTARORE,13/06/2026,,,TND,Mei,UP3 BULUKUMBA,GD,INSP,"0,00",,2026,,,,,,,,,,,,
97310824,INSPEKSI TIER 1 BL01071,INST1,GD01.06302691,,32710.INSPEKSI1,ULP.32710,COMP,ULP PANRITA LOPI,,08/05/2026,,KURANG,P_BINTARORE,08/06/2026,,,TND,Mei,UP3 BULUKUMBA,GD,INSP,"0,00",,2026,,,,,,,,,,,,
97311350,INSPEKSI TIER 1 SEGMEN TG.KOTA BARAT.00013-TG.KOTA BARAT.00022,INST1,ULP.32710,4691462,32710.INSPEKSI1,ULP.32710,COMP,ULP PANRITA LOPI,,08/05/2026,,BAIK,P_MATTEKO,20/05/2026,,,TND,Mei,UP3 BULUKUMBA,JTM,INSP,"0,45",,2026,,,,,,,,,,,,
97311440,INSPEKSI TIER 1 SEGMEN TG.KOTA BARAT.00022.L0007-TG.KOTA BARAT.00022.L0007.R0005,INST1,ULP.32710,4691463,32710.INSPEKSI1,ULP.32710,COMP,ULP PANRITA LOPI,,08/05/2026,,BAIK,P_MATTEKO,20/05/2026,,,TND,Mei,UP3 BULUKUMBA,JTM,INSP,"0,25",,2026,,,,,,,,,,,,
97311682,INSPEKSI TIER 1 SEGMEN TG.KOTA BARAT.00022.L0007-TG.KOTA BARAT.00022.L0010,INST1,ULP.32710,4691464,32710.INSPEKSI1,ULP.32710,COMP,ULP PANRITA LOPI,,08/05/2026,,BAIK,P_MATTEKO,20/05/2026,,,TND,Mei,UP3 BULUKUMBA,JTM,INSP,"0,15",,2026,,,,,,,,,,,,
97311783,INSPEKSI TIER 1 SEGMEN TG.KOTA BARAT.00022.R0010-TG.KOTA BARAT.00022.R0010.L0016,INST1,ULP.32710,4691465,32710.INSPEKSI1,ULP.32710,COMP,ULP PANRITA LOPI,,08/05/2026,,BAIK,P_MATTEKO,20/05/2026,,,TND,Mei,UP3 BULUKUMBA,JTM,INSP,"0,80",,2026,,,,,,,,,,,,
97311970,INSPEKSI TIER 1 SEGMEN TG.KOTA BARAT.00022.R0010-TG.KOTA BARAT.00022.R0010.R0013,INST1,ULP.32710,4691466,32710.INSPEKSI1,ULP.32710,COMP,ULP PANRITA LOPI,,08/05/2026,,BAIK,P_MATTEKO,20/05/2026,,,TND,Mei,UP3 BULUKUMBA,JTM,INSP,"0,65",,2026,,,,,,,,,,,,
97312106,INSPEKSI TIER 1 SEGMEN TG.KOTA BARAT.00022.R0010-TG.KOTA BARAT.00022.R0025,INST1,ULP.32710,4691467,32710.INSPEKSI1,ULP.32710,COMP,ULP PANRITA LOPI,,08/05/2026,,BAIK,P_MATTEKO,20/05/2026,,,TND,Mei,UP3 BULUKUMBA,JTM,INSP,"0,75",,2026,,,,,,,,,,,,
97312227,INSPEKSI TIER 1 SEGMEN TG.KOTA BARAT.00022.R0025-TG.KOTA BARAT.00022.R0025.L0006,INST1,ULP.32710,4691468,32710.INSPEKSI1,ULP.32710,COMP,ULP PANRITA LOPI,,08/05/2026,,BAIK,P_MATTEKO,20/05/2026,,,TND,Mei,UP3 BULUKUMBA,JTM,INSP,"0,30",,2026,,,,,,,,,,,,
97312332,INSPEKSI TIER 1 SEGMEN TG.KOTA BARAT.00022.R0025-TG.KOTA BARAT.00022.R0034,INST1,ULP.32710,4691469,32710.INSPEKSI1,ULP.32710,COMP,ULP PANRITA LOPI,,08/05/2026,,BAIK,P_MATTEKO,20/05/2026,,,TND,Mei,UP3 BULUKUMBA,JTM,INSP,"0,45",,2026,,,,,,,,,,,,
97312429,INSPEKSI TIER 1 SEGMEN TG.KOTA BARAT.00022.R0028-TG.KOTA BARAT.00022.R0028.L0004,INST1,ULP.32710,4691470,32710.INSPEKSI1,ULP.32710,COMP,ULP PANRITA LOPI,,08/05/2026,,BAIK,P_MATTEKO,20/05/2026,,,TND,Mei,UP3 BULUKUMBA,JTM,INSP,"0,20",,2026,,,,,,,,,,,,
97312515,INSPEKSI TIER 1 SEGMEN TG.KOTA BARAT.00022.R0034-TG.KOTA BARAT.00022.R0034.R0016,INST1,ULP.32710,4691471,32710.INSPEKSI1,ULP.32710,COMP,ULP PANRITA LOPI,,08/05/2026,,BAIK,P_MATTEKO,20/05/2026,,,TND,Mei,UP3 BULUKUMBA,JTM,INSP,"0,80",,2026,,,,,,,,,,,,
97313010,INSPEKSI TIER 1 SEGMEN TG.KOTA BARAT.00022.R0034-TG.KOTA BARAT.00022.R0040,INST1,ULP.32710,4691472,32710.INSPEKSI1,ULP.32710,COMP,ULP PANRITA LOPI,,08/05/2026,,BAIK,P_MATTEKO,20/05/2026,,,TND,Mei,UP3 BULUKUMBA,JTM,INSP,"0,30",,2026,,,,,,,,,,,,
97313182,INSPEKSI TIER 1 SEGMEN TG.KOTA BARAT.00022.R0040-TG.KOTA BARAT.00022.R0040.R0003,INST1,ULP.32710,4691473,32710.INSPEKSI1,ULP.32710,COMP,ULP PANRITA LOPI,,08/05/2026,,BAIK,P_MATTEKO,20/05/2026,,,TND,Mei,UP3 BULUKUMBA,JTM,INSP,"0,15",,2026,,,,,,,,,,,,
97313265,INSPEKSI TIER 1 SEGMEN TG.KOTA BARAT.00022.R0040-TG.KOTA BARAT.00022.R0043,INST1,ULP.32710,4691474,32710.INSPEKSI1,ULP.32710,COMP,ULP PANRITA LOPI,,08/05/2026,,BAIK,P_MATTEKO,20/05/2026,,,TND,Mei,UP3 BULUKUMBA,JTM,INSP,"0,15",,2026,,,,,,,,,,,,
97313355,INSPEKSI TIER 1 SEGMEN TG.KOTA BARAT.00022.R0043-TG.KOTA BARAT.00022.R0043.L0024,INST1,ULP.32710,4691475,32710.INSPEKSI1,ULP.32710,COMP,ULP PANRITA LOPI,,08/05/2026,,BAIK,P_MATTEKO,20/05/2026,,,TND,Mei,UP3 BULUKUMBA,JTM,INSP,"1,20",,2026,,,,,,,,,,,,
97313505,INSPEKSI TIER 1 SEGMEN TG.KOTA BARAT.00022.R0043-TG.KOTA BARAT.00022.R0064,INST1,ULP.32710,4691476,32710.INSPEKSI1,ULP.32710,COMP,ULP PANRITA LOPI,,08/05/2026,,BAIK,P_MATTEKO,03/06/2026,,,TND,Mei,UP3 BULUKUMBA,JTM,INSP,"1,05",,2026,,,,,,,,,,,,
97327765,Perbaikan/Pergantian INSPEKSI TIER 1 BS07062,INST1,GD01.06302503,,32760.INSPEKSI2,ULP.32760,WAPPR,ULP SINJAI,,10/05/2026,,,P_LAPPA,10/05/2026,,96501585,TND,Mei,UP3 BULUKUMBA,GD,TL,"0,00",,2026,,,,,,,,,,,,
97386729,INSPEKSI TIER 1 SEGMEN TG.KOTA BARAT.00022.R0064-TG.KOTA BARAT.00022.R0064.L0005,INST1,ULP.32710,4691477,32710.INSPEKSI1,ULP.32710,COMP,ULP PANRITA LOPI,,12/05/2026,,BAIK,P_MATTEKO,03/06/2026,,,TND,Mei,UP3 BULUKUMBA,JTM,INSP,"0,25",,2026,,,,,,,,,,,,
97447451,INSPEKSI TIER 1 BR70063,INST1,GD01.06301584,,32750.INSPEKSI3,ULP.32750,COMP,ULP SELAYAR,,18/05/2026,,CUKUP,P_TIELINE SELAYAR 1,05/06/2026,,,TND,Mei,UP3 BULUKUMBA,GD,INSP,"0,00",,2026,,,,,,,,,,,,
97460918,INSPEKSI TIER 1 BR70055,INST1,GD01.06301576,,32750.INSPEKSI1,ULP.32750,COMP,ULP SELAYAR,,18/05/2026,,KURANG,P_TIELINE SELAYAR 1,22/06/2026,,,TND,Mei,UP3 BULUKUMBA,GD,INSP,"0,00",,2026,,,,,,,,,,,,
97462087,INSPEKSI TIER 1 BR70051,INST1,GD01.06301574,,32750.INSPEKSI3,ULP.32750,COMP,ULP SELAYAR,,18/05/2026,,CUKUP,P_TIELINE SELAYAR 1,05/06/2026,,,TND,Mei,UP3 BULUKUMBA,GD,INSP,"0,00",,2026,,,,,,,,,,,,
97462444,INSPEKSI TIER 1 BR70050,INST1,GD01.06301573,,32750.INSPEKSI1,ULP.32750,COMP,ULP SELAYAR,,18/05/2026,,KURANG,P_TIELINE SELAYAR 1,05/06/2026,,,TND,Mei,UP3 BULUKUMBA,GD,INSP,"0,00",,2026,,,,,,,,,,,,
97462466,INSPEKSI TIER 1 BR70047,INST1,GD01.06301568,,32750.INSPEKSI1,ULP.32750,WFOLLOWUP,ULP SELAYAR,,18/05/2026,,BURUK,P_TIELINE SELAYAR 1,24/08/2026,,,TND,Mei,UP3 BULUKUMBA,GD,INSP,"0,00",,2026,,,,,,,,,,,,
97462477,INSPEKSI TIER 1 BR70046,INST1,GD01.06301567,,32750.INSPEKSI3,ULP.32750,COMP,ULP SELAYAR,,18/05/2026,,KURANG,P_TIELINE SELAYAR 1,05/06/2026,,,TND,Mei,UP3 BULUKUMBA,GD,INSP,"0,00",,2026,,,,,,,,,,,,
97462504,INSPEKSI TIER 1 BR70048,INST1,GD01.06301569,,32750.INSPEKSI1,ULP.32750,COMP,ULP SELAYAR,,18/05/2026,,KURANG,P_TIELINE SELAYAR 1,05/06/2026,,,TND,Mei,UP3 BULUKUMBA,GD,INSP,"0,00",,2026,,,,,,,,,,,,
97462515,INSPEKSI TIER 1 BR70049,INST1,GD01.06301570,,32750.INSPEKSI1,ULP.32750,COMP,ULP SELAYAR,,18/05/2026,,KURANG,P_TIELINE SELAYAR 1,05/06/2026,,,TND,Mei,UP3 BULUKUMBA,GD,INSP,"0,00",,2026,,,,,,,,,,,,
97462526,INSPEKSI TIER 1 BR70056,INST1,GD01.06301577,,32750.INSPEKSI1,ULP.32750,COMP,ULP SELAYAR,,18/05/2026,,KURANG,P_TIELINE SELAYAR 1,05/06/2026,,,TND,Mei,UP3 BULUKUMBA,GD,INSP,"0,00",,2026,,,,,,,,,,,,
97462555,INSPEKSI TIER 1 BR70057,INST1,GD01.06301578,,32750.INSPEKSI1,ULP.32750,COMP,ULP SELAYAR,,18/05/2026,,KURANG,P_TIELINE SELAYAR 1,05/06/2026,,,TND,Mei,UP3 BULUKUMBA,GD,INSP,"0,00",,2026,,,,,,,,,,,,
97462771,INSPEKSI TIER 1 BR70058,INST1,GD01.06301579,,32750.INSPEKSI1,ULP.32750,COMP,ULP SELAYAR,,18/05/2026,,KURANG,P_TIELINE SELAYAR 1,05/06/2026,,,TND,Mei,UP3 BULUKUMBA,GD,INSP,"0,00",,2026,,,,,,,,,,,,
97491402,INSPEKSI TIER 1 SEGMEN TG.BTSIKUYU.00001-TG.BTSIKUYU.00038,INST1,ULP.32750,4690763,32750.INSPEKSI3,ULP.32750,WFCOMP,ULP SELAYAR,,20/05/2026,,BAIK,P_TIELINE BENTENG_SELAYAR,22/06/2026,,,TND,Mei,UP3 BULUKUMBA,JTM,INSP,"5,00",,2026,,,,,,,,,,,,
97491729,INSPEKSI TIER 1 SEGMEN TG.BTSIKUYU.00038-TG.BTSIKUYU.00075,INST1,ULP.32750,4690765,32750.INSPEKSI3,ULP.32750,COMP,ULP SELAYAR,,20/05/2026,,KURANG,P_TIELINE BENTENG_SELAYAR,12/06/2026,,,TND,Mei,UP3 BULUKUMBA,JTM,INSP,"1,85",,2026,,,,,,,,,,,,
97492044,INSPEKSI TIER 1 SEGMEN TG.BTSIKUYU.00075-TG.BTSIKUYU.00075.R0049,INST1,ULP.32750,4690769,32750.INSPEKSI3,ULP.32750,COMP,ULP SELAYAR,,20/05/2026,,KURANG,P_TIELINE BENTENG_SELAYAR,18/06/2026,,,TND,Mei,UP3 BULUKUMBA,JTM,INSP,"2,45",,2026,,,,,,,,,,,,
97492274,INSPEKSI TIER 1 SEGMEN TG.BTSIKUYU.00075-TG.BTSIKUYU.00169,INST1,ULP.32750,4690770,32750.INSPEKSI3,ULP.32750,WFCOMP,ULP SELAYAR,,20/05/2026,,BAIK,P_TIELINE BENTENG_SELAYAR,22/06/2026,,,TND,Mei,UP3 BULUKUMBA,JTM,INSP,"4,70",,2026,,,,,,,,,,,,
97492552,INSPEKSI TIER 1 SEGMEN TG.KOTA BARAT.00013-TG.KOTA BARAT.00022,INST1,ULP.32710,4691462,32710.INSPEKSI1,ULP.32710,COMP,ULP PANRITA LOPI,,20/05/2026,,BAIK,P_MATTEKO,03/06/2026,,,TND,Mei,UP3 BULUKUMBA,JTM,INSP,"0,45",,2026,,,,,,,,,,,,
97492642,INSPEKSI TIER 1 SEGMEN TG.KOTA BARAT.00022.L0007-TG.KOTA BARAT.00022.L0007.R0005,INST1,ULP.32710,4691463,32710.INSPEKSI1,ULP.32710,COMP,ULP PANRITA LOPI,,20/05/2026,,BAIK,P_MATTEKO,03/06/2026,,,TND,Mei,UP3 BULUKUMBA,JTM,INSP,"0,25",,2026,,,,,,,,,,,,
97492715,INSPEKSI TIER 1 SEGMEN TG.KOTA BARAT.00022.R0010-TG.KOTA BARAT.00022.R0010.L0016,INST1,ULP.32710,4691465,32710.INSPEKSI1,ULP.32710,COMP,ULP PANRITA LOPI,,20/05/2026,,BAIK,P_MATTEKO,03/06/2026,,,TND,Mei,UP3 BULUKUMBA,JTM,INSP,"0,80",,2026,,,,,,,,,,,,
97492814,INSPEKSI TIER 1 SEGMEN TG.KOTA BARAT.00022.R0010-TG.KOTA BARAT.00022.R0010.R0013,INST1,ULP.32710,4691466,32710.INSPEKSI1,ULP.32710,COMP,ULP PANRITA LOPI,,20/05/2026,,BAIK,P_MATTEKO,03/06/2026,,,TND,Mei,UP3 BULUKUMBA,JTM,INSP,"0,65",,2026,,,,,,,,,,,,
97492907,INSPEKSI TIER 1 SEGMEN TG.KOTA BARAT.00022.R0010-TG.KOTA BARAT.00022.R0025,INST1,ULP.32710,4691467,32710.INSPEKSI1,ULP.32710,COMP,ULP PANRITA LOPI,,20/05/2026,,BAIK,P_MATTEKO,03/06/2026,,,TND,Mei,UP3 BULUKUMBA,JTM,INSP,"0,75",,2026,,,,,,,,,,,,
97493746,INSPEKSI TIER 1 SEGMEN TG.KOTA BARAT.00022.R0025-TG.KOTA BARAT.00022.R0034,INST1,ULP.32710,4691469,32710.INSPEKSI1,ULP.32710,COMP,ULP PANRITA LOPI,,20/05/2026,,BAIK,P_MATTEKO,03/06/2026,,,TND,Mei,UP3 BULUKUMBA,JTM,INSP,"0,45",,2026,,,,,,,,,,,,
97493759,INSPEKSI TIER 1 SEGMEN TG.KOTA BARAT.00022.R0028-TG.KOTA BARAT.00022.R0028.L0004,INST1,ULP.32710,4691470,32710.INSPEKSI1,ULP.32710,COMP,ULP PANRITA LOPI,,20/05/2026,,BAIK,P_MATTEKO,03/06/2026,,,TND,Mei,UP3 BULUKUMBA,JTM,INSP,"0,20",,2026,,,,,,,,,,,,
97493782,INSPEKSI TIER 1 SEGMEN TG.KOTA BARAT.00022.R0034-TG.KOTA BARAT.00022.R0034.R0016,INST1,ULP.32710,4691471,32710.INSPEKSI1,ULP.32710,COMP,ULP PANRITA LOPI,,20/05/2026,,BAIK,P_MATTEKO,03/06/2026,,,TND,Mei,UP3 BULUKUMBA,JTM,INSP,"0,80",,2026,,,,,,,,,,,,
97493829,INSPEKSI TIER 1 SEGMEN TG.KOTA BARAT.00022.R0034-TG.KOTA BARAT.00022.R0040,INST1,ULP.32710,4691472,32710.INSPEKSI1,ULP.32710,COMP,ULP PANRITA LOPI,,20/05/2026,,BAIK,P_MATTEKO,03/06/2026,,,TND,Mei,UP3 BULUKUMBA,JTM,INSP,"0,30",,2026,,,,,,,,,,,,
97493885,INSPEKSI TIER 1 SEGMEN TG.KOTA BARAT.00022.R0040-TG.KOTA BARAT.00022.R0040.R0003,INST1,ULP.32710,4691473,32710.INSPEKSI1,ULP.32710,COMP,ULP PANRITA LOPI,,20/05/2026,,BAIK,P_MATTEKO,03/06/2026,,,TND,Mei,UP3 BULUKUMBA,JTM,INSP,"0,15",,2026,,,,,,,,,,,,
97494044,INSPEKSI TIER 1 SEGMEN TG.KOTA BARAT.00022.R0040-TG.KOTA BARAT.00022.R0043,INST1,ULP.32710,4691474,32710.INSPEKSI1,ULP.32710,COMP,ULP PANRITA LOPI,,20/05/2026,,BAIK,P_MATTEKO,03/06/2026,,,TND,Mei,UP3 BULUKUMBA,JTM,INSP,"0,15",,2026,,,,,,,,,,,,
97495998,INSPEKSI TIER 1 SEGMEN TG.KOTA BARAT.00022.R0043-TG.KOTA BARAT.00022.R0043.L0024,INST1,ULP.32710,4691475,32710.INSPEKSI1,ULP.32710,COMP,ULP PANRITA LOPI,,20/05/2026,,BAIK,P_MATTEKO,03/06/2026,,,TND,Mei,UP3 BULUKUMBA,JTM,INSP,"1,20",,2026,,,,,,,,,,,,
97512442,INSPEKSI TIER 1 SEGMEN TG.KOTA BARAT.00022.R0043-TG.KOTA BARAT.00022.R0064,INST1,ULP.32710,4691476,32710.INSPEKSI1,ULP.32710,COMP,ULP PANRITA LOPI,,20/05/2026,,BAIK,P_MATTEKO,03/06/2026,,,TND,Mei,UP3 BULUKUMBA,JTM,INSP,"1,05",,2026,,,,,,,,,,,,
97512529,INSPEKSI TIER 1 SEGMEN TG.KOTA BARAT.00022.R0064-TG.KOTA BARAT.00022.R0064.L0005,INST1,ULP.32710,4691477,32710.INSPEKSI1,ULP.32710,COMP,ULP PANRITA LOPI,,20/05/2026,,BAIK,P_MATTEKO,03/06/2026,,,TND,Mei,UP3 BULUKUMBA,JTM,INSP,"0,25",,2026,,,,,,,,,,,,
97538444,INSPEKSI TIER 1 BK03913,INST1,GD01.06300702,,32720.INSPEKSI3,ULP.32720,WFOLLOWUP,ULP KALUMPANG,,21/05/2026,,BURUK,P_SAPOLOHE,12/06/2026,,,TND,Mei,UP3 BULUKUMBA,GD,INSP,"0,00",,2026,,,,,,,,,,,,
97539316,INSPEKSI TIER 1 BK03912,INST1,GD01.06300703,,32720.INSPEKSI3,ULP.32720,WFCOMP,ULP KALUMPANG,,21/05/2026,,KURANG,P_UJUNGLOE,27/08/2026,,,TND,Mei,UP3 BULUKUMBA,GD,INSP,"0,00",,2026,,,,,,,,,,,,
97540102,INSPEKSI TIER 1 BK03911,INST1,GD01.06300704,,32720.INSPEKSI3,ULP.32720,WFCOMP,ULP KALUMPANG,,21/05/2026,,KURANG,P_SAPOLOHE,27/08/2026,,,TND,Mei,UP3 BULUKUMBA,GD,INSP,"0,00",,2026,,,,,,,,,,,,
97555068,INSPEKSI TIER 1 BK03910,INST1,GD01.06300705,,32720.INSPEKSI3,ULP.32720,WFCOMP,ULP KALUMPANG,,21/05/2026,,KURANG,P_SAPOLOHE,19/08/2026,,,TND,Mei,UP3 BULUKUMBA,GD,INSP,"0,00",,2026,,,,,,,,,,,,
97555244,INSPEKSI TIER 1 BK03908,INST1,GD01.06300708,,32720.INSPEKSI3,ULP.32720,WFCOMP,ULP KALUMPANG,,21/05/2026,,KURANG,P_SAPOLOHE,19/08/2026,,,TND,Mei,UP3 BULUKUMBA,GD,INSP,"0,00",,2026,,,,,,,,,,,,
97555506,INSPEKSI TIER 1 BK03902,INST1,GD01.06300709,,32720.INSPEKSI3,ULP.32720,WFCOMP,ULP KALUMPANG,,21/05/2026,,KURANG,P_UJUNGLOE,19/08/2026,,,TND,Mei,UP3 BULUKUMBA,GD,INSP,"0,00",,2026,,,,,,,,,,,,
97555611,INSPEKSI TIER 1 BK03903,INST1,GD01.06300710,,32720.INSPEKSI3,ULP.32720,COMP,ULP KALUMPANG,,21/05/2026,,KURANG,P_UJUNGLOE,11/06/2026,,,TND,Mei,UP3 BULUKUMBA,GD,INSP,"0,00",,2026,,,,,,,,,,,,
97555778,INSPEKSI TIER 1 BK03905,INST1,GD01.06300712,,32720.INSPEKSI3,ULP.32720,WFCOMP,ULP KALUMPANG,,21/05/2026,,KURANG,P_UJUNGLOE,19/08/2026,,,TND,Mei,UP3 BULUKUMBA,GD,INSP,"0,00",,2026,,,,,,,,,,,,
97555920,INSPEKSI TIER 1 BK03906,INST1,GD01.06300713,,32720.INSPEKSI3,ULP.32720,WFCOMP,ULP KALUMPANG,,21/05/2026,,KURANG,P_UJUNGLOE,19/08/2026,,,TND,Mei,UP3 BULUKUMBA,GD,INSP,"0,00",,2026,,,,,,,,,,,,
97555970,INSPEKSI TIER 1 BK03907,INST1,GD01.06300714,,32720.INSPEKSI3,ULP.32720,WFCOMP,ULP KALUMPANG,,21/05/2026,,KURANG,P_UJUNGLOE,19/08/2026,,,TND,Mei,UP3 BULUKUMBA,GD,INSP,"0,00",,2026,,,,,,,,,,,,
97562020,INSPEKSI TIER 1 SEGMEN TG.SLOHE.00012-TG.SLOHE.00055,INST1,ULP.32720,4690975,32720.INSPEKSI2,ULP.32720,COMP,ULP KALUMPANG,,22/05/2026,,KURANG,P_SAPOLOHE,11/06/2026,,,TND,Mei,UP3 BULUKUMBA,JTM,INSP,"2,15",,2026,,,,,,,,,,,,
97564521,INSPEKSI TIER 1 SEGMENTG.SLOHE.00055-LBS.BAMPANG,INST1,ULP.32720,4690976,32720.INSPEKSI2,ULP.32720,WFCOMP,ULP KALUMPANG,,22/05/2026,,BAIK,P_SAPOLOHE,29/06/2026,,,TND,Mei,UP3 BULUKUMBA,JTM,INSP,"2,15",,2026,,,,,,,,,,,,
97564748,INSPEKSI TIER 1 SEGMEN TG.SLOHE.00007-LBS.TBERU,INST1,ULP.32720,4690977,32720.INSPEKSI2,ULP.32720,COMP,ULP KALUMPANG,,22/05/2026,,BAIK,P_SAPOLOHE,11/06/2026,,,TND,Mei,UP3 BULUKUMBA,JTM,INSP,"0,20",,2026,,,,,,,,,,,,
97565024,INSPEKSI TIER 1 SEGMEN LBS.TBERU-TG.SLOHE.00128,INST1,ULP.32720,4690978,32720.INSPEKSI2,ULP.32720,COMP,ULP KALUMPANG,,22/05/2026,,BAIK,P_SAPOLOHE,10/06/2026,,,TND,Mei,UP3 BULUKUMBA,JTM,INSP,"1,35",,2026,,,,,,,,,,,,
97565316,INSPEKSI TIER 1 SEGMEN TG.SLOHE.00128-TG.SLOHE.00128.R0014,INST1,ULP.32720,4690979,32720.INSPEKSI2,ULP.32720,COMP,ULP KALUMPANG,,22/05/2026,,BAIK,P_SAPOLOHE,10/06/2026,,,TND,Mei,UP3 BULUKUMBA,JTM,INSP,"0,60",,2026,,,,,,,,,,,,
97591045,INSPEKSI TIER 1 BB66900,INST1,GD01.06302337,,32740.INSPEKSI1,ULP.32740,WFCOMP,ULP BANTAENG,,25/05/2026,,KURANG,P_TOLO,22/06/2026,,,TND,Mei,UP3 BULUKUMBA,GD,INSP,"0,00",,2026,,,,,,,,,,,,
97591796,INSPEKSI TIER 1 BB66901,INST1,GD01.06302338,,32740.INSPEKSI1,ULP.32740,COMP,ULP BANTAENG,,25/05/2026,,KURANG,P_TOLO,15/06/2026,,,TND,Mei,UP3 BULUKUMBA,GD,INSP,"0,00",,2026,,,,,,,,,,,,
97601069,INSPEKSI TIER 1 BB66904,INST1,GD01.06302341,,32740.INSPEKSI1,ULP.32740,COMP,ULP BANTAENG,,25/05/2026,,KURANG,P_TOLO,11/06/2026,,,TND,Mei,UP3 BULUKUMBA,GD,INSP,"0,00",,2026,,,,,,,,,,,,
97610926,INSPEKSI TIER 1 BB72500,INST1,GD01.06302352,,32740.INSPEKSI1,ULP.32740,WFOLLOWUP,ULP BANTAENG,,26/05/2026,,BURUK,P_LEMBANG,09/06/2026,,,TND,Mei,UP3 BULUKUMBA,GD,INSP,"0,00",,2026,,,,,,,,,,,,
97634951,INSPEKSI TIER 1 SEGMEN TG.SLOHE.00128-TG.SLOHE.00131,INST1,ULP.32720,4690980,32720.INSPEKSI2,ULP.32720,WFCOMP,ULP KALUMPANG,,26/05/2026,,BAIK,P_SAPOLOHE,29/06/2026,,,TND,Mei,UP3 BULUKUMBA,JTM,INSP,"0,15",,2026,,,,,,,,,,,,
97638266,INSPEKSI TIER 1 SEGMEN TG.SLOHE.00131-LBS.TAMBAK,INST1,ULP.32720,4690981,32720.INSPEKSI2,ULP.32720,COMP,ULP KALUMPANG,,26/05/2026,,BAIK,P_SAPOLOHE,10/06/2026,,,TND,Mei,UP3 BULUKUMBA,JTM,INSP,"0,15",,2026,,,,,,,,,,,,
97639153,INSPEKSI TIER 1 SEGMEN LBS.TAMBAK-TG.SLOHE.00131.R0043,INST1,ULP.32720,4690982,32720.INSPEKSI2,ULP.32720,WFCOMP,ULP KALUMPANG,,26/05/2026,,BAIK,P_SAPOLOHE,29/06/2026,,,TND,Mei,UP3 BULUKUMBA,JTM,INSP,"2,00",,2026,,,,,,,,,,,,
97640109,INSPEKSI TIER 1 SEGMEN TG.SLOHE.00131.R0043-TG.SLOHE.00131.R0064,INST1,ULP.32720,4690983,32720.INSPEKSI2,ULP.32720,COMP,ULP KALUMPANG,,26/05/2026,,BAIK,P_SAPOLOHE,09/06/2026,,,TND,Mei,UP3 BULUKUMBA,JTM,INSP,"1,05",,2026,,,,,,,,,,,,
97640463,INSPEKSI TIER 1 SEGMEN TG.SLOHE.00131.R0065-TG.SLOHE.00131.R0065.R0005,INST1,ULP.32720,4690984,32720.INSPEKSI2,ULP.32720,COMP,ULP KALUMPANG,,26/05/2026,,KURANG,P_SAPOLOHE,09/06/2026,,,TND,Mei,UP3 BULUKUMBA,JTM,INSP,"0,25",,2026,,,,,,,,,,,,
97673677,Perbaikan/Pergantian INSPEKSI TIER 1 BL01107,INST1,GD01.06302627,,32710.INSPEKSI2,ULP.32710,WINSP,ULP PANRITA LOPI,,29/05/2026,,,P_BINTARORE,08/06/2026,,97303704,TND,Mei,UP3 BULUKUMBA,GD,TL,"0,00",,2026,,,,,,,,,,,,
97673742,Perbaikan/Pergantian INSPEKSI TIER 1 BL01031,INST1,GD01.06302629,,32710.INSPEKSI2,ULP.32710,WINSP,ULP PANRITA LOPI,,29/05/2026,,,P_BINTARORE,08/06/2026,,97303727,TND,Mei,UP3 BULUKUMBA,GD,TL,"0,00",,2026,,,,,,,,,,,,
97827750,Perbaikan/Pergantian INSPEKSI TIER 1 BL01021,INST1,GD01.06302616,,32710.INSPEKSI2,ULP.32710,WINSP,ULP PANRITA LOPI,,02/06/2026,,,P_BINTARORE,08/06/2026,,97305727,TND,Jun,UP3 BULUKUMBA,GD,TL,"0,00",,2026,,,,,,,,,,,,
97827772,Perbaikan/Pergantian INSPEKSI TIER 1 BL01022,INST1,GD01.06302617,,32710.INSPEKSI2,ULP.32710,WINSP,ULP PANRITA LOPI,,02/06/2026,,,P_BINTARORE,08/06/2026,,97305738,TND,Jun,UP3 BULUKUMBA,GD,TL,"0,00",,2026,,,,,,,,,,,,
97827799,Perbaikan/Pergantian INSPEKSI TIER 1 BL01024,INST1,GD01.06302619,,32710.INSPEKSI2,ULP.32710,WINSP,ULP PANRITA LOPI,,02/06/2026,,,P_BINTARORE,08/06/2026,,97305758,TND,Jun,UP3 BULUKUMBA,GD,TL,"0,00",,2026,,,,,,,,,,,,
97827832,Perbaikan/Pergantian INSPEKSI TIER 1 BL01039,INST1,GD01.06302639,,32710.INSPEKSI2,ULP.32710,WINSP,ULP PANRITA LOPI,,02/06/2026,,,P_BINTARORE,08/06/2026,,97305860,TND,Jun,UP3 BULUKUMBA,GD,TL,"0,00",,2026,,,,,,,,,,,,
97827837,Perbaikan/Pergantian INSPEKSI TIER 1 BL01103,INST1,GD01.06302637,,32710.INSPEKSI2,ULP.32710,WINSP,ULP PANRITA LOPI,,02/06/2026,,,P_BINTARORE,08/06/2026,,97303874,TND,Jun,UP3 BULUKUMBA,GD,TL,"0,00",,2026,,,,,,,,,,,,
97827842,Perbaikan/Pergantian INSPEKSI TIER 1 BL01101,INST1,GD01.06302643,,32710.INSPEKSI2,ULP.32710,WINSP,ULP PANRITA LOPI,,02/06/2026,,,P_BINTARORE,08/06/2026,,97303944,TND,Jun,UP3 BULUKUMBA,GD,TL,"0,00",,2026,,,,,,,,,,,,
97827847,Perbaikan/Pergantian INSPEKSI TIER 1 BL01005,INST1,GD01.19602573,,32710.INSPEKSI2,ULP.32710,WINSP,ULP PANRITA LOPI,,02/06/2026,,,P_BINTARORE,08/06/2026,,97304645,TND,Jun,UP3 BULUKUMBA,GD,TL,"0,00",,2026,,,,,,,,,,,,
97827853,Perbaikan/Pergantian INSPEKSI TIER 1 BL01009,INST1,GD01.19602575,,32710.INSPEKSI2,ULP.32710,WOREJECT,ULP PANRITA LOPI,,02/06/2026,,BURUK,P_BINTARORE,03/06/2026,,97304704,TND,Jun,UP3 BULUKUMBA,GD,TL,"0,00",,2026,,,,,,,,,,,,
97895214,Perbaikan/Pergantian INSPEKSI TIER 1 BL01062,INST1,GD01.06302664,,32710.INSPEKSI3,ULP.32710,COMP,ULP PANRITA LOPI,,03/06/2026,,KURANG,P_BINTARORE,15/06/2026,,97308003,TND,Jun,UP3 BULUKUMBA,GD,TL,"0,00",,2026,,,,,,,,,,,,
97947353,INSPEKSI TIER 1 SEGMEN TG.BTMANAI.00100-TG.BTMANAI.00134,INST1,ULP.32750,4690731,32750.INSPEKSI3,ULP.32750,COMP,ULP SELAYAR,,04/06/2026,,KURANG,P_BONTOMANAI,22/06/2026,,,TND,Jun,UP3 BULUKUMBA,JTM,INSP,"1,70",,2026,,,,,,,,,,,,
97973030,Perbaikan/Pergantian INSPEKSI TIER 1 BL01051,INST1,GD01.06302655,,32710.INSPEKSI3,ULP.32710,WOREJECT,ULP PANRITA LOPI,,04/06/2026,,BURUK,P_BINTARORE,15/06/2026,,97304064,TND,Jun,UP3 BULUKUMBA,GD,TL,"0,00",,2026,,,,,,,,,,,,
97973118,Perbaikan/Pergantian INSPEKSI TIER 1 BL01106,INST1,GD01.06302645,,32710.INSPEKSI3,ULP.32710,COMP,ULP PANRITA LOPI,,04/06/2026,,CUKUP,P_BINTARORE,15/06/2026,,97306186,TND,Jun,UP3 BULUKUMBA,GD,TL,"0,00",,2026,,,,,,,,,,,,
97973182,Perbaikan/Pergantian INSPEKSI TIER 1 BL01046,INST1,GD01.06302649,,32710.INSPEKSI3,ULP.32710,COMP,ULP PANRITA LOPI,,04/06/2026,,KURANG,P_BINTARORE,15/06/2026,,97306432,TND,Jun,UP3 BULUKUMBA,GD,TL,"0,00",,2026,,,,,,,,,,,,
97973261,Perbaikan/Pergantian INSPEKSI TIER 1 BL01052,INST1,GD01.06302656,,32710.INSPEKSI3,ULP.32710,WOREJECT,ULP PANRITA LOPI,,04/06/2026,,BURUK,P_BINTARORE,15/06/2026,,97306899,TND,Jun,UP3 BULUKUMBA,GD,TL,"0,00",,2026,,,,,,,,,,,,
97974980,Perbaikan/Pergantian INSPEKSI TIER 1 BL01043,INST1,GD01.06302646,,32710.INSPEKSI3,ULP.32710,COMP,ULP PANRITA LOPI,,04/06/2026,,KURANG,P_BINTARORE,15/06/2026,,97303996,TND,Jun,UP3 BULUKUMBA,GD,TL,"0,00",,2026,,,,,,,,,,,,
97991639,INSPEKSI TIER 1 SEGMEN TG.KOTA BARAT.00022.R0064-TG.KOTA BARAT.00022.R0075,INST1,ULP.32710,4691478,32710.INSPEKSI1,ULP.32710,COMP,ULP PANRITA LOPI,,04/06/2026,,BAIK,P_MATTEKO,09/06/2026,,,TND,Jun,UP3 BULUKUMBA,JTM,INSP,"0,55",,2026,,,,,,,,,,,,
97991928,INSPEKSI TIER 1 SEGMEN TG.KOTA BARAT.00022.R0075-TG.KOTA BARAT.00022.R0075.L0007,INST1,ULP.32710,4691479,32710.INSPEKSI1,ULP.32710,COMP,ULP PANRITA LOPI,,04/06/2026,,BAIK,P_MATTEKO,17/06/2026,,,TND,Jun,UP3 BULUKUMBA,JTM,INSP,"0,35",,2026,,,,,,,,,,,,
97992225,INSPEKSI TIER 1 SEGMEN TG.KOTA BARAT.00022.R0075-TG.KOTA BARAT.00022.R0077,INST1,ULP.32710,4691480,32710.INSPEKSI1,ULP.32710,COMP,ULP PANRITA LOPI,,04/06/2026,,BAIK,P_MATTEKO,09/06/2026,,,TND,Jun,UP3 BULUKUMBA,JTM,INSP,"0,10",,2026,,,,,,,,,,,,
97992490,INSPEKSI TIER 1 SEGMEN TG.KOTA BARAT.00022.R0077-TG.KOTA BARAT.00022.R0077.L0003,INST1,ULP.32710,4691481,32710.INSPEKSI1,ULP.32710,COMP,ULP PANRITA LOPI,,04/06/2026,,BAIK,P_MATTEKO,17/06/2026,,,TND,Jun,UP3 BULUKUMBA,JTM,INSP,"0,15",,2026,,,,,,,,,,,,
97992709,INSPEKSI TIER 1 SEGMEN TG.KOTA BARAT.00022.R0077-TG.KOTA BARAT.00022.R0114,INST1,ULP.32710,4691482,32710.INSPEKSI1,ULP.32710,COMP,ULP PANRITA LOPI,,04/06/2026,,BAIK,P_MATTEKO,17/06/2026,,,TND,Jun,UP3 BULUKUMBA,JTM,INSP,"1,85",,2026,,,,,,,,,,,,
97993082,INSPEKSI TIER 1 SEGMEN TG.KOTA BARAT.00022-TG.KOTA BARAT.00022.L0007,INST1,ULP.32710,4691483,32710.INSPEKSI1,ULP.32710,COMP,ULP PANRITA LOPI,,04/06/2026,,BAIK,P_MATTEKO,17/06/2026,,,TND,Jun,UP3 BULUKUMBA,JTM,INSP,"0,35",,2026,,,,,,,,,,,,
97993349,INSPEKSI TIER 1 SEGMEN TG.KOTA BARAT.00022-TG.KOTA BARAT.00022.R0010,INST1,ULP.32710,4691484,32710.INSPEKSI1,ULP.32710,COMP,ULP PANRITA LOPI,,04/06/2026,,BAIK,P_MATTEKO,17/06/2026,,,TND,Jun,UP3 BULUKUMBA,JTM,INSP,"0,50",,2026,,,,,,,,,,,,
97993664,INSPEKSI TIER 1 SEGMEN TG.KOTA BARAT.00022-TG.KOTA BARAT.00034,INST1,ULP.32710,4691485,32710.INSPEKSI1,ULP.32710,WFOLLOWUP,ULP PANRITA LOPI,,04/06/2026,,BURUK,P_MATTEKO,17/06/2026,,,TND,Jun,UP3 BULUKUMBA,JTM,INSP,"0,60",,2026,,,,,,,,,,,,
97993929,INSPEKSI TIER 1 SEGMEN TG.EXP BLK.00001-TG.EXP BLK.00114,INST1,ULP.32710,4691486,32710.INSPEKSI1,ULP.32710,COMP,ULP PANRITA LOPI,,04/06/2026,,KURANG,P_MATTEKO,09/06/2026,,,TND,Jun,UP3 BULUKUMBA,JTM,INSP,"5,70",,2026,,,,,,,,,,,,
97994294,INSPEKSI TIER 1 SEGMEN TG.EXP BLK.00114-TG.EXP BLK.00104.R0002,INST1,ULP.32710,4691487,32710.INSPEKSI1,ULP.32710,COMP,ULP PANRITA LOPI,,04/06/2026,,BAIK,P_MATTEKO,09/06/2026,,,TND,Jun,UP3 BULUKUMBA,JTM,INSP,"0,10",,2026,,,,,,,,,,,,
97994592,INSPEKSI TIER 1 SEGMEN TG.EXP BLK.00114-TG.EXP BLK.00136,INST1,ULP.32710,4691488,32710.INSPEKSI3,ULP.32710,COMP,ULP PANRITA LOPI,,04/06/2026,,BAIK,P_MATTEKO,18/06/2026,,,TND,Jun,UP3 BULUKUMBA,JTM,INSP,"1,10",,2026,,,,,,,,,,,,
97995027,INSPEKSI TIER 1 SEGMEN TG.EXP BLK.00136-TG.EXP BLK.00136.R0004,INST1,ULP.32710,4691489,32710.INSPEKSI3,ULP.32710,COMP,ULP PANRITA LOPI,,04/06/2026,,BAIK,P_MATTEKO,13/06/2026,,,TND,Jun,UP3 BULUKUMBA,JTM,INSP,"0,20",,2026,,,,,,,,,,,,
97996600,INSPEKSI TIER 1 SEGMEN TG.EXP BLK.00136-TG.EXP BLK.00151,INST1,ULP.32710,4691490,32710.INSPEKSI3,ULP.32710,COMP,ULP PANRITA LOPI,,04/06/2026,,BAIK,P_MATTEKO,18/06/2026,,,TND,Jun,UP3 BULUKUMBA,JTM,INSP,"0,75",,2026,,,,,,,,,,,,
97997135,INSPEKSI TIER 1 SEGMEN TG.EXP BLK.00151-TG.EXP BLK.00151.L0006,INST1,ULP.32710,4691491,32710.INSPEKSI3,ULP.32710,COMP,ULP PANRITA LOPI,,04/06/2026,,BAIK,P_MATTEKO,13/06/2026,,,TND,Jun,UP3 BULUKUMBA,JTM,INSP,"0,30",,2026,,,,,,,,,,,,
97997177,INSPEKSI TIER 1 SEGMEN TG.EXP BLK.00151-TG.EXP BLK.00151.R0004,INST1,ULP.32710,4691492,32710.INSPEKSI3,ULP.32710,COMP,ULP PANRITA LOPI,,04/06/2026,,BAIK,P_MATTEKO,13/06/2026,,,TND,Jun,UP3 BULUKUMBA,JTM,INSP,"0,20",,2026,,,,,,,,,,,,
97997219,INSPEKSI TIER 1 SEGMEN TG.EXP BLK.00151-TG.EXP BLK.00160,INST1,ULP.32710,4691493,32710.INSPEKSI3,ULP.32710,COMP,ULP PANRITA LOPI,,04/06/2026,,BAIK,P_MATTEKO,18/06/2026,,,TND,Jun,UP3 BULUKUMBA,JTM,INSP,"0,45",,2026,,,,,,,,,,,,
97997680,Perbaikan/Pergantian INSPEKSI TIER 1 BT50004,INST1,GD01.06300487,,32770.INSPEKSI1,ULP.32770,COMP,ULP TANETE,,04/06/2026,,KURANG,P_BINTARORE,27/08/2026,,96539275,TND,Jun,UP3 BULUKUMBA,GD,TL,"0,00",,2026,,,,,,,,,,,,
97997691,Perbaikan/Pergantian INSPEKSI TIER 1 BT50019,INST1,GD01.06300502,,32770.INSPEKSI1,ULP.32770,COMP,ULP TANETE,,04/06/2026,,KURANG,P_BINTARORE,29/06/2026,,96540199,TND,Jun,UP3 BULUKUMBA,GD,TL,"0,00",,2026,,,,,,,,,,,,
98005377,INSPEKSI TIER 1 SEGMEN TG.BTSIKUYU.000169-TG.BTSIKUYU.00169.L00055,INST1,ULP.32750,4690771,32750.INSPEKSI3,ULP.32750,COMP,ULP SELAYAR,,05/06/2026,,KURANG,P_TIELINE BENTENG_SELAYAR,22/06/2026,,,TND,Jun,UP3 BULUKUMBA,JTM,INSP,"2,75",,2026,,,,,,,,,,,,
98005811,INSPEKSI TIER 1 SEGMEN TG.BTSIKUYU.000169-TG.BTSIKUYU.00195,INST1,ULP.32750,4690772,32750.INSPEKSI3,ULP.32750,COMP,ULP SELAYAR,,05/06/2026,,KURANG,P_TIELINE BENTENG_SELAYAR,22/06/2026,,,TND,Jun,UP3 BULUKUMBA,JTM,INSP,"1,30",,2026,,,,,,,,,,,,
98007035,INSPEKSI TIER 1 SEGMEN TG.BTSIKUYU.00195-TG.BTSIKUYU.00195.L00044,INST1,ULP.32750,4690773,32750.INSPEKSI3,ULP.32750,COMP,ULP SELAYAR,,05/06/2026,,KURANG,P_TIELINE BENTENG_SELAYAR,22/06/2026,,,TND,Jun,UP3 BULUKUMBA,JTM,INSP,"2,20",,2026,,,,,,,,,,,,
98008147,INSPEKSI TIER 1 SEGMEN TG.BTSIKUYU.00195-TG.BTSIKUYU.00228,INST1,ULP.32750,4690774,32750.INSPEKSI3,ULP.32750,COMP,ULP SELAYAR,,05/06/2026,,KURANG,P_TIELINE BENTENG_SELAYAR,12/06/2026,,,TND,Jun,UP3 BULUKUMBA,JTM,INSP,"1,60",,2026,,,,,,,,,,,,
98010001,INSPEKSI TIER 1 SEGMEN TG.BTSIKUYU.00228-TG.BTSIKUYU.00228.L00038,INST1,ULP.32750,4690775,32750.INSPEKSI3,ULP.32750,COMP,ULP SELAYAR,,05/06/2026,,KURANG,P_TIELINE BENTENG_SELAYAR,12/06/2026,,,TND,Jun,UP3 BULUKUMBA,JTM,INSP,"1,95",,2026,,,,,,,,,,,,
98010453,Perbaikan/Pergantian INSPEKSI TIER 1 SEGMEN TG.BTSIKUYU.00001-TG.BTSIKUYU.00038,INST1,ULP.32750,4690763,32750.INSPEKSI3,ULP.32750,COMP,ULP SELAYAR,,05/06/2026,,BAIK,P_TIELINE BENTENG_SELAYAR,22/06/2026,,97491402,TND,Jun,UP3 BULUKUMBA,JTM,TL,"5,00",,2026,,,,,,,,,,,,
98010986,INSPEKSI TIER 1 SEGMEN TG.BTSIKUYU.00228-TG.BTSIKUYU.00238,INST1,ULP.32750,4690776,32750.INSPEKSI3,ULP.32750,COMP,ULP SELAYAR,,05/06/2026,,BAIK,P_TIELINE BENTENG_SELAYAR,12/06/2026,,,TND,Jun,UP3 BULUKUMBA,JTM,INSP,"0,50",,2026,,,,,,,,,,,,
98012204,INSPEKSI TIER 1 SEGMEN TG.BTSIKUYU.00238-TG.BTSIKUYU.00238.R00008,INST1,ULP.32750,4690777,32750.INSPEKSI3,ULP.32750,COMP,ULP SELAYAR,,05/06/2026,,BAIK,P_TIELINE BENTENG_SELAYAR,12/06/2026,,,TND,Jun,UP3 BULUKUMBA,JTM,INSP,"0,40",,2026,,,,,,,,,,,,
98012625,INSPEKSI TIER 1 SEGMEN TG.BTSIKUYU.00546-TG.BTSIKUYU.00546.L00003,INST1,ULP.32750,4690779,32750.INSPEKSI3,ULP.32750,COMP,ULP SELAYAR,,05/06/2026,,BAIK,P_TIELINE BENTENG_SELAYAR,12/06/2026,,,TND,Jun,UP3 BULUKUMBA,JTM,INSP,"0,15",,2026,,,,,,,,,,,,
98013921,INSPEKSI TIER 1 SEGMEN TG.BTSIKUYU.00546-TG.BTSIKUYU.00608,INST1,ULP.32750,4690780,32750.INSPEKSI3,ULP.32750,COMP,ULP SELAYAR,,05/06/2026,,KURANG,P_TIELINE BENTENG_SELAYAR,12/06/2026,,,TND,Jun,UP3 BULUKUMBA,JTM,INSP,"3,10",,2026,,,,,,,,,,,,
98014445,INSPEKSI TIER 1 SEGMEN TG.BTSIKUYU.00608-TG.BTSIKUYU.00608.L00073,INST1,ULP.32750,4690781,32750.INSPEKSI3,ULP.32750,COMP,ULP SELAYAR,,05/06/2026,,KURANG,P_TIELINE BENTENG_SELAYAR,15/06/2026,,,TND,Jun,UP3 BULUKUMBA,JTM,INSP,"3,65",,2026,,,,,,,,,,,,
98017423,INSPEKSI TIER 1 BR67041,INST1,GD01.06301500,,32750.INSPEKSI3,ULP.32750,COMP,ULP SELAYAR,,05/06/2026,,BAIK,P_BONTOMANAI,16/06/2026,,,TND,Jun,UP3 BULUKUMBA,GD,INSP,"0,00",,2026,,,,,,,,,,,,
98018298,INSPEKSI TIER 1 BX001,INST1,GD01.06301501,,32750.INSPEKSI3,ULP.32750,COMP,ULP SELAYAR,,05/06/2026,,KURANG,P_BONTOMANAI,15/06/2026,,,TND,Jun,UP3 BULUKUMBA,GD,INSP,"0,00",,2026,,,,,,,,,,,,
98099179,INSPEKSI TIER 1 SEGMEN TG.NENAS.00001-TG.NENAS.00013,INST1,ULP.32710,4691444,32710.INSPEKSI3,ULP.32710,COMP,ULP PANRITA LOPI,,06/06/2026,,BAIK,P_MATTEKO,13/06/2026,,,TND,Jun,UP3 BULUKUMBA,JTM,INSP,"0,65",,2026,,,,,,,,,,,,
98099213,INSPEKSI TIER 1 SEGMEN TG.NENAS.00012-TG.NENAS.00013.L0048,INST1,ULP.32710,4691445,32710.INSPEKSI3,ULP.32710,COMP,ULP PANRITA LOPI,,06/06/2026,,BAIK,P_MATTEKO,13/06/2026,,,TND,Jun,UP3 BULUKUMBA,JTM,INSP,"2,40",,2026,,,,,,,,,,,,
98099266,INSPEKSI TIER 1 SEGMEN TG.NENAS.00013-TG.NENAS.00013.L0007,INST1,ULP.32710,4691446,32710.INSPEKSI3,ULP.32710,COMP,ULP PANRITA LOPI,,06/06/2026,,CUKUP,P_MATTEKO,13/06/2026,,,TND,Jun,UP3 BULUKUMBA,JTM,INSP,"0,35",,2026,,,,,,,,,,,,
98118487,INSPEKSI TIER 1 BL02001,INST1,GD01.06302047,,32710.INSPEKSI1,ULP.32710,COMP,ULP PANRITA LOPI,,08/06/2026,,CUKUP,P_PAJUKUKANG,17/06/2026,,,TND,Jun,UP3 BULUKUMBA,GD,INSP,"0,00",,2026,,,,,,,,,,,,
98119148,INSPEKSI TIER 1 BL02002,INST1,GD01.06302049,,32710.INSPEKSI1,ULP.32710,COMP,ULP PANRITA LOPI,,08/06/2026,,KURANG,P_PAJUKUKANG,17/06/2026,,,TND,Jun,UP3 BULUKUMBA,GD,INSP,"0,00",,2026,,,,,,,,,,,,
98119913,INSPEKSI TIER 1 BL02006,INST1,GD01.06302053,,32710.INSPEKSI1,ULP.32710,WFOLLOWUP,ULP PANRITA LOPI,,08/06/2026,,BURUK,P_PAJUKUKANG,15/06/2026,,,TND,Jun,UP3 BULUKUMBA,GD,INSP,"0,00",,2026,,,,,,,,,,,,
98121190,INSPEKSI TIER 1 BL02008,INST1,GD01.06302055,,32710.INSPEKSI1,ULP.32710,COMP,ULP PANRITA LOPI,,08/06/2026,,KURANG,P_PAJUKUKANG,15/06/2026,,,TND,Jun,UP3 BULUKUMBA,GD,INSP,"0,00",,2026,,,,,,,,,,,,
98121789,INSPEKSI TIER 1 BL02009,INST1,GD01.06302056,,32710.INSPEKSI1,ULP.32710,WFOLLOWUP,ULP PANRITA LOPI,,08/06/2026,,BURUK,P_PAJUKUKANG,15/06/2026,,,TND,Jun,UP3 BULUKUMBA,GD,INSP,"0,00",,2026,,,,,,,,,,,,
98122067,INSPEKSI TIER 1 BL02010,INST1,GD01.06302057,,32710.INSPEKSI1,ULP.32710,COMP,ULP PANRITA LOPI,,08/06/2026,,KURANG,P_PAJUKUKANG,17/06/2026,,,TND,Jun,UP3 BULUKUMBA,GD,INSP,"0,00",,2026,,,,,,,,,,,,
98122466,INSPEKSI TIER 1 BL02000,INST1,GD01.06302062,,32710.INSPEKSI1,ULP.32710,COMP,ULP PANRITA LOPI,,08/06/2026,,KURANG,P_PAJUKUKANG,17/06/2026,,,TND,Jun,UP3 BULUKUMBA,GD,INSP,"0,00",,2026,,,,,,,,,,,,
98122635,INSPEKSI TIER 1 BL02026,INST1,GD01.06302074,,32710.INSPEKSI1,ULP.32710,COMP,ULP PANRITA LOPI,,08/06/2026,,KURANG,P_PAJUKUKANG,15/06/2026,,,TND,Jun,UP3 BULUKUMBA,GD,INSP,"0,00",,2026,,,,,,,,,,,,
98122754,INSPEKSI TIER 1 BL02028,INST1,GD01.06302076,,32710.INSPEKSI1,ULP.32710,COMP,ULP PANRITA LOPI,,08/06/2026,,KURANG,P_PAJUKUKANG,15/06/2026,,,TND,Jun,UP3 BULUKUMBA,GD,INSP,"0,00",,2026,,,,,,,,,,,,
98122889,INSPEKSI TIER 1 BL00000,INST1,GD01.06302080,,32710.INSPEKSI1,ULP.32710,WFOLLOWUP,ULP PANRITA LOPI,,08/06/2026,,BURUK,P_SAPIRIA,15/06/2026,,,TND,Jun,UP3 BULUKUMBA,GD,INSP,"0,00",,2026,,,,,,,,,,,,
98123229,INSPEKSI TIER 1 BL00105,INST1,GD01.06302081,,32710.INSPEKSI1,ULP.32710,COMP,ULP PANRITA LOPI,,08/06/2026,,CUKUP,P_SAPIRIA,17/06/2026,,,TND,Jun,UP3 BULUKUMBA,GD,INSP,"0,00",,2026,,,,,,,,,,,,
98123802,INSPEKSI TIER 1 BL00001,INST1,GD01.06302089,,32710.INSPEKSI1,ULP.32710,COMP,ULP PANRITA LOPI,,08/06/2026,,KURANG,P_SAPIRIA,15/06/2026,,,TND,Jun,UP3 BULUKUMBA,GD,INSP,"0,00",,2026,,,,,,,,,,,,
98124288,INSPEKSI TIER 1 BL00002,INST1,GD01.06302091,,32710.INSPEKSI1,ULP.32710,WFCOMP,ULP PANRITA LOPI,,08/06/2026,,KURANG,P_SAPIRIA,15/06/2026,,,TND,Jun,UP3 BULUKUMBA,GD,INSP,"0,00",,2026,,,,,,,,,,,,
98124399,INSPEKSI TIER 1 BL00008,INST1,GD01.06302095,,32710.INSPEKSI1,ULP.32710,COMP,ULP PANRITA LOPI,,08/06/2026,,KURANG,P_SAPIRIA,09/06/2026,,,TND,Jun,UP3 BULUKUMBA,GD,INSP,"0,00",,2026,,,,,,,,,,,,
98124515,INSPEKSI TIER 1 BL00014,INST1,GD01.06302097,,32710.INSPEKSI1,ULP.32710,COMP,ULP PANRITA LOPI,,08/06/2026,,KURANG,P_SAPIRIA,09/06/2026,,,TND,Jun,UP3 BULUKUMBA,GD,INSP,"0,00",,2026,,,,,,,,,,,,
98131934,INSPEKSI TIER 1 BL55719,INST1,GD01.06302100,,32710.INSPEKSI1,ULP.32710,COMP,ULP PANRITA LOPI,,08/06/2026,,KURANG,P_SAPIRIA,09/06/2026,,,TND,Jun,UP3 BULUKUMBA,GD,INSP,"0,00",,2026,,,,,,,,,,,,
98132571,INSPEKSI TIER 1 BL00016,INST1,GD01.06302101,,32710.INSPEKSI1,ULP.32710,COMP,ULP PANRITA LOPI,,08/06/2026,,KURANG,P_SAPIRIA,09/06/2026,,,TND,Jun,UP3 BULUKUMBA,GD,INSP,"0,00",,2026,,,,,,,,,,,,
98132821,INSPEKSI TIER 1 BL00017,INST1,GD01.06302102,,32710.INSPEKSI1,ULP.32710,WFOLLOWUP,ULP PANRITA LOPI,,08/06/2026,,BURUK,P_SAPIRIA,09/06/2026,,,TND,Jun,UP3 BULUKUMBA,GD,INSP,"0,00",,2026,,,,,,,,,,,,
98133258,INSPEKSI TIER 1 BL00037,INST1,GD01.06302109,,32710.INSPEKSI1,ULP.32710,WFOLLOWUP,ULP PANRITA LOPI,,08/06/2026,,BURUK,P_SAPIRIA,09/06/2026,,,TND,Jun,UP3 BULUKUMBA,GD,INSP,"0,00",,2026,,,,,,,,,,,,
98133553,INSPEKSI TIER 1 BL00036,INST1,GD01.06302110,,32710.INSPEKSI3,ULP.32710,COMP,ULP PANRITA LOPI,,08/06/2026,,KURANG,P_SAPIRIA,13/06/2026,,,TND,Jun,UP3 BULUKUMBA,GD,INSP,"0,00",,2026,,,,,,,,,,,,
98133686,INSPEKSI TIER 1 BL00034,INST1,GD01.06302111,,32710.INSPEKSI3,ULP.32710,COMP,ULP PANRITA LOPI,,08/06/2026,,CUKUP,P_SAPIRIA,13/06/2026,,,TND,Jun,UP3 BULUKUMBA,GD,INSP,"0,00",,2026,,,,,,,,,,,,
98134198,INSPEKSI TIER 1 BL00033,INST1,GD01.06302112,,32710.INSPEKSI3,ULP.32710,COMP,ULP PANRITA LOPI,,08/06/2026,,KURANG,P_SAPIRIA,13/06/2026,,,TND,Jun,UP3 BULUKUMBA,GD,INSP,"0,00",,2026,,,,,,,,,,,,
98134472,INSPEKSI TIER 1 BL00032,INST1,GD01.06302114,,32710.INSPEKSI3,ULP.32710,COMP,ULP PANRITA LOPI,,08/06/2026,,KURANG,P_SAPIRIA,13/06/2026,,,TND,Jun,UP3 BULUKUMBA,GD,INSP,"0,00",,2026,,,,,,,,,,,,
98134780,INSPEKSI TIER 1 BL00020,INST1,GD01.06302115,,32710.INSPEKSI3,ULP.32710,COMP,ULP PANRITA LOPI,,08/06/2026,,KURANG,P_SAPIRIA,13/06/2026,,,TND,Jun,UP3 BULUKUMBA,GD,INSP,"0,00",,2026,,,,,,,,,,,,
98142864,INSPEKSI TIER 1 BL00099,INST1,GD01.06302116,,32710.INSPEKSI3,ULP.32710,COMP,ULP PANRITA LOPI,,08/06/2026,,KURANG,P_SAPIRIA,13/06/2026,,,TND,Jun,UP3 BULUKUMBA,GD,INSP,"0,00",,2026,,,,,,,,,,,,
98143251,INSPEKSI TIER 1 BL00022,INST1,GD01.06302119,,32710.INSPEKSI3,ULP.32710,WFOLLOWUP,ULP PANRITA LOPI,,08/06/2026,,BURUK,P_SAPIRIA,13/06/2026,,,TND,Jun,UP3 BULUKUMBA,GD,INSP,"0,00",,2026,,,,,,,,,,,,
98143342,INSPEKSI TIER 1 BL00024,INST1,GD01.06302122,,32710.INSPEKSI3,ULP.32710,COMP,ULP PANRITA LOPI,,08/06/2026,,KURANG,P_SAPIRIA,13/06/2026,,,TND,Jun,UP3 BULUKUMBA,GD,INSP,"0,00",,2026,,,,,,,,,,,,
98198042,Perbaikan/Pergantian INSPEKSI TIER 1 BL00037,INST1,GD01.06302109,,32710.INSPEKSI1,ULP.32710,WOREJECT,ULP PANRITA LOPI,,09/06/2026,,BURUK,P_SAPIRIA,15/06/2026,,98133258,TND,Jun,UP3 BULUKUMBA,GD,TL,"0,00",,2026,,,,,,,,,,,,
98198074,Perbaikan/Pergantian INSPEKSI TIER 1 BL00017,INST1,GD01.06302102,,32710.INSPEKSI1,ULP.32710,WOREJECT,ULP PANRITA LOPI,,09/06/2026,,BURUK,P_SAPIRIA,15/06/2026,,98132821,TND,Jun,UP3 BULUKUMBA,GD,TL,"0,00",,2026,,,,,,,,,,,,
98205798,INSPEKSI TIER 1 SEGMEN TG.LITHA.00618.L0100.R0022-TG.LITHA.00618.L0103,INST1,ULP.32760,4691917,32760.INSPEKSI1,ULP.32760,COMP,ULP SINJAI,,09/06/2026,,BAIK,P_LITHA,12/06/2026,,,TND,Jun,UP3 BULUKUMBA,JTM,INSP,"0,15",,2026,,,,,,,,,,,,
98206926,Perbaikan/Pergantian INSPEKSI TIER 1 BL00002,INST1,GD01.06302091,,32710.INSPEKSI1,ULP.32710,COMP,ULP PANRITA LOPI,,09/06/2026,,KURANG,P_SAPIRIA,15/06/2026,,98124288,TND,Jun,UP3 BULUKUMBA,GD,TL,"0,00",,2026,,,,,,,,,,,,
98206931,Perbaikan/Pergantian INSPEKSI TIER 1 BL01073,INST1,GD01.06302693,,32710.INSPEKSI1,ULP.32710,WOREJECT,ULP PANRITA LOPI,,09/06/2026,,BURUK,P_BINTARORE,15/06/2026,,97304105,TND,Jun,UP3 BULUKUMBA,GD,TL,"0,00",,2026,,,,,,,,,,,,
98207633,Perbaikan/Pergantian INSPEKSI TIER 1 BB72500,INST1,GD01.06302352,,32740.INSPEKSI1,ULP.32740,COMP,ULP BANTAENG,,09/06/2026,,KURANG,P_LEMBANG,22/06/2026,,97610926,TND,Jun,UP3 BULUKUMBA,GD,TL,"0,00",,2026,,,,,,,,,,,,
98208122,INSPEKSI TIER 1 BB71583,INST1,GD01.06302372,,32740.INSPEKSI1,ULP.32740,COMP,ULP BANTAENG,,09/06/2026,,KURANG,P_LEMBANG,17/06/2026,,,TND,Jun,UP3 BULUKUMBA,GD,INSP,"0,00",,2026,,,,,,,,,,,,
98208144,INSPEKSI TIER 1 BB72520,INST1,GD01.06302373,,32740.INSPEKSI1,ULP.32740,COMP,ULP BANTAENG,,09/06/2026,,KURANG,P_LEMBANG,17/06/2026,,,TND,Jun,UP3 BULUKUMBA,GD,INSP,"0,00",,2026,,,,,,,,,,,,
98208156,INSPEKSI TIER 1 BB72521,INST1,GD01.06302374,,32740.INSPEKSI1,ULP.32740,COMP,ULP BANTAENG,,09/06/2026,,KURANG,P_LEMBANG,17/06/2026,,,TND,Jun,UP3 BULUKUMBA,GD,INSP,"0,00",,2026,,,,,,,,,,,,
98208178,INSPEKSI TIER 1 BB72522,INST1,GD01.06302375,,32740.INSPEKSI2,ULP.32740,COMP,ULP BANTAENG,,09/06/2026,,KURANG,P_LEMBANG,23/06/2026,,,TND,Jun,UP3 BULUKUMBA,GD,INSP,"0,00",,2026,,,,,,,,,,,,
98208194,INSPEKSI TIER 1 BB72524,INST1,GD01.06302376,,32740.INSPEKSI1,ULP.32740,WFCOMP,ULP BANTAENG,,09/06/2026,,KURANG,P_LEMBANG,22/06/2026,,,TND,Jun,UP3 BULUKUMBA,GD,INSP,"0,00",,2026,,,,,,,,,,,,
98216438,INSPEKSI TIER 1 SEGMEN TG.LAMATTIRILAU.00001.R0015-TG.LAMATTIRILAU.00001.R0015.L0015,INST1,ULP.32760,22260598,32760.INSPEKSI1,ULP.32760,COMP,ULP SINJAI,,10/06/2026,,BAIK,P_MATUMPU,11/06/2026,,,TND,Jun,UP3 BULUKUMBA,JTM,INSP,"0,75",,2026,,,,,,,,,,,,
98216615,INSPEKSI TIER 1 SEGMEN TG.LAMATTIRILAU.00745-TG.LAMATTIRILAU.00786,INST1,ULP.32760,22260599,32760.INSPEKSI1,ULP.32760,COMP,ULP SINJAI,,10/06/2026,,BAIK,P_MATUMPU,12/06/2026,,,TND,Jun,UP3 BULUKUMBA,JTM,INSP,"2,05",,2026,,,,,,,,,,,,
98217127,INSPEKSI TIER 1 SEGMEN TG.LAMATTIRILAU.01230.L00045-TG.LAMATTIRILAU.01230.L00082,INST1,ULP.32760,22260600,32760.INSPEKSI1,ULP.32760,COMP,ULP SINJAI,,10/06/2026,,BAIK,P_MATUMPU,13/06/2026,,,TND,Jun,UP3 BULUKUMBA,JTM,INSP,"1,85",,2026,,,,,,,,,,,,
98217455,INSPEKSI TIER 1 SEGMEN TG.LAMATTIRILAU.01295.L00109-TG.LAMATTIRILAU.01295.L00109.R0041,INST1,ULP.32760,22260601,32760.INSPEKSI1,ULP.32760,WFCOMP,ULP SINJAI,,10/06/2026,,BAIK,P_MATUMPU,06/07/2026,,,TND,Jun,UP3 BULUKUMBA,JTM,INSP,"2,05",,2026,,,,,,,,,,,,
98217707,INSPEKSI TIER 1 SEGMEN TG. LAMATTIRILAU.00001.R0005-TG.LAMATTIRILAU.00001.R0005.R0008,INST1,ULP.32760,4691663,32760.INSPEKSI1,ULP.32760,COMP,ULP SINJAI,,10/06/2026,,BAIK,P_MATUMPU,11/06/2026,,,TND,Jun,UP3 BULUKUMBA,JTM,INSP,"0,40",,2026,,,,,,,,,,,,
98218315,INSPEKSI TIER 1 SEGMEN TG. LAMATTIRILAU.00001-TG.LAMATTIRILAU.00001.R0015,INST1,ULP.32760,4691664,32760.INSPEKSI1,ULP.32760,COMP,ULP SINJAI,,10/06/2026,,BAIK,P_MATUMPU,11/06/2026,,,TND,Jun,UP3 BULUKUMBA,JTM,INSP,"0,50",,2026,,,,,,,,,,,,
98218652,INSPEKSI TIER 1 SEGMEN TG. LAMATTIRILAU.00001-TG.LAMATTIRILAU.00033,INST1,ULP.32760,4691665,32760.INSPEKSI1,ULP.32760,COMP,ULP SINJAI,,10/06/2026,,BAIK,P_MATUMPU,11/06/2026,,,TND,Jun,UP3 BULUKUMBA,JTM,INSP,"1,60",,2026,,,,,,,,,,,,
98219006,INSPEKSI TIER 1 SEGMEN TG. LAMATTIRILAU.00033-TG.LAMATTIRILAU.00033.R0006,INST1,ULP.32760,4691666,32760.INSPEKSI1,ULP.32760,COMP,ULP SINJAI,,10/06/2026,,BAIK,P_MATUMPU,12/06/2026,,,TND,Jun,UP3 BULUKUMBA,JTM,INSP,"0,30",,2026,,,,,,,,,,,,
98219241,INSPEKSI TIER 1 SEGMEN TG. LAMATTIRILAU.00033-TG.LAMATTIRILAU.00065,INST1,ULP.32760,4691667,9719690ZY,ULP.32760,COMP,ULP SINJAI,,10/06/2026,,BAIK,P_MATUMPU,12/06/2026,,,TND,Jun,UP3 BULUKUMBA,JTM,INSP,"1,60",,2026,,,,,,,,,,,,
98219385,SEGMEN TG. LAMATTIRILAU.00065.L0045-TG.LAMATTIRILAU.00065.L0045.L0005,INST1,ULP.32760,4691668,32760.INSPEKSI1,ULP.32760,COMP,ULP SINJAI,,10/06/2026,,BAIK,P_MATUMPU,11/06/2026,,,TND,Jun,UP3 BULUKUMBA,JTM,INSP,"0,25",,2026,,,,,,,,,,,,
98222924,Perbaikan/Pergantian INSPEKSI TIER 1 SEGMEN LBS.TAMBAK-TG.SLOHE.00131.R0043,INST1,ULP.32720,4690982,32720.INSPEKSI2,ULP.32720,COMP,ULP KALUMPANG,,10/06/2026,,BAIK,P_SAPOLOHE,29/06/2026,,97639153,TND,Jun,UP3 BULUKUMBA,JTM,TL,"2,00",,2026,,,,,,,,,,,,
98222983,Perbaikan/Pergantian INSPEKSI TIER 1 SEGMEN TG.SLOHE.00128-TG.SLOHE.00131,INST1,ULP.32720,4690980,32720.INSPEKSI2,ULP.32720,COMP,ULP KALUMPANG,,10/06/2026,,BAIK,P_SAPOLOHE,29/06/2026,,97634951,TND,Jun,UP3 BULUKUMBA,JTM,TL,"0,15",,2026,,,,,,,,,,,,
98249992,INSPEKSI TIER 1 BT51450,INST1,GD01.06300578,,32770.INSPEKSI3,ULP.32770,COMP,ULP TANETE,,10/06/2026,,KURANG,P_BINTARORE,19/06/2026,,,TND,Jun,UP3 BULUKUMBA,GD,INSP,"0,00",,2026,,,,,,,,,,,,
98250036,INSPEKSI TIER 1 BT51453,INST1,GD01.06300581,,32770.INSPEKSI1,ULP.32770,COMP,ULP TANETE,,10/06/2026,,KURANG,P_BINTARORE,15/06/2026,,,TND,Jun,UP3 BULUKUMBA,GD,INSP,"0,00",,2026,,,,,,,,,,,,
98250047,INSPEKSI TIER 1 BT51467,INST1,GD01.06300598,,32770.INSPEKSI1,ULP.32770,COMP,ULP TANETE,,10/06/2026,,KURANG,P_BINTARORE,15/06/2026,,,TND,Jun,UP3 BULUKUMBA,GD,INSP,"0,00",,2026,,,,,,,,,,,,
98250058,INSPEKSI TIER 1 BT51468,INST1,GD01.06300599,,32770.INSPEKSI1,ULP.32770,COMP,ULP TANETE,,10/06/2026,,KURANG,P_BINTARORE,15/06/2026,,,TND,Jun,UP3 BULUKUMBA,GD,INSP,"0,00",,2026,,,,,,,,,,,,
98250069,INSPEKSI TIER 1 BT51472,INST1,GD01.06300603,,32770.INSPEKSI1,ULP.32770,COMP,ULP TANETE,,10/06/2026,,KURANG,P_BINTARORE,15/06/2026,,,TND,Jun,UP3 BULUKUMBA,GD,INSP,"0,00",,2026,,,,,,,,,,,,
98250080,INSPEKSI TIER 1 BT51486,INST1,GD01.06300618,,32770.INSPEKSI1,ULP.32770,COMP,ULP TANETE,,11/06/2026,,KURANG,P_BINTARORE,15/06/2026,,,TND,Jun,UP3 BULUKUMBA,GD,INSP,"0,00",,2026,,,,,,,,,,,,
98250091,INSPEKSI TIER 1 BT51492,INST1,GD01.06300628,,32770.INSPEKSI1,ULP.32770,COMP,ULP TANETE,,11/06/2026,,KURANG,P_BINTARORE,15/06/2026,,,TND,Jun,UP3 BULUKUMBA,GD,INSP,"0,00",,2026,,,,,,,,,,,,
98250102,INSPEKSI TIER 1 BT51493,INST1,GD01.06300629,,32770.INSPEKSI1,ULP.32770,COMP,ULP TANETE,,11/06/2026,,KURANG,P_BINTARORE,15/06/2026,,,TND,Jun,UP3 BULUKUMBA,GD,INSP,"0,00",,2026,,,,,,,,,,,,
98250113,INSPEKSI TIER 1 BT51495,INST1,GD01.06300631,,32770.INSPEKSI1,ULP.32770,COMP,ULP TANETE,,11/06/2026,,KURANG,P_BINTARORE,15/06/2026,,,TND,Jun,UP3 BULUKUMBA,GD,INSP,"0,00",,2026,,,,,,,,,,,,
98250124,INSPEKSI TIER 1 BT03503,INST1,GD01.06300643,,32770.INSPEKSI1,ULP.32770,COMP,ULP TANETE,,11/06/2026,,KURANG,P_UJUNGLOE,15/06/2026,,,TND,Jun,UP3 BULUKUMBA,GD,INSP,"0,00",,2026,,,,,,,,,,,,
98250135,INSPEKSI TIER 1 BT03504,INST1,GD01.06300644,,32770.INSPEKSI1,ULP.32770,COMP,ULP TANETE,,11/06/2026,,KURANG,P_UJUNGLOE,15/06/2026,,,TND,Jun,UP3 BULUKUMBA,GD,INSP,"0,00",,2026,,,,,,,,,,,,
98254265,INSPEKSI TIER 1 BK56022,INST1,GD01.06300742,,32720.INSPEKSI2,ULP.32720,COMP,ULP KALUMPANG,,11/06/2026,,KURANG,P_SAPOLOHE,17/06/2026,,,TND,Jun,UP3 BULUKUMBA,GD,INSP,"0,00",,2026,,,,,,,,,,,,
98263870,Perbaikan/Pergantian INSPEKSI TIER 1 BK03912,INST1,GD01.06300703,,32720.INSPEKSI3,ULP.32720,COMP,ULP KALUMPANG,,11/06/2026,,KURANG,P_UJUNGLOE,27/08/2026,,97539316,TND,Jun,UP3 BULUKUMBA,GD,TL,"0,00",,2026,,,,,,,,,,,,
98263875,Perbaikan/Pergantian INSPEKSI TIER 1 BK03911,INST1,GD01.06300704,,32720.INSPEKSI3,ULP.32720,COMP,ULP KALUMPANG,,11/06/2026,,KURANG,P_SAPOLOHE,27/08/2026,,97540102,TND,Jun,UP3 BULUKUMBA,GD,TL,"0,00",,2026,,,,,,,,,,,,
98263882,Perbaikan/Pergantian INSPEKSI TIER 1 BK03908,INST1,GD01.06300708,,32720.INSPEKSI3,ULP.32720,COMP,ULP KALUMPANG,,11/06/2026,,KURANG,P_SAPOLOHE,19/08/2026,,97555244,TND,Jun,UP3 BULUKUMBA,GD,TL,"0,00",,2026,,,,,,,,,,,,
98264178,Perbaikan/Pergantian INSPEKSI TIER 1 BK03902,INST1,GD01.06300709,,32720.INSPEKSI3,ULP.32720,COMP,ULP KALUMPANG,,11/06/2026,,KURANG,P_UJUNGLOE,19/08/2026,,97555506,TND,Jun,UP3 BULUKUMBA,GD,TL,"0,00",,2026,,,,,,,,,,,,
98264214,Perbaikan/Pergantian INSPEKSI TIER 1 BK03905,INST1,GD01.06300712,,32720.INSPEKSI3,ULP.32720,COMP,ULP KALUMPANG,,11/06/2026,,KURANG,P_UJUNGLOE,19/08/2026,,97555778,TND,Jun,UP3 BULUKUMBA,GD,TL,"0,00",,2026,,,,,,,,,,,,
98264222,Perbaikan/Pergantian INSPEKSI TIER 1 BK03906,INST1,GD01.06300713,,32720.INSPEKSI3,ULP.32720,COMP,ULP KALUMPANG,,11/06/2026,,KURANG,P_UJUNGLOE,19/08/2026,,97555920,TND,Jun,UP3 BULUKUMBA,GD,TL,"0,00",,2026,,,,,,,,,,,,
98265405,Perbaikan/Pergantian INSPEKSI TIER 1 BK03907,INST1,GD01.06300714,,32720.INSPEKSI3,ULP.32720,COMP,ULP KALUMPANG,,11/06/2026,,KURANG,P_UJUNGLOE,19/08/2026,,97555970,TND,Jun,UP3 BULUKUMBA,GD,TL,"0,00",,2026,,,,,,,,,,,,
98265427,Perbaikan/Pergantian INSPEKSI TIER 1 SEGMENTG.SLOHE.00055-LBS.BAMPANG,INST1,ULP.32720,4690976,32720.INSPEKSI2,ULP.32720,COMP,ULP KALUMPANG,,11/06/2026,,BAIK,P_SAPOLOHE,29/06/2026,,97564521,TND,Jun,UP3 BULUKUMBA,JTM,TL,"2,15",,2026,,,,,,,,,,,,
98267157,INSPEKSI TIER 1 BK56020,INST1,GD01.06300740,,32720.INSPEKSI3,ULP.32720,COMP,ULP KALUMPANG,,11/06/2026,,KURANG,P_SAPOLOHE,15/06/2026,,,TND,Jun,UP3 BULUKUMBA,GD,INSP,"0,00",,2026,,,,,,,,,,,,
98267362,INSPEKSI TIER 1 BK56021,INST1,GD01.06300741,,32720.INSPEKSI3,ULP.32720,COMP,ULP KALUMPANG,,11/06/2026,,KURANG,P_SAPOLOHE,15/06/2026,,,TND,Jun,UP3 BULUKUMBA,GD,INSP,"0,00",,2026,,,,,,,,,,,,
98267423,INSPEKSI TIER 1 BK56023,INST1,GD01.06300743,,32720.INSPEKSI3,ULP.32720,COMP,ULP KALUMPANG,,11/06/2026,,KURANG,P_SAPOLOHE,15/06/2026,,,TND,Jun,UP3 BULUKUMBA,GD,INSP,"0,00",,2026,,,,,,,,,,,,
98267510,INSPEKSI TIER 1 BK56025,INST1,GD01.06300745,,32720.INSPEKSI3,ULP.32720,COMP,ULP KALUMPANG,,11/06/2026,,KURANG,P_SAPOLOHE,16/06/2026,,,TND,Jun,UP3 BULUKUMBA,GD,INSP,"0,00",,2026,,,,,,,,,,,,
98267557,INSPEKSI TIER 1 BK56026,INST1,GD01.06300746,,32720.INSPEKSI3,ULP.32720,COMP,ULP KALUMPANG,,11/06/2026,,KURANG,P_SAPOLOHE,16/06/2026,,,TND,Jun,UP3 BULUKUMBA,GD,INSP,"0,00",,2026,,,,,,,,,,,,
98267631,INSPEKSI TIER 1 BK56028,INST1,GD01.06300748,,32720.INSPEKSI3,ULP.32720,COMP,ULP KALUMPANG,,11/06/2026,,KURANG,P_SAPOLOHE,16/06/2026,,,TND,Jun,UP3 BULUKUMBA,GD,INSP,"0,00",,2026,,,,,,,,,,,,
98267696,INSPEKSI TIER 1 BK56029,INST1,GD01.06300750,,32720.INSPEKSI3,ULP.32720,COMP,ULP KALUMPANG,,11/06/2026,,KURANG,P_SAPOLOHE,16/06/2026,,,TND,Jun,UP3 BULUKUMBA,GD,INSP,"0,00",,2026,,,,,,,,,,,,
98267768,INSPEKSI TIER 1 BK56031,INST1,GD01.06300752,,32720.INSPEKSI3,ULP.32720,COMP,ULP KALUMPANG,,11/06/2026,,KURANG,P_SAPOLOHE,16/06/2026,,,TND,Jun,UP3 BULUKUMBA,GD,INSP,"0,00",,2026,,,,,,,,,,,,
98267999,INSPEKSI TIER 1 BK56040,INST1,GD01.06300753,,32720.INSPEKSI3,ULP.32720,COMP,ULP KALUMPANG,,11/06/2026,,KURANG,P_SAPOLOHE,16/06/2026,,,TND,Jun,UP3 BULUKUMBA,GD,INSP,"0,00",,2026,,,,,,,,,,,,
98268185,INSPEKSI TIER 1 BK56034,INST1,GD01.06300756,,32720.INSPEKSI3,ULP.32720,COMP,ULP KALUMPANG,,11/06/2026,,KURANG,P_SAPOLOHE,16/06/2026,,,TND,Jun,UP3 BULUKUMBA,GD,INSP,"0,00",,2026,,,,,,,,,,,,
98268314,INSPEKSI TIER 1 BK58725,INST1,GD01.06300760,,32720.INSPEKSI3,ULP.32720,COMP,ULP KALUMPANG,,11/06/2026,,CUKUP,P_SAPOLOHE,16/06/2026,,,TND,Jun,UP3 BULUKUMBA,GD,INSP,"0,00",,2026,,,,,,,,,,,,
98268699,INSPEKSI TIER 1 BK58725,INST1,GD01.06300760,,32720.INSPEKSI3,ULP.32720,COMP,ULP KALUMPANG,,11/06/2026,,CUKUP,P_SAPOLOHE,16/06/2026,,,TND,Jun,UP3 BULUKUMBA,GD,INSP,"0,00",,2026,,,,,,,,,,,,
98268914,INSPEKSI TIER 1 BK58666,INST1,GD01.06300761,,32720.INSPEKSI3,ULP.32720,COMP,ULP KALUMPANG,,11/06/2026,,KURANG,P_SAPOLOHE,16/06/2026,,,TND,Jun,UP3 BULUKUMBA,GD,INSP,"0,00",,2026,,,,,,,,,,,,
98269181,INSPEKSI TIER 1 BK58667,INST1,GD01.06300762,,32720.INSPEKSI3,ULP.32720,COMP,ULP KALUMPANG,,11/06/2026,,KURANG,P_SAPOLOHE,16/06/2026,,,TND,Jun,UP3 BULUKUMBA,GD,INSP,"0,00",,2026,,,,,,,,,,,,
98269720,INSPEKSI TIER 1 BK58668,INST1,GD01.06300763,,32720.INSPEKSI3,ULP.32720,COMP,ULP KALUMPANG,,11/06/2026,,KURANG,P_SAPOLOHE,12/06/2026,,,TND,Jun,UP3 BULUKUMBA,GD,INSP,"0,00",,2026,,,,,,,,,,,,
98275881,Perbaikan/Pergantian INSPEKSI TIER 1 BB72524,INST1,GD01.06302376,,32740.INSPEKSI1,ULP.32740,COMP,ULP BANTAENG,,11/06/2026,,KURANG,P_LEMBANG,22/06/2026,,98208194,TND,Jun,UP3 BULUKUMBA,GD,TL,"0,00",,2026,,,,,,,,,,,,
98279300,INSPEKSI TIER 1 BK58669,INST1,GD01.06300764,,32720.INSPEKSI3,ULP.32720,WFOLLOWUP,ULP KALUMPANG,,12/06/2026,,BURUK,P_SAPOLOHE,12/06/2026,,,TND,Jun,UP3 BULUKUMBA,GD,INSP,"0,00",,2026,,,,,,,,,,,,
98279702,INSPEKSI TIER 1 BK58670,INST1,GD01.06300765,,32720.INSPEKSI3,ULP.32720,WFOLLOWUP,ULP KALUMPANG,,12/06/2026,,BURUK,P_SAPOLOHE,12/06/2026,,,TND,Jun,UP3 BULUKUMBA,GD,INSP,"0,00",,2026,,,,,,,,,,,,
98279748,INSPEKSI TIER 1 BK58671,INST1,GD01.06300766,,32720.INSPEKSI3,ULP.32720,COMP,ULP KALUMPANG,,12/06/2026,,CUKUP,P_SAPOLOHE,12/06/2026,,,TND,Jun,UP3 BULUKUMBA,GD,INSP,"0,00",,2026,,,,,,,,,,,,
98279817,INSPEKSI TIER 1 BK58672,INST1,GD01.06300767,,32720.INSPEKSI3,ULP.32720,COMP,ULP KALUMPANG,,12/06/2026,,CUKUP,P_SAPOLOHE,12/06/2026,,,TND,Jun,UP3 BULUKUMBA,GD,INSP,"0,00",,2026,,,,,,,,,,,,
98282399,Perbaikan/Pergantian INSPEKSI TIER 1 BK03910,INST1,GD01.06300705,,32720.INSPEKSI3,ULP.32720,COMP,ULP KALUMPANG,,12/06/2026,,KURANG,P_SAPOLOHE,19/08/2026,,97555068,TND,Jun,UP3 BULUKUMBA,GD,TL,"0,00",,2026,,,,,,,,,,,,
98283008,Perbaikan/Pergantian INSPEKSI TIER 1 BK03913,INST1,GD01.06300702,,32720.INSPEKSI3,ULP.32720,COMP,ULP KALUMPANG,,12/06/2026,,KURANG,P_SAPOLOHE,14/06/2026,,97538444,TND,Jun,UP3 BULUKUMBA,GD,TL,"0,00",,2026,,,,,,,,,,,,
98289542,Perbaikan/Pergantian INSPEKSI TIER 1 BK58670,INST1,GD01.06300765,,32720.INSPEKSI3,ULP.32720,COMP,ULP KALUMPANG,,12/06/2026,,KURANG,P_SAPOLOHE,21/06/2026,,98279702,TND,Jun,UP3 BULUKUMBA,GD,TL,"0,00",,2026,,,,,,,,,,,,
98289547,Perbaikan/Pergantian INSPEKSI TIER 1 BK58669,INST1,GD01.06300764,,32720.INSPEKSI3,ULP.32720,COMP,ULP KALUMPANG,,12/06/2026,,CUKUP,P_SAPOLOHE,14/06/2026,,98279300,TND,Jun,UP3 BULUKUMBA,GD,TL,"0,00",,2026,,,,,,,,,,,,
98290386,INSPEKSI TIER 1 BJ73004,INST1,GD01.06301164,,32730.INSPEKSI1,ULP.32730,WAPPR,ULP JENEPONTO,,12/06/2026,,,P_JENTAK,12/06/2026,,97277485,TND,Jun,UP3 BULUKUMBA,GD,TL,"0,00",,2026,,,,,,,,,,,,
98290396,Perbaikan/Pergantian INSPEKSI TIER 1 BJ73029,INST1,GD01.06301189,,32730.INSPEKSI1,ULP.32730,COMP,ULP JENEPONTO,,12/06/2026,,KURANG,P_JENTAK,22/06/2026,,97279256,TND,Jun,UP3 BULUKUMBA,GD,TL,"0,00",,2026,,,,,,,,,,,,
98290430,Perbaikan/Pergantian INSPEKSI TIER 1 BJ73034,INST1,GD01.06301194,,32730.INSPEKSI1,ULP.32730,COMP,ULP JENEPONTO,,12/06/2026,,KURANG,P_JENTAK,22/06/2026,,97279468,TND,Jun,UP3 BULUKUMBA,GD,TL,"0,00",,2026,,,,,,,,,,,,
98290435,Perbaikan/Pergantian INSPEKSI TIER 1 BJ73033,INST1,GD01.06301193,,32730.INSPEKSI1,ULP.32730,COMP,ULP JENEPONTO,,12/06/2026,,KURANG,P_JENTAK,22/06/2026,,97279411,TND,Jun,UP3 BULUKUMBA,GD,TL,"0,00",,2026,,,,,,,,,,,,
98290540,INSPEKSI TIER 1 BJ10006,INST1,GD01.06301438,,32730.INSPEKSI1,ULP.32730,WAPPR,ULP JENEPONTO,,12/06/2026,,,P_TOLO,12/06/2026,,96200574,TND,Jun,UP3 BULUKUMBA,GD,TL,"0,00",,2026,,,,,,,,,,,,
98294080,Perbaikan/Pergantian INSPEKSI TIER 1 SEGMEN TG.LITHA.00240-TG.LITHA.00240.R0030,INST1,ULP.32760,4691845,32760.INSPEKSI1,ULP.32760,WAPPR,ULP SINJAI,,12/06/2026,,,P_LITHA,12/06/2026,,96893102,TND,Jun,UP3 BULUKUMBA,JTM,TL,"1,50",,2026,,,,,,,,,,,,
98294237,Perbaikan/Pergantian INSPEKSI TIER 1 SEGMEN TG.LITHA.00240-TG.LITHA.00251,INST1,ULP.32760,4691846,32760.INSPEKSI1,ULP.32760,WAPPR,ULP SINJAI,,12/06/2026,,,P_LITHA,12/06/2026,,96893361,TND,Jun,UP3 BULUKUMBA,JTM,TL,"0,55",,2026,,,,,,,,,,,,
98294324,Perbaikan/Pergantian INSPEKSI TIER 1 SEGMEN TG.LITHA.00251-TG.LITHA.00251.L0049,INST1,ULP.32760,4691848,32760.INSPEKSI1,ULP.32760,WAPPR,ULP SINJAI,,12/06/2026,,,P_LITHA,12/06/2026,,96893886,TND,Jun,UP3 BULUKUMBA,JTM,TL,"2,45",,2026,,,,,,,,,,,,
98296606,Perbaikan/Pergantian INSPEKSI TIER 1 SEGMEN TG.LITHA.00251-TG.LITHA.00368,INST1,ULP.32760,4691849,32760.INSPEKSI1,ULP.32760,COMP,ULP SINJAI,,12/06/2026,,BAIK,P_LITHA,06/07/2026,,96894470,TND,Jun,UP3 BULUKUMBA,JTM,TL,"5,85",,2026,,,,,,,,,,,,
98297050,Perbaikan/Pergantian INSPEKSI TIER 1 SEGMEN TG.LITHA.00368-TG.LITHA.00396,INST1,ULP.32760,4691852,32760.INSPEKSI1,ULP.32760,COMP,ULP SINJAI,,12/06/2026,,BAIK,P_LITHA,06/07/2026,,96898063,TND,Jun,UP3 BULUKUMBA,JTM,TL,"1,40",,2026,,,,,,,,,,,,
98297085,Perbaikan/Pergantian INSPEKSI TIER 1 SEGMEN TG.LITHA.00396-TG.LITHA.00396.R0008,INST1,ULP.32760,4691853,32760.INSPEKSI1,ULP.32760,COMP,ULP SINJAI,,12/06/2026,,BAIK,P_LITHA,06/07/2026,,96898745,TND,Jun,UP3 BULUKUMBA,JTM,TL,"0,40",,2026,,,,,,,,,,,,
98297093,INSPEKSI TIER 1 BK58674,INST1,GD01.06300769,,32720.INSPEKSI3,ULP.32720,COMP,ULP KALUMPANG,,12/06/2026,,KURANG,P_SAPOLOHE,14/06/2026,,,TND,Jun,UP3 BULUKUMBA,GD,INSP,"0,00",,2026,,,,,,,,,,,,
98297235,INSPEKSI TIER 1 BK58675,INST1,GD01.06300770,,32720.INSPEKSI3,ULP.32720,COMP,ULP KALUMPANG,,12/06/2026,,KURANG,P_SAPOLOHE,14/06/2026,,,TND,Jun,UP3 BULUKUMBA,GD,INSP,"0,00",,2026,,,,,,,,,,,,
98297302,Perbaikan/Pergantian INSPEKSI TIER 1 SEGMEN TG.LITHA.00463-TG.LITHA.00463.R0302,INST1,ULP.32760,4691855,32760.INSPEKSI1,ULP.32760,COMP,ULP SINJAI,,12/06/2026,,BAIK,P_LITHA,06/07/2026,,96899183,TND,Jun,UP3 BULUKUMBA,JTM,TL,"15,10",,2026,,,,,,,,,,,,
98297400,INSPEKSI TIER 1 BK58676,INST1,GD01.06300771,,32720.INSPEKSI3,ULP.32720,COMP,ULP KALUMPANG,,12/06/2026,,KURANG,P_SAPOLOHE,14/06/2026,,,TND,Jun,UP3 BULUKUMBA,GD,INSP,"0,00",,2026,,,,,,,,,,,,
98297573,INSPEKSI TIER 1 BK58677,INST1,GD01.06300772,,32720.INSPEKSI3,ULP.32720,COMP,ULP KALUMPANG,,12/06/2026,,KURANG,P_SAPOLOHE,14/06/2026,,,TND,Jun,UP3 BULUKUMBA,GD,INSP,"0,00",,2026,,,,,,,,,,,,
98297897,INSPEKSI TIER 1 BK58678,INST1,GD01.06300773,,32720.INSPEKSI3,ULP.32720,COMP,ULP KALUMPANG,,12/06/2026,,KURANG,P_SAPOLOHE,14/06/2026,,,TND,Jun,UP3 BULUKUMBA,GD,INSP,"0,00",,2026,,,,,,,,,,,,
98298080,INSPEKSI TIER 1 BK58679,INST1,GD01.06300774,,32720.INSPEKSI3,ULP.32720,COMP,ULP KALUMPANG,,12/06/2026,,KURANG,P_SAPOLOHE,14/06/2026,,,TND,Jun,UP3 BULUKUMBA,GD,INSP,"0,00",,2026,,,,,,,,,,,,
98298223,INSPEKSI TIER 1 BK58680,INST1,GD01.06300775,,32720.INSPEKSI3,ULP.32720,WFOLLOWUP,ULP KALUMPANG,,12/06/2026,,BURUK,P_SAPOLOHE,13/06/2026,,,TND,Jun,UP3 BULUKUMBA,GD,INSP,"0,00",,2026,,,,,,,,,,,,
98298310,INSPEKSI TIER 1 BK58681,INST1,GD01.06300776,,32720.INSPEKSI3,ULP.32720,COMP,ULP KALUMPANG,,12/06/2026,,KURANG,P_SAPOLOHE,13/06/2026,,,TND,Jun,UP3 BULUKUMBA,GD,INSP,"0,00",,2026,,,,,,,,,,,,
98298528,INSPEKSI TIER 1 BK58683,INST1,GD01.06300779,,32720.INSPEKSI3,ULP.32720,COMP,ULP KALUMPANG,,12/06/2026,,KURANG,P_SAPOLOHE,13/06/2026,,,TND,Jun,UP3 BULUKUMBA,GD,INSP,"0,00",,2026,,,,,,,,,,,,
98298663,INSPEKSI TIER 1 BK58684,INST1,GD01.06300780,,32720.INSPEKSI3,ULP.32720,WFCOMP,ULP KALUMPANG,,12/06/2026,,KURANG,P_SAPOLOHE,19/08/2026,,,TND,Jun,UP3 BULUKUMBA,GD,INSP,"0,00",,2026,,,,,,,,,,,,
98298810,INSPEKSI TIER 1 BK58685,INST1,GD01.06300781,,32720.INSPEKSI3,ULP.32720,WFCOMP,ULP KALUMPANG,,12/06/2026,,CUKUP,P_SAPOLOHE,14/06/2026,,,TND,Jun,UP3 BULUKUMBA,GD,INSP,"0,00",,2026,,,,,,,,,,,,
98299008,INSPEKSI TIER 1 BK58686,INST1,GD01.06300783,,32720.INSPEKSI3,ULP.32720,WFOLLOWUP,ULP KALUMPANG,,12/06/2026,,BURUK,P_SAPOLOHE,13/06/2026,,,TND,Jun,UP3 BULUKUMBA,GD,INSP,"0,00",,2026,,,,,,,,,,,,
98300519,INSPEKSI TIER 1 BT50020,INST1,GD01.06300503,,32770.INSPEKSI1,ULP.32770,COMP,ULP TANETE,,12/06/2026,,,P_BINTARORE,17/06/2026,,,TND,Jun,UP3 BULUKUMBA,GD,INSP,"0,00",,2026,,,,,,,,,,,,
98306085,Perbaikan/Pergantian INSPEKSI TIER 1 BJ73011,INST1,GD01.06301171,,32730.INSPEKSI1,ULP.32730,COMP,ULP JENEPONTO,,12/06/2026,,CUKUP,P_JENTAK,26/06/2026,,97278135,TND,Jun,UP3 BULUKUMBA,GD,TL,"0,00",,2026,,,,,,,,,,,,
98324871,Perbaikan/Pergantian INSPEKSI TIER 1 SEGMEN TG.LAMATTIRILAU.01295.L00109-TG.LAMATTIRILAU.01295.L00109.R0041,INST1,ULP.32760,22260601,32760.INSPEKSI1,ULP.32760,COMP,ULP SINJAI,,13/06/2026,,BAIK,P_MATUMPU,06/07/2026,,98217455,TND,Jun,UP3 BULUKUMBA,JTM,TL,"2,05",,2026,,,,,,,,,,,,
98325942,Perbaikan/Pergantian INSPEKSI TIER 1 BJ73003,INST1,GD01.06301163,,32730.INSPEKSI1,ULP.32730,COMP,ULP JENEPONTO,,13/06/2026,,CUKUP,P_JENTAK,25/06/2026,,97277413,TND,Jun,UP3 BULUKUMBA,GD,TL,"0,00",,2026,,,,,,,,,,,,
98325949,Perbaikan/Pergantian INSPEKSI TIER 1 BJ73007,INST1,GD01.06301167,,32730.INSPEKSI1,ULP.32730,COMP,ULP JENEPONTO,,13/06/2026,,CUKUP,P_JENTAK,26/06/2026,,97277772,TND,Jun,UP3 BULUKUMBA,GD,TL,"0,00",,2026,,,,,,,,,,,,
98326775,Perbaikan/Pergantian INSPEKSI TIER 1 BJ73014,INST1,GD01.06301174,,32730.INSPEKSI1,ULP.32730,COMP,ULP JENEPONTO,,13/06/2026,,KURANG,P_JENTAK,26/06/2026,,97277034,TND,Jun,UP3 BULUKUMBA,GD,TL,"0,00",,2026,,,,,,,,,,,,
98326794,Perbaikan/Pergantian INSPEKSI TIER 1 BJ73019,INST1,GD01.06301179,,32730.INSPEKSI1,ULP.32730,COMP,ULP JENEPONTO,,13/06/2026,,KURANG,P_JENTAK,26/06/2026,,97277113,TND,Jun,UP3 BULUKUMBA,GD,TL,"0,00",,2026,,,,,,,,,,,,
98326799,Perbaikan/Pergantian INSPEKSI TIER 1 BJ73041,INST1,GD01.06301201,,32730.INSPEKSI1,ULP.32730,COMP,ULP JENEPONTO,,13/06/2026,,KURANG,P_JENTAK,26/06/2026,,97277309,TND,Jun,UP3 BULUKUMBA,GD,TL,"0,00",,2026,,,,,,,,,,,,
98326804,Perbaikan/Pergantian INSPEKSI TIER 1 BJ73032,INST1,GD01.06301192,,32730.INSPEKSI1,ULP.32730,COMP,ULP JENEPONTO,,13/06/2026,,KURANG,P_JENTAK,25/06/2026,,97277198,TND,Jun,UP3 BULUKUMBA,GD,TL,"0,00",,2026,,,,,,,,,,,,
98326991,Perbaikan/Pergantian INSPEKSI TIER 1 BL00022,INST1,GD01.06302119,,32710.INSPEKSI3,ULP.32710,WINSP,ULP PANRITA LOPI,,13/06/2026,,,P_SAPIRIA,14/06/2026,,98143251,TND,Jun,UP3 BULUKUMBA,GD,TL,"0,00",,2026,,,,,,,,,,,,
98327009,Perbaikan/Pergantian INSPEKSI TIER 1 BL01063,INST1,GD01.06302667,,32710.INSPEKSI1,ULP.32710,WOREJECT,ULP PANRITA LOPI,,13/06/2026,,BURUK,P_BINTARORE,15/06/2026,,97308162,TND,Jun,UP3 BULUKUMBA,GD,TL,"0,00",,2026,,,,,,,,,,,,
98327014,Perbaikan/Pergantian INSPEKSI TIER 1 BL01064,INST1,GD01.06302668,,32710.INSPEKSI1,ULP.32710,WOREJECT,ULP PANRITA LOPI,,13/06/2026,,BURUK,P_BINTARORE,15/06/2026,,97308429,TND,Jun,UP3 BULUKUMBA,GD,TL,"0,00",,2026,,,,,,,,,,,,
98327019,Perbaikan/Pergantian INSPEKSI TIER 1 BL03000,INST1,GD01.06302671,,32710.INSPEKSI1,ULP.32710,COMP,ULP PANRITA LOPI,,13/06/2026,,KURANG,P_BINTARORE,15/06/2026,,97308665,TND,Jun,UP3 BULUKUMBA,GD,TL,"0,00",,2026,,,,,,,,,,,,
98327045,Perbaikan/Pergantian INSPEKSI TIER 1 BL01068,INST1,GD01.06302688,,32710.INSPEKSI1,ULP.32710,COMP,ULP PANRITA LOPI,,13/06/2026,,KURANG,P_BINTARORE,15/06/2026,,97310555,TND,Jun,UP3 BULUKUMBA,GD,TL,"0,00",,2026,,,,,,,,,,,,
98327052,Perbaikan/Pergantian INSPEKSI TIER 1 BL02029,INST1,GD01.06302077,,32710.INSPEKSI1,ULP.32710,COMP,ULP PANRITA LOPI,,13/06/2026,,KURANG,P_PAJUKUKANG,15/06/2026,,97305571,TND,Jun,UP3 BULUKUMBA,GD,TL,"0,00",,2026,,,,,,,,,,,,
98327212,Perbaikan/Pergantian INSPEKSI TIER 1 BK58685,INST1,GD01.06300781,,32720.INSPEKSI3,ULP.32720,COMP,ULP KALUMPANG,,13/06/2026,,CUKUP,P_SAPOLOHE,14/06/2026,,98298810,TND,Jun,UP3 BULUKUMBA,GD,TL,"0,00",,2026,,,,,,,,,,,,
98327220,Perbaikan/Pergantian INSPEKSI TIER 1 BK58686,INST1,GD01.06300783,,32720.INSPEKSI3,ULP.32720,COMP,ULP KALUMPANG,,13/06/2026,,CUKUP,P_SAPOLOHE,14/06/2026,,98299008,TND,Jun,UP3 BULUKUMBA,GD,TL,"0,00",,2026,,,,,,,,,,,,
98327281,Perbaikan/Pergantian INSPEKSI TIER 1 BK58684,INST1,GD01.06300780,,32720.INSPEKSI3,ULP.32720,COMP,ULP KALUMPANG,,13/06/2026,,KURANG,P_SAPOLOHE,19/08/2026,,98298663,TND,Jun,UP3 BULUKUMBA,GD,TL,"0,00",,2026,,,,,,,,,,,,
98327289,Perbaikan/Pergantian INSPEKSI TIER 1 BK58680,INST1,GD01.06300775,,32720.INSPEKSI3,ULP.32720,COMP,ULP KALUMPANG,,13/06/2026,,CUKUP,P_SAPOLOHE,14/06/2026,,98298223,TND,Jun,UP3 BULUKUMBA,GD,TL,"0,00",,2026,,,,,,,,,,,,
98335108,Perbaikan/Pergantian INSPEKSI TIER 1 BL01096,INST1,GD01.06302695,,32710.INSPEKSI1,ULP.32710,WAPPR,ULP PANRITA LOPI,,14/06/2026,,,P_BINTARORE,14/06/2026,,97304123,TND,Jun,UP3 BULUKUMBA,GD,TL,"0,00",,2026,,,,,,,,,,,,
98335116,Perbaikan/Pergantian INSPEKSI TIER 1 BL01097,INST1,GD01.06302696,,32710.INSPEKSI1,ULP.32710,WAPPR,ULP PANRITA LOPI,,14/06/2026,,,P_BINTARORE,14/06/2026,,97304145,TND,Jun,UP3 BULUKUMBA,GD,TL,"0,00",,2026,,,,,,,,,,,,
98335121,Perbaikan/Pergantian INSPEKSI TIER 1 BL01098,INST1,GD01.06302697,,32710.INSPEKSI1,ULP.32710,WAPPR,ULP PANRITA LOPI,,14/06/2026,,,P_BINTARORE,14/06/2026,,97304162,TND,Jun,UP3 BULUKUMBA,GD,TL,"0,00",,2026,,,,,,,,,,,,
98335220,INSPEKSI TIER 1 BB72530,INST1,GD01.06302384,,32740.INSPEKSI1,ULP.32740,COMP,ULP BANTAENG,,15/06/2026,,CUKUP,P_LEMBANG,22/06/2026,,,TND,Jun,UP3 BULUKUMBA,GD,INSP,"0,00",,2026,,,,,,,,,,,,
98335232,INSPEKSI TIER 1 BB71585,INST1,GD01.06302405,,32740.INSPEKSI1,ULP.32740,COMP,ULP BANTAENG,,15/06/2026,,KURANG,P_LEMBANG,22/06/2026,,,TND,Jun,UP3 BULUKUMBA,GD,INSP,"0,00",,2026,,,,,,,,,,,,
98335295,INSPEKSI TIER 1 BB72551,INST1,GD01.06302407,,32740.INSPEKSI1,ULP.32740,COMP,ULP BANTAENG,,15/06/2026,,KURANG,P_LEMBANG,17/06/2026,,,TND,Jun,UP3 BULUKUMBA,GD,INSP,"0,00",,2026,,,,,,,,,,,,
98335349,INSPEKSI TIER 1 BB71581,INST1,GD01.06302414,,32740.INSPEKSI1,ULP.32740,COMP,ULP BANTAENG,,15/06/2026,,CUKUP,P_LEMBANG,17/06/2026,,,TND,Jun,UP3 BULUKUMBA,GD,INSP,"0,00",,2026,,,,,,,,,,,,
98346217,Perbaikan/Pergantian INSPEKSI TIER 1 BB66900,INST1,GD01.06302337,,32740.INSPEKSI1,ULP.32740,COMP,ULP BANTAENG,,15/06/2026,,KURANG,P_TOLO,22/06/2026,,97591045,TND,Jun,UP3 BULUKUMBA,GD,TL,"0,00",,2026,,,,,,,,,,,,
98353429,Perbaikan/Pergantian INSPEKSI TIER 1 SEGMEN TG.LITHA.00618-TG.LITHA.00618.L0262,INST1,ULP.32760,4691872,32760.INSPEKSI1,ULP.32760,COMP,ULP SINJAI,,15/06/2026,,BAIK,P_LITHA,06/07/2026,,96918794,TND,Jun,UP3 BULUKUMBA,JTM,TL,"2,25",,2026,,,,,,,,,,,,
98356578,INSPEKSI TIER 1 BB72558,INST1,GD01.06302415,,32740.INSPEKSI1,ULP.32740,WFOLLOWUP,ULP BANTAENG,,15/06/2026,,BURUK,P_LEMBANG,22/06/2026,,,TND,Jun,UP3 BULUKUMBA,GD,INSP,"0,00",,2026,,,,,,,,,,,,
98356769,INSPEKSI TIER 1 BB72559,INST1,GD01.06302416,,32740.INSPEKSI1,ULP.32740,COMP,ULP BANTAENG,,15/06/2026,,KURANG,P_LEMBANG,17/06/2026,,,TND,Jun,UP3 BULUKUMBA,GD,INSP,"0,00",,2026,,,,,,,,,,,,
98358801,INSPEKSI TIER 1 BB72560,INST1,GD01.06302417,,32740.INSPEKSI1,ULP.32740,COMP,ULP BANTAENG,,15/06/2026,,KURANG,P_LEMBANG,17/06/2026,,,TND,Jun,UP3 BULUKUMBA,GD,INSP,"0,00",,2026,,,,,,,,,,,,
98359274,INSPEKSI TIER 1 BT51468,INST1,GD01.06300599,,32770.INSPEKSI1,ULP.32770,COMP,ULP TANETE,,15/06/2026,,KURANG,P_BINTARORE,17/06/2026,,,TND,Jun,UP3 BULUKUMBA,GD,INSP,"0,00",,2026,,,,,,,,,,,,
98359416,INSPEKSI TIER 1 BB72578,INST1,GD01.06302435,,32740.INSPEKSI1,ULP.32740,COMP,ULP BANTAENG,,15/06/2026,,KURANG,P_LEMBANG,17/06/2026,,,TND,Jun,UP3 BULUKUMBA,GD,INSP,"0,00",,2026,,,,,,,,,,,,
98359868,INSPEKSI TIER 1 BB72579,INST1,GD01.06302436,,32740.INSPEKSI1,ULP.32740,COMP,ULP BANTAENG,,15/06/2026,,KURANG,P_LEMBANG,17/06/2026,,,TND,Jun,UP3 BULUKUMBA,GD,INSP,"0,00",,2026,,,,,,,,,,,,
98367215,Perbaikan/Pergantian INSPEKSI TIER 1 BL00000,INST1,GD01.06302080,,32710.INSPEKSI1,ULP.32710,WAPPR,ULP PANRITA LOPI,,15/06/2026,,,P_SAPIRIA,15/06/2026,,98122889,TND,Jun,UP3 BULUKUMBA,GD,TL,"0,00",,2026,,,,,,,,,,,,
98367316,Perbaikan/Pergantian INSPEKSI TIER 1 BL02006,INST1,GD01.06302053,,32710.INSPEKSI1,ULP.32710,WAPPR,ULP PANRITA LOPI,,15/06/2026,,,P_PAJUKUKANG,15/06/2026,,98119913,TND,Jun,UP3 BULUKUMBA,GD,TL,"0,00",,2026,,,,,,,,,,,,
98367411,Perbaikan/Pergantian INSPEKSI TIER 1 BL02009,INST1,GD01.06302056,,32710.INSPEKSI1,ULP.32710,WAPPR,ULP PANRITA LOPI,,15/06/2026,,,P_PAJUKUKANG,15/06/2026,,98121789,TND,Jun,UP3 BULUKUMBA,GD,TL,"0,00",,2026,,,,,,,,,,,,
98373254,Perbaikan/Pergantian INSPEKSI TIER 1 SEGMEN TG.LITHA.00533-TG.LITHA.00533.L0101,INST1,ULP.32760,4691859,32760.INSPEKSI1,ULP.32760,WAPPR,ULP SINJAI,,15/06/2026,,,P_LITHA,15/06/2026,,96902997,TND,Jun,UP3 BULUKUMBA,JTM,TL,"5,05",,2026,,,,,,,,,,,,
98373928,INSPEKSI TIER 1 BT03515,INST1,GD01.06300655,,32770.INSPEKSI1,ULP.32770,COMP,ULP TANETE,,16/06/2026,,CUKUP,P_UJUNGLOE,17/06/2026,,,TND,Jun,UP3 BULUKUMBA,GD,INSP,"0,00",,2026,,,,,,,,,,,,
98373939,INSPEKSI TIER 1 BT03538,INST1,GD01.06300678,,32770.INSPEKSI1,ULP.32770,COMP,ULP TANETE,,16/06/2026,,KURANG,P_UJUNGLOE,17/06/2026,,,TND,Jun,UP3 BULUKUMBA,GD,INSP,"0,00",,2026,,,,,,,,,,,,
98373950,INSPEKSI TIER 1 BT03558,INST1,GD01.06300682,,32770.INSPEKSI1,ULP.32770,COMP,ULP TANETE,,16/06/2026,,KURANG,P_UJUNGLOE,17/06/2026,,,TND,Jun,UP3 BULUKUMBA,GD,INSP,"0,00",,2026,,,,,,,,,,,,
98373961,INSPEKSI TIER 1 BT03542,INST1,GD01.06300686,,32770.INSPEKSI1,ULP.32770,COMP,ULP TANETE,,16/06/2026,,KURANG,P_UJUNGLOE,17/06/2026,,,TND,Jun,UP3 BULUKUMBA,GD,INSP,"0,00",,2026,,,,,,,,,,,,
98373972,INSPEKSI TIER 1 BT03543,INST1,GD01.06300687,,32770.INSPEKSI1,ULP.32770,COMP,ULP TANETE,,16/06/2026,,KURANG,P_UJUNGLOE,17/06/2026,,,TND,Jun,UP3 BULUKUMBA,GD,INSP,"0,00",,2026,,,,,,,,,,,,
98373983,INSPEKSI TIER 1 BT03544,INST1,GD01.06300688,,32770.INSPEKSI1,ULP.32770,COMP,ULP TANETE,,16/06/2026,,CUKUP,P_UJUNGLOE,17/06/2026,,,TND,Jun,UP3 BULUKUMBA,GD,INSP,"0,00",,2026,,,,,,,,,,,,
98381288,Perbaikan/Pergantian INSPEKSI TIER 1 SEGMEN TG.BTSIKUYU.00075-TG.BTSIKUYU.00169,INST1,ULP.32750,4690770,32750.INSPEKSI3,ULP.32750,COMP,ULP SELAYAR,,16/06/2026,,BAIK,P_TIELINE BENTENG_SELAYAR,22/06/2026,,97492274,TND,Jun,UP3 BULUKUMBA,JTM,TL,"4,70",,2026,,,,,,,,,,,,
98381305,INSPEKSI TIER 1 BS08052,INST1,GD01.06301823,,32760.INSPEKSI2,ULP.32760,COMP,ULP SINJAI,,17/06/2026,,KURANG,P_MATUMPU,23/06/2026,,,TND,Jun,UP3 BULUKUMBA,GD,INSP,"0,00",,2026,,,,,,,,,,,,
98381314,INSPEKSI TIER 1 BS08051,INST1,GD01.06301822,,32760.INSPEKSI2,ULP.32760,COMP,ULP SINJAI,,17/06/2026,,CUKUP,P_MATUMPU,21/06/2026,,,TND,Jun,UP3 BULUKUMBA,GD,INSP,"0,00",,2026,,,,,,,,,,,,
98381325,INSPEKSI TIER 1 BS08059,INST1,GD01.06301821,,32760.INSPEKSI2,ULP.32760,COMP,ULP SINJAI,,17/06/2026,,CUKUP,P_MATUMPU,21/06/2026,,,TND,Jun,UP3 BULUKUMBA,GD,INSP,"0,00",,2026,,,,,,,,,,,,
98381336,INSPEKSI TIER 1 BS08050,INST1,GD01.06301820,,32760.INSPEKSI2,ULP.32760,COMP,ULP SINJAI,,17/06/2026,,KURANG,P_MATUMPU,20/06/2026,,,TND,Jun,UP3 BULUKUMBA,GD,INSP,"0,00",,2026,,,,,,,,,,,,
98381345,INSPEKSI TIER 1 BS08049,INST1,GD01.06301819,,32760.INSPEKSI2,ULP.32760,COMP,ULP SINJAI,,17/06/2026,,BAIK,P_MATUMPU,23/06/2026,,,TND,Jun,UP3 BULUKUMBA,GD,INSP,"0,00",,2026,,,,,,,,,,,,
98381356,INSPEKSI TIER 1 BS08048,INST1,GD01.06301818,,32760.INSPEKSI2,ULP.32760,COMP,ULP SINJAI,,17/06/2026,,BAIK,P_MATUMPU,23/06/2026,,,TND,Jun,UP3 BULUKUMBA,GD,INSP,"0,00",,2026,,,,,,,,,,,,
98397534,Perbaikan/Pergantian INSPEKSI TIER 1 SEGMEN TG.KOTA BARAT.00022-TG.KOTA BARAT.00034,INST1,ULP.32710,4691485,32710.INSPEKSI1,ULP.32710,WAPPR,ULP PANRITA LOPI,,17/06/2026,,,P_MATTEKO,17/06/2026,,97993664,TND,Jun,UP3 BULUKUMBA,JTM,TL,"0,60",,2026,,,,,,,,,,,,
98463661,INSPEKSI TIER 1 SEGMEN TG.SAPIRI.00108.R0028.L0041.R0064.R00201-TG.SAPIRI.00108.R0028.L0041.R0064.R00205,INST1,ULP.32710,22260626,32710.INSPEKSI3,ULP.32710,COMP,ULP PANRITA LOPI,,18/06/2026,,BAIK,P_SAPIRIA,19/06/2026,,,TND,Jun,UP3 BULUKUMBA,JTM,INSP,"0,20",,2026,,,,,,,,,,,,
98465421,INSPEKSI TIER 1 SEGMEN TG.UJUNGLOE.00235.L0008-TG.UJUNGLOE.00235.L0008.L0006,INST1,ULP.32710,22260633,32710.INSPEKSI3,ULP.32710,COMP,ULP PANRITA LOPI,,18/06/2026,,BAIK,P_UJUNGLOE,19/06/2026,,,TND,Jun,UP3 BULUKUMBA,JTM,INSP,"0,30",,2026,,,,,,,,,,,,
98468334,INSPEKSI TIER 1 SEGMEN TG.UJUNGLOE.00235.L0012-TG.UJUNGLOE.00235.L0012.L0025,INST1,ULP.32710,22260634,32710.INSPEKSI3,ULP.32710,COMP,ULP PANRITA LOPI,,18/06/2026,,BAIK,P_UJUNGLOE,19/06/2026,,,TND,Jun,UP3 BULUKUMBA,JTM,INSP,"1,25",,2026,,,,,,,,,,,,
98468477,INSPEKSI TIER 1 SEGMEN TG.UJUNGLOE.00411.L0222.R0004-TG.UJUNGLOE.00411.L0222.R0004.R0008,INST1,ULP.32710,22260635,32710.INSPEKSI3,ULP.32710,COMP,ULP PANRITA LOPI,,18/06/2026,,BAIK,P_UJUNGLOE,19/06/2026,,,TND,Jun,UP3 BULUKUMBA,JTM,INSP,"0,40",,2026,,,,,,,,,,,,
98469072,INSPEKSI TIER 1 SEGMEN TG.UJUNGLOE.00411.L0222.R0079.L0044.L0028-TG.UJUNGLOE.00411.L0222.R0079.L0044.L0028.R0003,INST1,ULP.32710,22260636,32710.INSPEKSI3,ULP.32710,COMP,ULP PANRITA LOPI,,18/06/2026,,BAIK,P_UJUNGLOE,19/06/2026,,,TND,Jun,UP3 BULUKUMBA,JTM,INSP,"0,15",,2026,,,,,,,,,,,,
98469153,INSPEKSI TIER 1 SEGMEN TG.UJUNGLOE.00411.L0222.R0079.L0044.R0059.R0011-TG.UJUNGLOE.00411.L0222.R0079.L0044.R0059.R0022,INST1,ULP.32710,22260637,32710.INSPEKSI3,ULP.32710,COMP,ULP PANRITA LOPI,,18/06/2026,,BAIK,P_UJUNGLOE,19/06/2026,,,TND,Jun,UP3 BULUKUMBA,JTM,INSP,"0,55",,2026,,,,,,,,,,,,
98469323,INSPEKSI TIER 1 SEGMEN TG.UJUNGLOE.00094-TG.UJUNGLOE.00094.L0002,INST1,ULP.32710,22260640,32710.INSPEKSI3,ULP.32710,COMP,ULP PANRITA LOPI,,18/06/2026,,BAIK,P_UJUNGLOE,19/06/2026,,,TND,Jun,UP3 BULUKUMBA,JTM,INSP,"0,70",,2026,,,,,,,,,,,,
98469445,INSPEKSI TIER 1 SEGMEN TG.SAPIRI.00108.R0028.L0041.R0064.R00177-TG.SAPIRI.00108.R0028.L0041.R0064.R00177.L0002,INST1,ULP.32710,22260641,32710.INSPEKSI3,ULP.32710,COMP,ULP PANRITA LOPI,,18/06/2026,,BAIK,P_SAPIRIA,19/06/2026,,,TND,Jun,UP3 BULUKUMBA,JTM,INSP,"0,70",,2026,,,,,,,,,,,,
98469626,INSPEKSI TIER 1 SEGMEN TG.PAJUKUKANG.00001-TG.PAJUKUKANG.00033,INST1,ULP.32710,4691413,32710.INSPEKSI3,ULP.32710,COMP,ULP PANRITA LOPI,,18/06/2026,,BAIK,P_PAJUKUKANG,19/06/2026,,,TND,Jun,UP3 BULUKUMBA,JTM,INSP,"1,65",,2026,,,,,,,,,,,,
98469707,INSPEKSI TIER 1 SEGMEN TG.PAJUKUKANG.00056.L0047-TG.PAJUKUKANG.00056.L0047.L0015,INST1,ULP.32710,4691414,32710.INSPEKSI3,ULP.32710,COMP,ULP PANRITA LOPI,,18/06/2026,,BAIK,P_PAJUKUKANG,19/06/2026,,,TND,Jun,UP3 BULUKUMBA,JTM,INSP,"0,75",,2026,,,,,,,,,,,,
98470521,INSPEKSI TIER 1 SEGMEN TG.SLOHE.00131.R0065-TG.SLOHE.00131.R0074,INST1,ULP.32720,4690986,32720.INSPEKSI2,ULP.32720,COMP,ULP KALUMPANG,,18/06/2026,,BAIK,P_SAPOLOHE,29/06/2026,,,TND,Jun,UP3 BULUKUMBA,JTM,INSP,"0,45",,2026,,,,,,,,,,,,
98472217,INSPEKSI TIER 1 SEGMEN TG.ARUNGKEKE.00001-TG.ARUNGKEKE.00006,INST1,ULP.32730,4691103,32730.INSPEKSI2,ULP.32730,WFCOMP,ULP JENEPONTO,,18/06/2026,,BAIK,P_ARUNGKEKE,26/06/2026,,,TND,Jun,UP3 BULUKUMBA,JTM,INSP,"0,30",,2026,,,,,,,,,,,,
98472550,INSPEKSI TIER 1 SEGMEN TG.ARUNGKEKE.00006-TG.ARUNGKEKE.00006.R0025,INST1,ULP.32730,4691104,32730.INSPEKSI2,ULP.32730,COMP,ULP JENEPONTO,,18/06/2026,,BAIK,P_ARUNGKEKE,26/06/2026,,,TND,Jun,UP3 BULUKUMBA,JTM,INSP,"1,25",,2026,,,,,,,,,,,,
98472971,INSPEKSI TIER 1 SEGMEN TG.ARUNGKEKE.00084-LBS.PALAJAU,INST1,ULP.32730,4691106,32730.INSPEKSI3,ULP.32730,COMP,ULP JENEPONTO,,18/06/2026,,BAIK,P_ARUNGKEKE,24/06/2026,,,TND,Jun,UP3 BULUKUMBA,JTM,INSP,"0,50",,2026,,,,,,,,,,,,
98473695,INSPEKSI TIER 1 SEGMEN LBS.PALAJAU-TG.ARUNGKEKE.00084.L0027,INST1,ULP.32730,4691107,32730.INSPEKSI2,ULP.32730,COMP,ULP JENEPONTO,,18/06/2026,,BAIK,P_ARUNGKEKE,24/06/2026,,,TND,Jun,UP3 BULUKUMBA,JTM,INSP,"0,84",,2026,,,,,,,,,,,,
98474113,INSPEKSI TIER 1 SEGMEN TG.ARUNGKEKE.00084.L0027-TG.ARUNGKEKE.00084.L0027.R0046,INST1,ULP.32730,4691108,32730.INSPEKSI2,ULP.32730,COMP,ULP JENEPONTO,,18/06/2026,,KURANG,P_ARUNGKEKE,25/06/2026,,,TND,Jun,UP3 BULUKUMBA,JTM,INSP,"2,17",,2026,,,,,,,,,,,,
98474185,INSPEKSI TIER 1 SEGMEN TG.ARUNGKEKE.00084.L0027.R0046-TG.ARUNGKEKE.00084.L0027.R0046.R0006,INST1,ULP.32730,4691109,32730.INSPEKSI2,ULP.32730,COMP,ULP JENEPONTO,,18/06/2026,,BAIK,P_ARUNGKEKE,24/06/2026,,,TND,Jun,UP3 BULUKUMBA,JTM,INSP,"0,33",,2026,,,,,,,,,,,,
98474231,INSPEKSI TIER 1 SEGMEN TG.EKSPRESSLY.00001-TG.EKSPRESSLY.00204,INST1,ULP.32750,4690740,32750.INSPEKSI3,ULP.32750,COMP,ULP SELAYAR,,18/06/2026,,BAIK,P_TIELINE SELAYAR 1,26/06/2026,,,TND,Jun,UP3 BULUKUMBA,JTM,INSP,"10,35",,2026,,,,,,,,,,,,
98474475,INSPEKSI TIER 1 SEGMEN TG.BTMANAI.00134-TG.BTMANAI.00134.L0074,INST1,ULP.32750,4690732,32750.INSPEKSI3,ULP.32750,COMP,ULP SELAYAR,,18/06/2026,,BAIK,P_BONTOMANAI,24/06/2026,,,TND,Jun,UP3 BULUKUMBA,JTM,INSP,"3,70",,2026,,,,,,,,,,,,
98474568,INSPEKSI TIER 1 SEGMEN TG.BTMANAI.00134-TG.BTMANAI.00244,INST1,ULP.32750,4690733,32750.INSPEKSI3,ULP.32750,COMP,ULP SELAYAR,,18/06/2026,,KURANG,P_BONTOMANAI,24/06/2026,,,TND,Jun,UP3 BULUKUMBA,JTM,INSP,"5,50",,2026,,,,,,,,,,,,
98474852,INSPEKSI TIER 1 SEGMEN TG.BTMANAI.00244-TG.BTMANAI.00244.R0108,INST1,ULP.32750,4690734,32750.INSPEKSI3,ULP.32750,COMP,ULP SELAYAR,,18/06/2026,,KURANG,P_BONTOMANAI,24/06/2026,,,TND,Jun,UP3 BULUKUMBA,JTM,INSP,"5,40",,2026,,,,,,,,,,,,
98475003,INSPEKSI TIER 1 SEGMEN TG.BTMANAI.00244-TG.BTMANAI.00277,INST1,ULP.32750,4690735,32750.INSPEKSI3,ULP.32750,COMP,ULP SELAYAR,,18/06/2026,,KURANG,P_BONTOMANAI,24/06/2026,,,TND,Jun,UP3 BULUKUMBA,JTM,INSP,"1,65",,2026,,,,,,,,,,,,
98475425,INSPEKSI TIER 1 SEGMEN TG.BALTAR.00262-TG.BALTAR.00279,INST1,ULP.32770,4690883,32770.INSPEKSI3,ULP.32770,WFCOMP,ULP TANETE,,18/06/2026,,BAIK,P_BINTARORE,29/06/2026,,,TND,Jun,UP3 BULUKUMBA,JTM,INSP,"1,10",,2026,,,,,,,,,,,,
98475489,INSPEKSI TIER 1 SEGMEN TG.BALTAR.00279-TG.BALTAR.00279.R0057,INST1,ULP.32770,4690884,32770.INSPEKSI3,ULP.32770,COMP,ULP TANETE,,18/06/2026,,CUKUP,P_BINTARORE,25/06/2026,,,TND,Jun,UP3 BULUKUMBA,JTM,INSP,"2,85",,2026,,,,,,,,,,,,
98481485,INSPEKSI TIER 1 SEGMEN TG.PAJUKUKANG.00056.L0047-TG.PAJUKUKANG.00056.L0047.R0006,INST1,ULP.32710,4691415,32710.INSPEKSI1,ULP.32710,COMP,ULP PANRITA LOPI,,18/06/2026,,BAIK,P_PAJUKUKANG,22/06/2026,,,TND,Jun,UP3 BULUKUMBA,JTM,INSP,"0,30",,2026,,,,,,,,,,,,
98481669,INSPEKSI TIER 1 SEGMEN TG.PAJUKUKANG.00056-TG.PAJUKUKANG.00056.L0047,INST1,ULP.32710,4691416,32710.INSPEKSI1,ULP.32710,COMP,ULP PANRITA LOPI,,18/06/2026,,BAIK,P_PAJUKUKANG,22/06/2026,,,TND,Jun,UP3 BULUKUMBA,JTM,INSP,"2,35",,2026,,,,,,,,,,,,
98481773,INSPEKSI TIER 1 SEGMEN TG.PAJUKUKANG.00033-TG.PAJUKUKANG.00033.L0003,INST1,ULP.32710,4691417,32710.INSPEKSI1,ULP.32710,COMP,ULP PANRITA LOPI,,18/06/2026,,BAIK,P_PAJUKUKANG,22/06/2026,,,TND,Jun,UP3 BULUKUMBA,JTM,INSP,"0,15",,2026,,,,,,,,,,,,
98481846,INSPEKSI TIER 1 SEGMEN TG.PAJUKUKANG.00033-TG.PAJUKUKANG.00036,INST1,ULP.32710,4691418,32710.INSPEKSI1,ULP.32710,COMP,ULP PANRITA LOPI,,18/06/2026,,BAIK,P_PAJUKUKANG,22/06/2026,,,TND,Jun,UP3 BULUKUMBA,JTM,INSP,"0,15",,2026,,,,,,,,,,,,
98481960,INSPEKSI TIER 1 SEGMEN TG.PAJUKUKANG.00036-TG.PAJUKUKANG.00036.R0015,INST1,ULP.32710,4691419,32710.INSPEKSI1,ULP.32710,COMP,ULP PANRITA LOPI,,18/06/2026,,BAIK,P_PAJUKUKANG,22/06/2026,,,TND,Jun,UP3 BULUKUMBA,JTM,INSP,"0,75",,2026,,,,,,,,,,,,
98482076,INSPEKSI TIER 1 SEGMEN TG.PAJUKUKANG.00036-TG.PAJUKUKANG.00036.L0032,INST1,ULP.32710,4691420,32710.INSPEKSI1,ULP.32710,COMP,ULP PANRITA LOPI,,18/06/2026,,BAIK,P_PAJUKUKANG,22/06/2026,,,TND,Jun,UP3 BULUKUMBA,JTM,INSP,"1,60",,2026,,,,,,,,,,,,
98482292,INSPEKSI TIER 1 SEGMEN TG.PAJUKUKANG.00036-TG.PAJUKUKANG.00049,INST1,ULP.32710,4691421,32710.INSPEKSI1,ULP.32710,COMP,ULP PANRITA LOPI,,18/06/2026,,BAIK,P_PAJUKUKANG,22/06/2026,,,TND,Jun,UP3 BULUKUMBA,JTM,INSP,"0,65",,2026,,,,,,,,,,,,
98482355,INSPEKSI TIER 1 SEGMEN TG.PAJUKUKANG.00049-TG.PAJUKUKANG.00049.L0002,INST1,ULP.32710,4691422,32710.INSPEKSI1,ULP.32710,COMP,ULP PANRITA LOPI,,18/06/2026,,BAIK,P_PAJUKUKANG,22/06/2026,,,TND,Jun,UP3 BULUKUMBA,JTM,INSP,"0,10",,2026,,,,,,,,,,,,
98482405,INSPEKSI TIER 1 SEGMEN TG.PAJUKUKANG.00049-TG.PAJUKUKANG.00056,INST1,ULP.32710,4691423,32710.INSPEKSI1,ULP.32710,COMP,ULP PANRITA LOPI,,18/06/2026,,BAIK,P_PAJUKUKANG,22/06/2026,,,TND,Jun,UP3 BULUKUMBA,JTM,INSP,"0,35",,2026,,,,,,,,,,,,
98482456,INSPEKSI TIER 1 SEGMEN TG.PAJUKUKANG.00056-TG.PAJUKUKANG.00064,INST1,ULP.32710,4691424,32710.INSPEKSI1,ULP.32710,COMP,ULP PANRITA LOPI,,18/06/2026,,BAIK,P_PAJUKUKANG,22/06/2026,,,TND,Jun,UP3 BULUKUMBA,JTM,INSP,"0,40",,2026,,,,,,,,,,,,
98482862,INSPEKSI TIER 1 BB72579,INST1,GD01.06302436,,32740.INSPEKSI2,ULP.32740,COMP,ULP BANTAENG,,18/06/2026,,KURANG,P_LEMBANG,24/06/2026,,,TND,Jun,UP3 BULUKUMBA,GD,INSP,"0,00",,2026,,,,,,,,,,,,
98482873,INSPEKSI TIER 1 BB17033,INST1,GD01.06302552,,32740.INSPEKSI1,ULP.32740,COMP,ULP BANTAENG,,18/06/2026,,KURANG,P_GUNUNG LOKA,23/06/2026,,,TND,Jun,UP3 BULUKUMBA,GD,INSP,"0,00",,2026,,,,,,,,,,,,
98482891,INSPEKSI TIER 1 BK58673,INST1,GD01.06300768,,32720.INSPEKSI2,ULP.32720,WFOLLOWUP,ULP KALUMPANG,,18/06/2026,,BURUK,P_SAPOLOHE,28/08/2026,,,TND,Jun,UP3 BULUKUMBA,GD,INSP,"0,00",,2026,,,,,,,,,,,,
98482902,INSPEKSI TIER 1 BK58682,INST1,GD01.06300777,,32720.INSPEKSI2,ULP.32720,COMP,ULP KALUMPANG,,18/06/2026,,CUKUP,P_SAPOLOHE,28/08/2026,,,TND,Jun,UP3 BULUKUMBA,GD,INSP,"0,00",,2026,,,,,,,,,,,,
98482913,INSPEKSI TIER 1 BK58687,INST1,GD01.06300784,,32720.INSPEKSI2,ULP.32720,COMP,ULP KALUMPANG,,18/06/2026,,KURANG,P_SAPOLOHE,28/08/2026,,,TND,Jun,UP3 BULUKUMBA,GD,INSP,"0,00",,2026,,,,,,,,,,,,
98482939,INSPEKSI TIER 1 BK58688,INST1,GD01.06300785,,32720.INSPEKSI2,ULP.32720,COMP,ULP KALUMPANG,,18/06/2026,,KURANG,P_SAPOLOHE,28/08/2026,,,TND,Jun,UP3 BULUKUMBA,GD,INSP,"0,00",,2026,,,,,,,,,,,,
98482963,INSPEKSI TIER 1 BK58689,INST1,GD01.06300786,,32720.INSPEKSI2,ULP.32720,WFOLLOWUP,ULP KALUMPANG,,18/06/2026,,BURUK,P_SAPOLOHE,28/08/2026,,,TND,Jun,UP3 BULUKUMBA,GD,INSP,"0,00",,2026,,,,,,,,,,,,
98483777,Perbaikan/Pergantian INSPEKSI TIER 1 SEGMEN TG.LITHA.01098-TG.LITHA.01098.R0224,INST1,ULP.32760,4691887,32760.INSPEKSI1,ULP.32760,WAPPR,ULP SINJAI,,19/06/2026,,,P_LITHA,19/06/2026,,96953765,TND,Jun,UP3 BULUKUMBA,JTM,TL,"7,05",,2026,,,,,,,,,,,,
98483844,Perbaikan/Pergantian INSPEKSI TIER 1 SEGMEN TG.LITHA.01061-TG.LITHA.01098,INST1,ULP.32760,4691884,32760.INSPEKSI1,ULP.32760,WAPPR,ULP SINJAI,,19/06/2026,,,P_LITHA,19/06/2026,,96952572,TND,Jun,UP3 BULUKUMBA,JTM,TL,"1,85",,2026,,,,,,,,,,,,
98483872,Perbaikan/Pergantian INSPEKSI TIER 1 SEGMEN TG.LITHA.01098.R0083-TG.LITHA.01098.R0083.L0054,INST1,ULP.32760,4691886,32760.INSPEKSI1,ULP.32760,WAPPR,ULP SINJAI,,19/06/2026,,,P_LITHA,19/06/2026,,96953069,TND,Jun,UP3 BULUKUMBA,JTM,TL,"2,70",,2026,,,,,,,,,,,,
98483930,Perbaikan/Pergantian INSPEKSI TIER 1 SEGMEN TG.LITHA.01176-TG.LITHA.01371,INST1,ULP.32760,4691891,32760.INSPEKSI1,ULP.32760,COMP,ULP SINJAI,,19/06/2026,,BAIK,P_LITHA,06/07/2026,,96976115,TND,Jun,UP3 BULUKUMBA,JTM,TL,"9,75",,2026,,,,,,,,,,,,
98485804,INSPEKSI TIER 1 BB19001,INST1,GD01.06302585,,32740.INSPEKSI2,ULP.32740,COMP,ULP BANTAENG,,19/06/2026,,CUKUP,P_LEMBANG,23/06/2026,,,TND,Jun,UP3 BULUKUMBA,GD,INSP,"0,00",,2026,,,,,,,,,,,,
98485970,INSPEKSI TIER 1 BB19020,INST1,GD01.06302586,,32740.INSPEKSI2,ULP.32740,COMP,ULP BANTAENG,,19/06/2026,,CUKUP,P_LEMBANG,24/06/2026,,,TND,Jun,UP3 BULUKUMBA,GD,INSP,"0,00",,2026,,,,,,,,,,,,
98486528,INSPEKSI TIER 1 BB19021,INST1,GD01.06302587,,32740.INSPEKSI2,ULP.32740,COMP,ULP BANTAENG,,19/06/2026,,KURANG,P_LEMBANG,24/06/2026,,,TND,Jun,UP3 BULUKUMBA,GD,INSP,"0,00",,2026,,,,,,,,,,,,
98486671,INSPEKSI TIER 1 BB19002,INST1,GD01.06302589,,32740.INSPEKSI2,ULP.32740,COMP,ULP BANTAENG,,19/06/2026,,KURANG,P_LINGKAR,24/06/2026,,,TND,Jun,UP3 BULUKUMBA,GD,INSP,"0,00",,2026,,,,,,,,,,,,
98487081,INSPEKSI TIER 1 BB19003,INST1,GD01.06302590,,32740.INSPEKSI2,ULP.32740,COMP,ULP BANTAENG,,19/06/2026,,CUKUP,P_LEMBANG,24/06/2026,,,TND,Jun,UP3 BULUKUMBA,GD,INSP,"0,00",,2026,,,,,,,,,,,,
98487209,INSPEKSI TIER 1 BB19004,INST1,GD01.06302591,,32740.INSPEKSI2,ULP.32740,COMP,ULP BANTAENG,,19/06/2026,,KURANG,P_LEMBANG,23/06/2026,,,TND,Jun,UP3 BULUKUMBA,GD,INSP,"0,00",,2026,,,,,,,,,,,,
98488182,INSPEKSI TIER 1 BB19005,INST1,GD01.06302592,,32740.INSPEKSI2,ULP.32740,COMP,ULP BANTAENG,,19/06/2026,,KURANG,P_LEMBANG,23/06/2026,,,TND,Jun,UP3 BULUKUMBA,GD,INSP,"0,00",,2026,,,,,,,,,,,,
98488368,INSPEKSI TIER 1 BB19012,INST1,GD01.06302595,,32740.INSPEKSI2,ULP.32740,COMP,ULP BANTAENG,,19/06/2026,,CUKUP,P_LEMBANG,23/06/2026,,,TND,Jun,UP3 BULUKUMBA,GD,INSP,"0,00",,2026,,,,,,,,,,,,
98501744,Perbaikan/Pergantian INSPEKSI TIER 1 SEGMEN TG.BALTAR.00105-TG.BALTAR.00135,INST1,ULP.32770,4690865,32770.INSPEKSI3,ULP.32770,COMP,ULP TANETE,,19/06/2026,,BAIK,P_BONTO BULAENG,25/06/2026,,96191902,TND,Jun,UP3 BULUKUMBA,JTM,TL,"1,85",,2026,,,,,,,,,,,,
98502039,INSPEKSI TIER 1 BJ63670,INST1,GD01.06300960,,32730.INSPEKSI1,ULP.32730,COMP,ULP JENEPONTO,,19/06/2026,,KURANG,P_PASAR KARISA,22/06/2026,,,TND,Jun,UP3 BULUKUMBA,GD,INSP,"0,00",,2026,,,,,,,,,,,,
98502418,INSPEKSI TIER 1 BJ63671,INST1,GD01.06300961,,32730.INSPEKSI1,ULP.32730,COMP,ULP JENEPONTO,,19/06/2026,,KURANG,P_PASAR KARISA,22/06/2026,,,TND,Jun,UP3 BULUKUMBA,GD,INSP,"0,00",,2026,,,,,,,,,,,,
98502608,INSPEKSI TIER 1 BJ63672,INST1,GD01.06300962,,32730.INSPEKSI1,ULP.32730,COMP,ULP JENEPONTO,,19/06/2026,,KURANG,P_PASAR KARISA,22/06/2026,,,TND,Jun,UP3 BULUKUMBA,GD,INSP,"0,00",,2026,,,,,,,,,,,,
98502875,INSPEKSI TIER 1 BJ63676,INST1,GD01.06300966,,32730.INSPEKSI1,ULP.32730,COMP,ULP JENEPONTO,,19/06/2026,,CUKUP,P_PASAR KARISA,22/06/2026,,,TND,Jun,UP3 BULUKUMBA,GD,INSP,"0,00",,2026,,,,,,,,,,,,
98503421,INSPEKSI TIER 1 BJ63683,INST1,GD01.06300973,,32730.INSPEKSI1,ULP.32730,COMP,ULP JENEPONTO,,19/06/2026,,KURANG,P_PASAR KARISA,22/06/2026,,,TND,Jun,UP3 BULUKUMBA,GD,INSP,"0,00",,2026,,,,,,,,,,,,
98503622,INSPEKSI TIER 1 BJ63684,INST1,GD01.06300974,,32730.INSPEKSI1,ULP.32730,COMP,ULP JENEPONTO,,19/06/2026,,KURANG,P_PASAR KARISA,22/06/2026,,,TND,Jun,UP3 BULUKUMBA,GD,INSP,"0,00",,2026,,,,,,,,,,,,
98503776,INSPEKSI TIER 1 BJ63695,INST1,GD01.06300985,,32730.INSPEKSI1,ULP.32730,COMP,ULP JENEPONTO,,19/06/2026,,KURANG,P_PASAR KARISA,22/06/2026,,,TND,Jun,UP3 BULUKUMBA,GD,INSP,"0,00",,2026,,,,,,,,,,,,
98503887,INSPEKSI TIER 1 BJ11002,INST1,GD01.06301019,,32730.INSPEKSI1,ULP.32730,COMP,ULP JENEPONTO,,19/06/2026,,KURANG,P_BATANG,22/06/2026,,,TND,Jun,UP3 BULUKUMBA,GD,INSP,"0,00",,2026,,,,,,,,,,,,
98504003,INSPEKSI TIER 1 BJ11019,INST1,GD01.06301036,,32730.INSPEKSI1,ULP.32730,COMP,ULP JENEPONTO,,19/06/2026,,KURANG,P_BATANG,22/06/2026,,,TND,Jun,UP3 BULUKUMBA,GD,INSP,"0,00",,2026,,,,,,,,,,,,
98504230,INSPEKSI TIER 1 BJ11020,INST1,GD01.06301037,,32730.INSPEKSI1,ULP.32730,COMP,ULP JENEPONTO,,19/06/2026,,CUKUP,P_BATANG,22/06/2026,,,TND,Jun,UP3 BULUKUMBA,GD,INSP,"0,00",,2026,,,,,,,,,,,,
98507995,Perbaikan/Pergantian INSPEKSI TIER 1 SEGMEN TG.BLOE.00193.R0274.R0055-TG.BLOE.00193.R0274.R0088,INST1,ULP.32730,4691146,32730.INSPEKSI3,ULP.32730,COMP,ULP JENEPONTO,,19/06/2026,,BAIK,P_PASAR KARISA,26/06/2026,,95553856,TND,Jun,UP3 BULUKUMBA,JTM,TL,"1,67",,2026,,,,,,,,,,,,
98508466,Perbaikan/Pergantian INSPEKSI TIER 1 SEGMEN TG.PUNGGAWA.00001-TG.PUNGGAWA.00001.L0007,INST1,ULP.32730,22260623,32730.INSPEKSI2,ULP.32730,COMP,ULP JENEPONTO,,19/06/2026,,BAIK,P_PUNGGAWA,24/06/2026,,96253746,TND,Jun,UP3 BULUKUMBA,JTM,TL,"0,35",,2026,,,,,,,,,,,,
98510854,INSPEKSI TIER 1 BJ11021,INST1,GD01.06301038,,32730.INSPEKSI1,ULP.32730,COMP,ULP JENEPONTO,,19/06/2026,,KURANG,P_BATANG,22/06/2026,,,TND,Jun,UP3 BULUKUMBA,GD,INSP,"0,00",,2026,,,,,,,,,,,,
98511075,INSPEKSI TIER 1 BJ11022,INST1,GD01.06301039,,32730.INSPEKSI1,ULP.32730,COMP,ULP JENEPONTO,,19/06/2026,,KURANG,P_BATANG,22/06/2026,,,TND,Jun,UP3 BULUKUMBA,GD,INSP,"0,00",,2026,,,,,,,,,,,,
98511381,INSPEKSI TIER 1 BJ11023,INST1,GD01.06301040,,32730.INSPEKSI1,ULP.32730,COMP,ULP JENEPONTO,,19/06/2026,,KURANG,P_BATANG,22/06/2026,,,TND,Jun,UP3 BULUKUMBA,GD,INSP,"0,00",,2026,,,,,,,,,,,,
98511715,INSPEKSI TIER 1 BJ11024,INST1,GD01.06301041,,32730.INSPEKSI1,ULP.32730,COMP,ULP JENEPONTO,,19/06/2026,,CUKUP,P_BATANG,22/06/2026,,,TND,Jun,UP3 BULUKUMBA,GD,INSP,"0,00",,2026,,,,,,,,,,,,
98512591,INSPEKSI TIER 1 BJ11034,INST1,GD01.06301051,,32730.INSPEKSI1,ULP.32730,COMP,ULP JENEPONTO,,19/06/2026,,KURANG,P_BATANG,22/06/2026,,,TND,Jun,UP3 BULUKUMBA,GD,INSP,"0,00",,2026,,,,,,,,,,,,
98514002,INSPEKSI TIER 1 BJ11051,INST1,GD01.06301068,,32730.INSPEKSI1,ULP.32730,COMP,ULP JENEPONTO,,19/06/2026,,KURANG,P_BATANG,22/06/2026,,,TND,Jun,UP3 BULUKUMBA,GD,INSP,"0,00",,2026,,,,,,,,,,,,
98515221,INSPEKSI TIER 1 BJ11056,INST1,GD01.06301073,,32730.INSPEKSI1,ULP.32730,COMP,ULP JENEPONTO,,19/06/2026,,KURANG,P_BATANG,22/06/2026,,,TND,Jun,UP3 BULUKUMBA,GD,INSP,"0,00",,2026,,,,,,,,,,,,
98516296,INSPEKSI TIER 1 BJ11063,INST1,GD01.06301080,,32730.INSPEKSI1,ULP.32730,COMP,ULP JENEPONTO,,19/06/2026,,KURANG,P_BATANG,22/06/2026,,,TND,Jun,UP3 BULUKUMBA,GD,INSP,"0,00",,2026,,,,,,,,,,,,
98517047,INSPEKSI TIER 1 BJ11067,INST1,GD01.06301084,,32730.INSPEKSI1,ULP.32730,COMP,ULP JENEPONTO,,19/06/2026,,KURANG,P_BATANG,22/06/2026,,,TND,Jun,UP3 BULUKUMBA,GD,INSP,"0,00",,2026,,,,,,,,,,,,
98517457,INSPEKSI TIER 1 BJ11070,INST1,GD01.06301087,,32730.INSPEKSI1,ULP.32730,COMP,ULP JENEPONTO,,19/06/2026,,KURANG,P_BATANG,22/06/2026,,,TND,Jun,UP3 BULUKUMBA,GD,INSP,"0,00",,2026,,,,,,,,,,,,
98517781,INSPEKSI TIER 1 BJ11076,INST1,GD01.06301093,,32730.INSPEKSI1,ULP.32730,COMP,ULP JENEPONTO,,19/06/2026,,KURANG,P_BATANG,22/06/2026,,,TND,Jun,UP3 BULUKUMBA,GD,INSP,"0,00",,2026,,,,,,,,,,,,
98520653,INSPEKSI TIER 1 SEGMEN TG.SLOHE.00131.R0074-TG.SLOHE.00131.R0074.R0006,INST1,ULP.32720,4690987,32720.INSPEKSI3,ULP.32720,COMP,ULP KALUMPANG,,19/06/2026,,BAIK,P_SAPOLOHE,30/06/2026,,,TND,Jun,UP3 BULUKUMBA,JTM,INSP,"0,20",,2026,,,,,,,,,,,,
98520671,INSPEKSI TIER 1 SEGMEN TG.SLOHE.00173.R0064-TG.SLOHE.00173.R0064.R0056,INST1,ULP.32720,4691001,32720.INSPEKSI2,ULP.32720,COMP,ULP KALUMPANG,,19/06/2026,,BAIK,P_SAPOLOHE,29/06/2026,,,TND,Jun,UP3 BULUKUMBA,JTM,INSP,"2,80",,2026,,,,,,,,,,,,
98520739,INSPEKSI TIER 1 SEGMEN TG.SLOHE.00325-TG.SLOHE.00410,INST1,ULP.32720,4691006,32720.INSPEKSI2,ULP.32720,COMP,ULP KALUMPANG,,19/06/2026,,KURANG,P_SAPOLOHE,29/06/2026,,,TND,Jun,UP3 BULUKUMBA,JTM,INSP,"4,10",,2026,,,,,,,,,,,,
98520840,INSPEKSI TIER 1 SEGMEN TG.SLOHE.00173-LBS.LAHONGKA,INST1,ULP.32720,4691002,32720.INSPEKSI2,ULP.32720,WFOLLOWUP,ULP KALUMPANG,,19/06/2026,,BURUK,P_SAPOLOHE,30/06/2026,,,TND,Jun,UP3 BULUKUMBA,JTM,INSP,"6,70",,2026,,,,,,,,,,,,
98530040,INSPEKSI TIER 1 BB19013,INST1,GD01.06302596,,32740.INSPEKSI2,ULP.32740,COMP,ULP BANTAENG,,21/06/2026,,CUKUP,P_LEMBANG,23/06/2026,,,TND,Jun,UP3 BULUKUMBA,GD,INSP,"0,00",,2026,,,,,,,,,,,,
98530072,INSPEKSI TIER 1 BB19010,INST1,GD01.06302599,,32740.INSPEKSI1,ULP.32740,COMP,ULP BANTAENG,,21/06/2026,,CUKUP,P_LEMBANG,22/06/2026,,,TND,Jun,UP3 BULUKUMBA,GD,INSP,"0,00",,2026,,,,,,,,,,,,
98530120,INSPEKSI TIER 1 BB19011,INST1,GD01.06302600,,32740.INSPEKSI1,ULP.32740,COMP,ULP BANTAENG,,21/06/2026,,KURANG,P_LEMBANG,22/06/2026,,,TND,Jun,UP3 BULUKUMBA,GD,INSP,"0,00",,2026,,,,,,,,,,,,
98530135,INSPEKSI TIER 1 BB19014,INST1,GD01.06302601,,32740.INSPEKSI1,ULP.32740,COMP,ULP BANTAENG,,21/06/2026,,KURANG,P_LEMBANG,22/06/2026,,,TND,Jun,UP3 BULUKUMBA,GD,INSP,"0,00",,2026,,,,,,,,,,,,
98530214,INSPEKSI TIER 1 BB19015,INST1,GD01.06302602,,32740.INSPEKSI1,ULP.32740,WFOLLOWUP,ULP BANTAENG,,21/06/2026,,BURUK,P_LEMBANG,22/06/2026,,,TND,Jun,UP3 BULUKUMBA,GD,INSP,"0,00",,2026,,,,,,,,,,,,
98530228,INSPEKSI TIER 1 BB19026,INST1,GD01.06302604,,32740.INSPEKSI1,ULP.32740,COMP,ULP BANTAENG,,21/06/2026,,KURANG,P_LEMBANG,23/06/2026,,,TND,Jun,UP3 BULUKUMBA,GD,INSP,"0,00",,2026,,,,,,,,,,,,
98530299,INSPEKSI TIER 1 BB19017,INST1,GD01.06302605,,32740.INSPEKSI1,ULP.32740,COMP,ULP BANTAENG,,21/06/2026,,CUKUP,P_LEMBANG,23/06/2026,,,TND,Jun,UP3 BULUKUMBA,GD,INSP,"0,00",,2026,,,,,,,,,,,,
98530322,INSPEKSI TIER 1 BB19016,INST1,GD01.06302606,,32740.INSPEKSI1,ULP.32740,COMP,ULP BANTAENG,,21/06/2026,,KURANG,P_LEMBANG,23/06/2026,,,TND,Jun,UP3 BULUKUMBA,GD,INSP,"0,00",,2026,,,,,,,,,,,,
98530337,INSPEKSI TIER 1 BB19018,INST1,GD01.06302607,,32740.INSPEKSI1,ULP.32740,COMP,ULP BANTAENG,,21/06/2026,,KURANG,P_LEMBANG,23/06/2026,,,TND,Jun,UP3 BULUKUMBA,GD,INSP,"0,00",,2026,,,,,,,,,,,,
98530348,INSPEKSI TIER 1 BB70000,INST1,GD01.06302887,,32740.INSPEKSI1,ULP.32740,COMP,ULP BANTAENG,,21/06/2026,,CUKUP,P_LEMBANG,23/06/2026,,,TND,Jun,UP3 BULUKUMBA,GD,INSP,"0,00",,2026,,,,,,,,,,,,
98530359,INSPEKSI TIER 1 BB70001,INST1,GD01.06302888,,32740.INSPEKSI1,ULP.32740,COMP,ULP BANTAENG,,21/06/2026,,KURANG,P_LEMBANG,23/06/2026,,,TND,Jun,UP3 BULUKUMBA,GD,INSP,"0,00",,2026,,,,,,,,,,,,
98530377,INSPEKSI TIER 1 BB70002,INST1,GD01.06302889,,32740.INSPEKSI1,ULP.32740,COMP,ULP BANTAENG,,21/06/2026,,CUKUP,P_LEMBANG,23/06/2026,,,TND,Jun,UP3 BULUKUMBA,GD,INSP,"0,00",,2026,,,,,,,,,,,,
98530388,INSPEKSI TIER 1 BB70003,INST1,GD01.06302890,,32740.INSPEKSI1,ULP.32740,COMP,ULP BANTAENG,,21/06/2026,,CUKUP,P_LEMBANG,23/06/2026,,,TND,Jun,UP3 BULUKUMBA,GD,INSP,"0,00",,2026,,,,,,,,,,,,
98530432,INSPEKSI TIER 1 BB70004,INST1,GD01.06302891,,32740.INSPEKSI1,ULP.32740,COMP,ULP BANTAENG,,21/06/2026,,KURANG,P_LEMBANG,23/06/2026,,,TND,Jun,UP3 BULUKUMBA,GD,INSP,"0,00",,2026,,,,,,,,,,,,
98530446,INSPEKSI TIER 1 BB70005,INST1,GD01.06302892,,32740.INSPEKSI1,ULP.32740,COMP,ULP BANTAENG,,21/06/2026,,CUKUP,P_LEMBANG,23/06/2026,,,TND,Jun,UP3 BULUKUMBA,GD,INSP,"0,00",,2026,,,,,,,,,,,,
98531213,INSPEKSI TIER 1 BB70006,INST1,GD01.06302893,,32740.INSPEKSI1,ULP.32740,COMP,ULP BANTAENG,,21/06/2026,,KURANG,P_LEMBANG,22/06/2026,,,TND,Jun,UP3 BULUKUMBA,GD,INSP,"0,00",,2026,,,,,,,,,,,,
98531379,INSPEKSI TIER 1 BB70008,INST1,GD01.06302895,,32740.INSPEKSI1,ULP.32740,COMP,ULP BANTAENG,,21/06/2026,,KURANG,P_LEMBANG,22/06/2026,,,TND,Jun,UP3 BULUKUMBA,GD,INSP,"0,00",,2026,,,,,,,,,,,,
98531390,INSPEKSI TIER 1 BB70009,INST1,GD01.06302896,,32740.INSPEKSI1,ULP.32740,WFOLLOWUP,ULP BANTAENG,,21/06/2026,,BURUK,P_LEMBANG,22/06/2026,,,TND,Jun,UP3 BULUKUMBA,GD,INSP,"0,00",,2026,,,,,,,,,,,,
98531401,INSPEKSI TIER 1 BB70010,INST1,GD01.06302897,,32740.INSPEKSI1,ULP.32740,COMP,ULP BANTAENG,,21/06/2026,,KURANG,P_LEMBANG,23/06/2026,,,TND,Jun,UP3 BULUKUMBA,GD,INSP,"0,00",,2026,,,,,,,,,,,,
98531412,INSPEKSI TIER 1 BB70011,INST1,GD01.06302898,,32740.INSPEKSI1,ULP.32740,COMP,ULP BANTAENG,,21/06/2026,,KURANG,P_LEMBANG,23/06/2026,,,TND,Jun,UP3 BULUKUMBA,GD,INSP,"0,00",,2026,,,,,,,,,,,,
98531423,INSPEKSI TIER 1 BB70012,INST1,GD01.06302899,,32740.INSPEKSI1,ULP.32740,COMP,ULP BANTAENG,,21/06/2026,,CUKUP,P_LEMBANG,22/06/2026,,,TND,Jun,UP3 BULUKUMBA,GD,INSP,"0,00",,2026,,,,,,,,,,,,
98531437,INSPEKSI TIER 1 BB70014,INST1,GD01.06302901,,32740.INSPEKSI1,ULP.32740,WFOLLOWUP,ULP BANTAENG,,21/06/2026,,BURUK,P_LEMBANG,23/06/2026,,,TND,Jun,UP3 BULUKUMBA,GD,INSP,"0,00",,2026,,,,,,,,,,,,
98531448,INSPEKSI TIER 1 BB70015,INST1,GD01.06302902,,32740.INSPEKSI1,ULP.32740,COMP,ULP BANTAENG,,21/06/2026,,CUKUP,P_LEMBANG,22/06/2026,,,TND,Jun,UP3 BULUKUMBA,GD,INSP,"0,00",,2026,,,,,,,,,,,,
98531459,INSPEKSI TIER 1 BB70018,INST1,GD01.06302905,,32740.INSPEKSI1,ULP.32740,COMP,ULP BANTAENG,,21/06/2026,,KURANG,P_LEMBANG,22/06/2026,,,TND,Jun,UP3 BULUKUMBA,GD,INSP,"0,00",,2026,,,,,,,,,,,,
98531470,INSPEKSI TIER 1 BB70021,INST1,GD01.06302908,,32740.INSPEKSI1,ULP.32740,COMP,ULP BANTAENG,,21/06/2026,,KURANG,P_LEMBANG,22/06/2026,,,TND,Jun,UP3 BULUKUMBA,GD,INSP,"0,00",,2026,,,,,,,,,,,,
98531485,INSPEKSI TIER 1 BB70022,INST1,GD01.06302909,,32740.INSPEKSI1,ULP.32740,COMP,ULP BANTAENG,,21/06/2026,,KURANG,P_LEMBANG,22/06/2026,,,TND,Jun,UP3 BULUKUMBA,GD,INSP,"0,00",,2026,,,,,,,,,,,,
98531510,INSPEKSI TIER 1 BB70023,INST1,GD01.06302910,,32740.INSPEKSI1,ULP.32740,COMP,ULP BANTAENG,,21/06/2026,,KURANG,P_LEMBANG,26/06/2026,,,TND,Jun,UP3 BULUKUMBA,GD,INSP,"0,00",,2026,,,,,,,,,,,,
98531525,INSPEKSI TIER 1 BB70025,INST1,GD01.06302912,,32740.INSPEKSI1,ULP.32740,COMP,ULP BANTAENG,,21/06/2026,,KURANG,P_LEMBANG,22/06/2026,,,TND,Jun,UP3 BULUKUMBA,GD,INSP,"0,00",,2026,,,,,,,,,,,,
98531536,INSPEKSI TIER 1 BB70028,INST1,GD01.06302915,,32740.INSPEKSI1,ULP.32740,COMP,ULP BANTAENG,,21/06/2026,,KURANG,P_LEMBANG,22/06/2026,,,TND,Jun,UP3 BULUKUMBA,GD,INSP,"0,00",,2026,,,,,,,,,,,,
98531551,INSPEKSI TIER 1 BB70029,INST1,GD01.06302916,,32740.INSPEKSI1,ULP.32740,COMP,ULP BANTAENG,,21/06/2026,,KURANG,P_LEMBANG,23/06/2026,,,TND,Jun,UP3 BULUKUMBA,GD,INSP,"0,00",,2026,,,,,,,,,,,,
98531571,Perbaikan/Pergantian INSPEKSI TIER 1 SEGMEN TG.LITHA.00950-TG.LITHA.01061,INST1,ULP.32760,4691882,32760.INSPEKSI1,ULP.32760,WAPPR,ULP SINJAI,,21/06/2026,,,P_LITHA,21/06/2026,,96928419,TND,Jun,UP3 BULUKUMBA,JTM,TL,"5,60",,2026,,,,,,,,,,,,
98531573,Perbaikan/Pergantian INSPEKSI TIER 1 SEGMEN TG.LITHA.00950-TG.LITHA.01061,INST1,ULP.32760,4691882,32760.INSPEKSI1,ULP.32760,WAPPR,ULP SINJAI,,21/06/2026,,,P_LITHA,21/06/2026,,96933323,TND,Jun,UP3 BULUKUMBA,JTM,TL,"5,60",,2026,,,,,,,,,,,,
98531576,Perbaikan/Pergantian INSPEKSI TIER 1 SEGMEN TG.BALTAR.00074-TG.BALTAR.00103,INST1,ULP.32770,4690861,32770.INSPEKSI3,ULP.32770,COMP,ULP TANETE,,21/06/2026,,BAIK,P_BONTO BULAENG,25/06/2026,,96188930,TND,Jun,UP3 BULUKUMBA,JTM,TL,"1,50",,2026,,,,,,,,,,,,
98531592,INSPEKSI TIER 1 BT03544,INST1,GD01.06300688,,32770.INSPEKSI1,ULP.32770,WFCOMP,ULP TANETE,,21/06/2026,,CUKUP,P_UJUNGLOE,24/08/2026,,,TND,Jun,UP3 BULUKUMBA,GD,INSP,"0,00",,2026,,,,,,,,,,,,
98531603,INSPEKSI TIER 1 BT03545,INST1,GD01.06300689,,32770.INSPEKSI1,ULP.32770,WFCOMP,ULP TANETE,,21/06/2026,6/24/26 8:42 AM,CUKUP,P_UJUNGLOE,24/08/2026,,,TND,Jun,UP3 BULUKUMBA,GD,INSP,"0,00",,2026,,,,,,,,,,,,
98531625,INSPEKSI TIER 1 BT03546,INST1,GD01.06300690,,32770.INSPEKSI1,ULP.32770,COMP,ULP TANETE,,21/06/2026,,CUKUP,P_UJUNGLOE,29/06/2026,,,TND,Jun,UP3 BULUKUMBA,GD,INSP,"0,00",,2026,,,,,,,,,,,,
98531636,INSPEKSI TIER 1 BT03548,INST1,GD01.06300692,,32770.INSPEKSI1,ULP.32770,WFCOMP,ULP TANETE,,21/06/2026,,KURANG,P_UJUNGLOE,24/08/2026,,,TND,Jun,UP3 BULUKUMBA,GD,INSP,"0,00",,2026,,,,,,,,,,,,
98531647,INSPEKSI TIER 1 BT03551,INST1,GD01.06300695,,32770.INSPEKSI1,ULP.32770,WFCOMP,ULP TANETE,,21/06/2026,,KURANG,P_UJUNGLOE,24/08/2026,,,TND,Jun,UP3 BULUKUMBA,GD,INSP,"0,00",,2026,,,,,,,,,,,,
98531663,INSPEKSI TIER 1 BT01535,INST1,GD01.06300424,,32770.INSPEKSI1,ULP.32770,COMP,ULP TANETE,,21/06/2026,,KURANG,P_BINTARORE,29/06/2026,,,TND,Jun,UP3 BULUKUMBA,GD,INSP,"0,00",,2026,,,,,,,,,,,,
98531679,INSPEKSI TIER 1 BT01533,INST1,GD01.06300425,,32770.INSPEKSI1,ULP.32770,COMP,ULP TANETE,,24/06/2026,6/21/26 8:40 AM,CUKUP,P_BINTARORE,29/06/2026,,,TND,Jun,UP3 BULUKUMBA,GD,INSP,"0,00",,2026,,,,,,,,,,,,
98531690,INSPEKSI TIER 1 BT50103,INST1,GD01.06300426,,32770.INSPEKSI1,ULP.32770,COMP,ULP TANETE,,21/06/2026,,KURANG,P_BINTARORE,29/06/2026,,,TND,Jun,UP3 BULUKUMBA,GD,INSP,"0,00",,2026,,,,,,,,,,,,
98531708,INSPEKSI TIER 1 BT01502,INST1,GD01.06300427,,32770.INSPEKSI1,ULP.32770,COMP,ULP TANETE,,21/06/2026,,KURANG,P_BINTARORE,29/06/2026,,,TND,Jun,UP3 BULUKUMBA,GD,INSP,"0,00",,2026,,,,,,,,,,,,
98531768,INSPEKSI TIER 1 BT01503,INST1,GD01.06300428,,32770.INSPEKSI1,ULP.32770,WFCOMP,ULP TANETE,,21/06/2026,,KURANG,P_BINTARORE,27/08/2026,,,TND,Jun,UP3 BULUKUMBA,GD,INSP,"0,00",,2026,,,,,,,,,,,,
98531778,INSPEKSI TIER 1 BT01504,INST1,GD01.06300429,,32770.INSPEKSI1,ULP.32770,WFCOMP,ULP TANETE,,21/06/2026,,KURANG,P_BINTARORE,27/08/2026,,,TND,Jun,UP3 BULUKUMBA,GD,INSP,"0,00",,2026,,,,,,,,,,,,
98531788,INSPEKSI TIER 1 SEGMEN TG.BALTAR.00383-TG.BALTAR.00465,INST1,ULP.32770,4690889,32770.INSPEKSI1,ULP.32770,COMP,ULP TANETE,,21/06/2026,,BAIK,P_BINTARORE,21/08/2026,,,TND,Jun,UP3 BULUKUMBA,JTM,INSP,"4,20",,2026,,,,,,,,,,,,
98531915,INSPEKSI TIER 1 SEGMEN TG.BALTAR.00521.L0015-TG.BALTAR.00521.L0098,INST1,ULP.32770,4690894,32770.INSPEKSI3,ULP.32770,COMP,ULP TANETE,,21/06/2026,,BAIK,P_BINTARORE,25/06/2026,,,TND,Jun,UP3 BULUKUMBA,JTM,INSP,"4,30",,2026,,,,,,,,,,,,
98531999,SEGMEN TG.BMANAI.00294-LBS.BALOMBESSI,INST1,ULP.32770,4690899,32770.INSPEKSI3,ULP.32770,COMP,ULP TANETE,,21/06/2026,,BAIK,P_BINTARORE,25/06/2026,,,TND,Jun,UP3 BULUKUMBA,JTM,INSP,"4,30",,2026,,,,,,,,,,,,
98532100,INSPEKSI TIER 1 SEGMEN LBS.BALOMBESSI-TG.KAJANG.00223,INST1,ULP.32770,4690900,32770.INSPEKSI3,ULP.32770,WFCOMP,ULP TANETE,,21/06/2026,,,P_BINTARORE,26/06/2026,,,TND,Jun,UP3 BULUKUMBA,JTM,INSP,"5,80",,2026,,,,,,,,,,,,
98532233,INSPEKSI TIER 1 SEGMEN TG.KAJANG.00223-TG.KAJANG.00223.L0072,INST1,ULP.32770,4690901,32770.INSPEKSI3,ULP.32770,WFCOMP,ULP TANETE,,21/06/2026,,,P_BINTARORE,26/06/2026,,,TND,Jun,UP3 BULUKUMBA,JTM,INSP,"3,70",,2026,,,,,,,,,,,,
98535330,Perbaikan/Pergantian INSPEKSI TIER 1 SEGMEN TG.LITHA.00618-TG.LITHA.00618.L0100,INST1,ULP.32760,4691916,32760.INSPEKSI1,ULP.32760,WAPPR,ULP SINJAI,,22/06/2026,,,P_LITHA,22/06/2026,,96998520,TND,Jun,UP3 BULUKUMBA,JTM,TL,"0,85",,2026,,,,,,,,,,,,
98535364,Perbaikan/Pergantian INSPEKSI TIER 1 SEGMEN TG.LITHA.00618.L0217.R0077-TG.LITHA.00618.L0217.R0125,INST1,ULP.32760,4691903,32760.INSPEKSI1,ULP.32760,WAPPR,ULP SINJAI,,22/06/2026,,,P_LITHA,22/06/2026,,96983982,TND,Jun,UP3 BULUKUMBA,JTM,TL,"2,40",,2026,,,,,,,,,,,,
98535874,Perbaikan/Pergantian INSPEKSI TIER 1 SEGMEN TG.LITHA.00618.L0004-TG.LITHA.00618.L0004.L0064,INST1,ULP.32760,4691912,32760.INSPEKSI1,ULP.32760,WAPPR,ULP SINJAI,,22/06/2026,,,P_LITHA,22/06/2026,,96989001,TND,Jun,UP3 BULUKUMBA,JTM,TL,"3,20",,2026,,,,,,,,,,,,
98536683,INSPEKSI TIER 1 SEGMEN TG.ARUNGKEKE.00084.L0027.R0046-TG.ARUNGKEKE.00084.L0027.R0046.L0007,INST1,ULP.32730,4691110,32730.INSPEKSI3,ULP.32730,COMP,ULP JENEPONTO,,22/06/2026,,BAIK,P_ARUNGKEKE,24/06/2026,,,TND,Jun,UP3 BULUKUMBA,JTM,INSP,"0,30",,2026,,,,,,,,,,,,
98536963,INSPEKSI TIER 1 SEGMEN TG.BLOE.00193.R0336-TG.BLOE.00193.R0336.R0037,INST1,ULP.32730,4691150,32730.INSPEKSI3,ULP.32730,COMP,ULP JENEPONTO,,22/06/2026,,BAIK,P_PASAR KARISA,24/06/2026,,,TND,Jun,UP3 BULUKUMBA,JTM,INSP,"1,85",,2026,,,,,,,,,,,,
98537281,INSPEKSI TIER 1 SEGMEN TG.BLOE.00193.R0336.R0037-TG.BLOE.00193.R0336.R0037.R0031,INST1,ULP.32730,4691151,32730.INSPEKSI3,ULP.32730,COMP,ULP JENEPONTO,,22/06/2026,,BAIK,P_PASAR KARISA,24/06/2026,,,TND,Jun,UP3 BULUKUMBA,JTM,INSP,"1,60",,2026,,,,,,,,,,,,
98537601,INSPEKSI TIER 1 SEGMEN TG.BLOE.00193.R0336.R0037-TG.BLOE.00193.R0336.R0084,INST1,ULP.32730,4691152,32730.INSPEKSI3,ULP.32730,COMP,ULP JENEPONTO,,22/06/2026,,BAIK,P_PASAR KARISA,24/06/2026,,,TND,Jun,UP3 BULUKUMBA,JTM,INSP,"2,30",,2026,,,,,,,,,,,,
98538092,INSPEKSI TIER 1 SEGMEN TG.BLOE.00193.R0336-TG.BLOE.00193.R0410,INST1,ULP.32730,4691153,32730.INSPEKSI3,ULP.32730,COMP,ULP JENEPONTO,,22/06/2026,,BAIK,P_PASAR KARISA,24/06/2026,,,TND,Jun,UP3 BULUKUMBA,JTM,INSP,"3,70",,2026,,,,,,,,,,,,
98538467,INSPEKSI TIER 1 SEGMEN TG.BLOE.00193-TG.BLOE.00228,INST1,ULP.32730,4691154,32730.INSPEKSI3,ULP.32730,COMP,ULP JENEPONTO,,22/06/2026,,BAIK,P_PASAR KARISA,24/06/2026,,,TND,Jun,UP3 BULUKUMBA,JTM,INSP,"1,67",,2026,,,,,,,,,,,,
98539072,INSPEKSI TIER 1 SEGMEN TG.BLOE.00228-TG.BLOE.00228.L0016,INST1,ULP.32730,4691155,32730.INSPEKSI3,ULP.32730,COMP,ULP JENEPONTO,,22/06/2026,,BAIK,P_PASAR KARISA,24/06/2026,,,TND,Jun,UP3 BULUKUMBA,JTM,INSP,"0,87",,2026,,,,,,,,,,,,
98539276,Perbaikan/Pergantian INSPEKSI TIER 1 BB19015,INST1,GD01.06302602,,32740.INSPEKSI1,ULP.32740,WAPPR,ULP BANTAENG,,22/06/2026,,,P_LEMBANG,22/06/2026,,98530214,TND,Jun,UP3 BULUKUMBA,GD,TL,"0,00",,2026,,,,,,,,,,,,
98539524,INSPEKSI TIER 1 SEGMEN TG.BLOE.00228-TG.BLOE.00229,INST1,ULP.32730,4691156,32730.INSPEKSI3,ULP.32730,COMP,ULP JENEPONTO,,22/06/2026,,BAIK,P_PASAR KARISA,24/06/2026,,,TND,Jun,UP3 BULUKUMBA,JTM,INSP,"0,05",,2026,,,,,,,,,,,,
98539635,INSPEKSI TIER 1 SEGMEN TG.BLOE.00229-TG.BLOE.00229.R0018,INST1,ULP.32730,4691157,32730.INSPEKSI3,ULP.32730,COMP,ULP JENEPONTO,,22/06/2026,,BAIK,P_PASAR KARISA,24/06/2026,,,TND,Jun,UP3 BULUKUMBA,JTM,INSP,"0,89",,2026,,,,,,,,,,,,
98539704,INSPEKSI TIER 1 SEGMEN TG.BLOE.00229-TG.BLOE.00265,INST1,ULP.32730,4691158,32730.INSPEKSI3,ULP.32730,COMP,ULP JENEPONTO,,22/06/2026,,BAIK,P_PASAR KARISA,24/06/2026,,,TND,Jun,UP3 BULUKUMBA,JTM,INSP,"1,84",,2026,,,,,,,,,,,,
98540064,INSPEKSI TIER 1 SEGMEN TG.BLOE.00265-TG.BLOE.00265.L0064,INST1,ULP.32730,4691159,32730.INSPEKSI3,ULP.32730,COMP,ULP JENEPONTO,,22/06/2026,,BAIK,P_PASAR KARISA,24/06/2026,,,TND,Jun,UP3 BULUKUMBA,JTM,INSP,"3,24",,2026,,,,,,,,,,,,
98540065,Perbaikan/Pergantian INSPEKSI TIER 1 BB72558,INST1,GD01.06302415,,32740.INSPEKSI1,ULP.32740,WAPPR,ULP BANTAENG,,22/06/2026,,,P_LEMBANG,22/06/2026,,98356578,TND,Jun,UP3 BULUKUMBA,GD,TL,"0,00",,2026,,,,,,,,,,,,
98540346,INSPEKSI TIER 1 SEGMEN TG.BLOE.00265.L0064-TG.BLOE.00265.L0064.L0006,INST1,ULP.32730,4691160,32730.INSPEKSI3,ULP.32730,COMP,ULP JENEPONTO,,22/06/2026,,BAIK,P_PASAR KARISA,23/06/2026,,,TND,Jun,UP3 BULUKUMBA,JTM,INSP,"0,21",,2026,,,,,,,,,,,,
98540407,INSPEKSI TIER 1 SEGMEN TG.BLOE.00265.L0064-TG.BLOE.00265.L0123,INST1,ULP.32730,4691161,32730.INSPEKSI3,ULP.32730,COMP,ULP JENEPONTO,,22/06/2026,,BAIK,P_PASAR KARISA,24/06/2026,,,TND,Jun,UP3 BULUKUMBA,JTM,INSP,"3,60",,2026,,,,,,,,,,,,
98540675,INSPEKSI TIER 1 SEGMEN TG.BLOE.00265-TG.BLOE.00274,INST1,ULP.32730,4691162,32730.INSPEKSI3,ULP.32730,COMP,ULP JENEPONTO,,22/06/2026,,BAIK,P_PASAR KARISA,23/06/2026,,,TND,Jun,UP3 BULUKUMBA,JTM,INSP,"0,48",,2026,,,,,,,,,,,,
98541004,INSPEKSI TIER 1 SEGMEN TG.BLOE.00274-TG.BLOE.00274.R0030,INST1,ULP.32730,4691163,32730.INSPEKSI3,ULP.32730,COMP,ULP JENEPONTO,,22/06/2026,,BAIK,P_PASAR KARISA,24/06/2026,,,TND,Jun,UP3 BULUKUMBA,JTM,INSP,"1,64",,2026,,,,,,,,,,,,
98541372,INSPEKSI TIER 1 SEGMEN TG.BLOE.00274-TG.BLOE.00359,INST1,ULP.32730,4691164,32730.INSPEKSI3,ULP.32730,COMP,ULP JENEPONTO,,22/06/2026,,BAIK,P_PASAR KARISA,24/06/2026,,,TND,Jun,UP3 BULUKUMBA,JTM,INSP,"4,52",,2026,,,,,,,,,,,,
98542192,INSPEKSI TIER 1 SEGMEN TG.BLOE.00359-TG.BLOE.00359.R0008,INST1,ULP.32730,4691165,32730.INSPEKSI3,ULP.32730,COMP,ULP JENEPONTO,,22/06/2026,,BAIK,P_PASAR KARISA,23/06/2026,,,TND,Jun,UP3 BULUKUMBA,JTM,INSP,"0,52",,2026,,,,,,,,,,,,
98542558,INSPEKSI TIER 1 SEGMEN TG.ARUNGKEKE.00084.L0027-LBS.TOGOTOGO,INST1,ULP.32730,4691111,32730.INSPEKSI2,ULP.32730,COMP,ULP JENEPONTO,,22/06/2026,,CUKUP,P_ARUNGKEKE,25/06/2026,,,TND,Jun,UP3 BULUKUMBA,JTM,INSP,"4,15",,2026,,,,,,,,,,,,
98542817,INSPEKSI TIER 1 SEGMEN TG.ARUNGKEKE.00084-TG.ARUNGKEKE.00127,INST1,ULP.32730,4691112,32730.INSPEKSI2,ULP.32730,WFOLLOWUP,ULP JENEPONTO,,22/06/2026,,BURUK,P_ARUNGKEKE,25/06/2026,,,TND,Jun,UP3 BULUKUMBA,JTM,INSP,"2,09",,2026,,,,,,,,,,,,
98543040,INSPEKSI TIER 1 SEGMEN TG.ARUNGKEKE.00127-TG.ARUNGKEKE.00127.L0014,INST1,ULP.32730,4691113,32730.INSPEKSI2,ULP.32730,COMP,ULP JENEPONTO,,22/06/2026,,BAIK,P_ARUNGKEKE,24/06/2026,,,TND,Jun,UP3 BULUKUMBA,JTM,INSP,"0,74",,2026,,,,,,,,,,,,
98543127,INSPEKSI TIER 1 SEGMEN TG.ARUNGKEKE.00127-LBS.BULOBULO,INST1,ULP.32730,4691114,32730.INSPEKSI2,ULP.32730,COMP,ULP JENEPONTO,,22/06/2026,,BAIK,P_ARUNGKEKE,25/06/2026,,,TND,Jun,UP3 BULUKUMBA,JTM,INSP,"1,16",,2026,,,,,,,,,,,,
98543292,INSPEKSI TIER 1 SEGMEN LBS.BULOBULO-TG.ARUNGKEKE.00155,INST1,ULP.32730,4691115,32730.INSPEKSI2,ULP.32730,COMP,ULP JENEPONTO,,22/06/2026,,BAIK,P_ARUNGKEKE,24/06/2026,,,TND,Jun,UP3 BULUKUMBA,JTM,INSP,"0,05",,2026,,,,,,,,,,,,
98543632,INSPEKSI TIER 1 SEGMEN TG.ARUNGKEKE.00155-TG.ARUNGKEKE.00155.R0005,INST1,ULP.32730,4691116,32730.INSPEKSI2,ULP.32730,COMP,ULP JENEPONTO,,22/06/2026,,BAIK,P_ARUNGKEKE,24/06/2026,,,TND,Jun,UP3 BULUKUMBA,JTM,INSP,"0,18",,2026,,,,,,,,,,,,
98543823,INSPEKSI TIER 1 SEGMEN TG.ARUNGKEKE.00006-TG.ARUNGKEKE.00084,INST1,ULP.32730,4691105,32730.INSPEKSI2,ULP.32730,COMP,ULP JENEPONTO,,22/06/2026,,BAIK,P_ARUNGKEKE,25/06/2026,,,TND,Jun,UP3 BULUKUMBA,JTM,INSP,"4,02",,2026,,,,,,,,,,,,
98544385,INSPEKSI TIER 1 SEGMEN TG.ARUNGKEKE.00155-REC.BONTANG,INST1,ULP.32730,4691117,32730.INSPEKSI2,ULP.32730,WFCOMP,ULP JENEPONTO,,22/06/2026,,BAIK,P_ARUNGKEKE,26/06/2026,,,TND,Jun,UP3 BULUKUMBA,JTM,INSP,"6,03",,2026,,,,,,,,,,,,
98544835,INSPEKSI TIER 1 SEGMEN REC.BONTANG-LBS.PELITA,INST1,ULP.32730,4691118,32730.INSPEKSI2,ULP.32730,WFOLLOWUP,ULP JENEPONTO,,22/06/2026,,BURUK,P_ARUNGKEKE,25/06/2026,,,TND,Jun,UP3 BULUKUMBA,JTM,INSP,"2,13",,2026,,,,,,,,,,,,
98545120,INSPEKSI TIER 1 SEGMEN LBS.PELITA-LBS.BELOKALLONG,INST1,ULP.32730,4691119,32730.INSPEKSI2,ULP.32730,COMP,ULP JENEPONTO,,22/06/2026,,BAIK,P_ARUNGKEKE,24/06/2026,,,TND,Jun,UP3 BULUKUMBA,JTM,INSP,"0,31",,2026,,,,,,,,,,,,
98545225,INSPEKSI TIER 1 SEGMEN LBS.BELOKALLONG-TG.ARUNGKEKE.00365,INST1,ULP.32730,4691120,32730.INSPEKSI2,ULP.32730,WFCOMP,ULP JENEPONTO,,22/06/2026,,BAIK,P_ARUNGKEKE,26/06/2026,,,TND,Jun,UP3 BULUKUMBA,JTM,INSP,"0,94",,2026,,,,,,,,,,,,
98545433,INSPEKSI TIER 1 SEGMEN TG.PAJUKUKANG.00064-TG.PAJUKUKANG.00064.R0002,INST1,ULP.32710,4691425,32710.INSPEKSI1,ULP.32710,COMP,ULP PANRITA LOPI,,22/06/2026,,BAIK,P_PAJUKUKANG,24/06/2026,,,TND,Jun,UP3 BULUKUMBA,JTM,INSP,"0,10",,2026,,,,,,,,,,,,
98545490,INSPEKSI TIER 1 SEGMEN TG.PAJUKUKANG.00064-TG.PAJUKUKANG.00078,INST1,ULP.32710,4691426,32710.INSPEKSI1,ULP.32710,COMP,ULP PANRITA LOPI,,22/06/2026,,BAIK,P_PAJUKUKANG,24/06/2026,,,TND,Jun,UP3 BULUKUMBA,JTM,INSP,"0,70",,2026,,,,,,,,,,,,
98545671,INSPEKSI TIER 1 SEGMEN TG.PAJUKUKANG.00078-TG.PAJUKUKANG.00078.R0002,INST1,ULP.32710,4691427,32710.INSPEKSI1,ULP.32710,COMP,ULP PANRITA LOPI,,22/06/2026,,BAIK,P_PAJUKUKANG,24/06/2026,,,TND,Jun,UP3 BULUKUMBA,JTM,INSP,"0,10",,2026,,,,,,,,,,,,
98545687,INSPEKSI TIER 1 SEGMEN TG.PAJUKUKANG.00078-TG.PAJUKUKANG.00094,INST1,ULP.32710,4691428,32710.INSPEKSI1,ULP.32710,COMP,ULP PANRITA LOPI,,22/06/2026,,BAIK,P_PAJUKUKANG,24/06/2026,,,TND,Jun,UP3 BULUKUMBA,JTM,INSP,"0,80",,2026,,,,,,,,,,,,
98545857,INSPEKSI TIER 1 SEGMEN TG.PAJUKUKANG.00094-TG.PAJUKUKANG.00094.L0002,INST1,ULP.32710,4691429,32710.INSPEKSI1,ULP.32710,COMP,ULP PANRITA LOPI,,22/06/2026,,BAIK,P_PAJUKUKANG,24/06/2026,,,TND,Jun,UP3 BULUKUMBA,JTM,INSP,"0,10",,2026,,,,,,,,,,,,
98545881,INSPEKSI TIER 1 SEGMEN TG.PAJUKUKANG.00094-TG.PAJUKUKANG.00094.R0083,INST1,ULP.32710,4691430,32710.INSPEKSI1,ULP.32710,COMP,ULP PANRITA LOPI,,22/06/2026,,BAIK,P_PAJUKUKANG,24/06/2026,,,TND,Jun,UP3 BULUKUMBA,JTM,INSP,"4,50",,2026,,,,,,,,,,,,
98546297,INSPEKSI TIER 1 SEGMEN TG.PAJUKUKANG.00094-TG.PAJUKUKANG.00105,INST1,ULP.32710,4691431,32710.INSPEKSI1,ULP.32710,COMP,ULP PANRITA LOPI,,22/06/2026,,BAIK,P_PAJUKUKANG,24/06/2026,,,TND,Jun,UP3 BULUKUMBA,JTM,INSP,"0,55",,2026,,,,,,,,,,,,
98546466,INSPEKSI TIER 1 SEGMEN TG.PAJUKUKANG.00105.R0086-TG.PAJUKUKANG.00105.R0086.L0039,INST1,ULP.32710,4691432,32710.INSPEKSI1,ULP.32710,COMP,ULP PANRITA LOPI,,22/06/2026,,BAIK,P_PAJUKUKANG,24/06/2026,,,TND,Jun,UP3 BULUKUMBA,JTM,INSP,"1,95",,2026,,,,,,,,,,,,
98546646,INSPEKSI TIER 1 SEGMEN TG.PAJUKUKANG.00105.R0086-TG.PAJUKUKANG.00105.R0086.R0024,INST1,ULP.32710,4691433,32710.INSPEKSI1,ULP.32710,COMP,ULP PANRITA LOPI,,22/06/2026,,BAIK,P_PAJUKUKANG,24/06/2026,,,TND,Jun,UP3 BULUKUMBA,JTM,INSP,"1,20",,2026,,,,,,,,,,,,
98546827,INSPEKSI TIER 1 SEGMEN TG.PAJUKUKANG.00105-TG.PAJUKUKANG.00105.R0086,INST1,ULP.32710,4691434,32710.INSPEKSI1,ULP.32710,WFOLLOWUP,ULP PANRITA LOPI,,22/06/2026,,BURUK,P_PAJUKUKANG,24/06/2026,,,TND,Jun,UP3 BULUKUMBA,JTM,INSP,"4,20",,2026,,,,,,,,,,,,
98547178,INSPEKSI TIER 1 SEGMEN TG.PAJUKUKANG.00105-TG.PAJUKUKANG.00107,INST1,ULP.32710,4691435,32710.INSPEKSI1,ULP.32710,COMP,ULP PANRITA LOPI,,22/06/2026,,BAIK,P_PAJUKUKANG,24/06/2026,,,TND,Jun,UP3 BULUKUMBA,JTM,INSP,"0,10",,2026,,,,,,,,,,,,
98547517,INSPEKSI TIER 1 SEGMEN TG.NENAS.00013-TG.NENAS.00013.R0025,INST1,ULP.32710,4691447,32710.INSPEKSI1,ULP.32710,COMP,ULP PANRITA LOPI,,22/06/2026,,BAIK,P_MATTEKO,24/06/2026,,,TND,Jun,UP3 BULUKUMBA,JTM,INSP,"0,85",,2026,,,,,,,,,,,,
98548030,INSPEKSI TIER 1 SEGMEN TG.PAJUKUKANG.00125-TG.PAJUKUKANG.00143,INST1,ULP.32710,4691443,32710.INSPEKSI1,ULP.32710,COMP,ULP PANRITA LOPI,,22/06/2026,,BAIK,P_PAJUKUKANG,24/06/2026,,,TND,Jun,UP3 BULUKUMBA,JTM,INSP,"0,90",,2026,,,,,,,,,,,,
98548239,INSPEKSI TIER 1 SEGMEN TG.PAJUKUKANG.00125-TG.PAJUKUKANG.00125.R0066,INST1,ULP.32710,4691442,32710.INSPEKSI1,ULP.32710,COMP,ULP PANRITA LOPI,,22/06/2026,,BAIK,P_PAJUKUKANG,24/06/2026,,,TND,Jun,UP3 BULUKUMBA,JTM,INSP,"3,30",,2026,,,,,,,,,,,,
98548358,INSPEKSI TIER 1 SEGMEN TG.PAJUKUKANG.00125-TG.PAJUKUKANG.00125.L0003,INST1,ULP.32710,4691441,32710.INSPEKSI1,ULP.32710,COMP,ULP PANRITA LOPI,,22/06/2026,,BAIK,P_PAJUKUKANG,24/06/2026,,,TND,Jun,UP3 BULUKUMBA,JTM,INSP,"0,15",,2026,,,,,,,,,,,,
98548459,INSPEKSI TIER 1 SEGMEN TG.PAJUKUKANG.00125-TG.PAJUKUKANG.00125.L0002,INST1,ULP.32710,4691440,32710.INSPEKSI1,ULP.32710,COMP,ULP PANRITA LOPI,,22/06/2026,,BAIK,P_PAJUKUKANG,24/06/2026,,,TND,Jun,UP3 BULUKUMBA,JTM,INSP,"0,10",,2026,,,,,,,,,,,,
98548672,INSPEKSI TIER 1 SEGMEN TG.PAJUKUKANG.00121-TG.PAJUKUKANG.00125,INST1,ULP.32710,4691439,32710.INSPEKSI1,ULP.32710,COMP,ULP PANRITA LOPI,,22/06/2026,,BAIK,P_PAJUKUKANG,24/06/2026,,,TND,Jun,UP3 BULUKUMBA,JTM,INSP,"0,20",,2026,,,,,,,,,,,,
98548913,INSPEKSI TIER 1 SEGMEN TG.PAJUKUKANG.00121-TG.PAJUKUKANG.00121.L0005,INST1,ULP.32710,4691438,32710.INSPEKSI1,ULP.32710,COMP,ULP PANRITA LOPI,,22/06/2026,,BAIK,P_PAJUKUKANG,24/06/2026,,,TND,Jun,UP3 BULUKUMBA,JTM,INSP,"0,25",,2026,,,,,,,,,,,,
98549018,INSPEKSI TIER 1 SEGMEN TG.PAJUKUKANG.00107-TG.PAJUKUKANG.00121,INST1,ULP.32710,4691437,32710.INSPEKSI1,ULP.32710,COMP,ULP PANRITA LOPI,,22/06/2026,,BAIK,P_PAJUKUKANG,24/06/2026,,,TND,Jun,UP3 BULUKUMBA,JTM,INSP,"0,70",,2026,,,,,,,,,,,,
98549216,INSPEKSI TIER 1 SEGMEN TG.PAJUKUKANG.00107-TG.PAJUKUKANG.00107.R0027,INST1,ULP.32710,4691436,32710.INSPEKSI1,ULP.32710,COMP,ULP PANRITA LOPI,,22/06/2026,,BAIK,P_PAJUKUKANG,24/06/2026,,,TND,Jun,UP3 BULUKUMBA,JTM,INSP,"1,35",,2026,,,,,,,,,,,,
98557050,INSPEKSI TIER 1 SEGMEN TG.TULANG.00001-TG.TULANG.00091,INST1,ULP.32750,4690741,32750.INSPEKSI3,ULP.32750,COMP,ULP SELAYAR,,22/06/2026,,BAIK,P_BONTOBUKI,27/06/2026,,,TND,Jun,UP3 BULUKUMBA,JTM,INSP,"4,35",,2026,,,,,,,,,,,,
98557222,INSPEKSI TIER 1 SEGMEN TG.TULANG.00091-TG.TULANG.00168,INST1,ULP.32750,4690742,32750.INSPEKSI3,ULP.32750,COMP,ULP SELAYAR,,22/06/2026,,BAIK,P_BONTOBUKI,27/06/2026,,,TND,Jun,UP3 BULUKUMBA,JTM,INSP,"3,85",,2026,,,,,,,,,,,,
98558178,INSPEKSI TIER 1 SEGMEN TG.TULANG.00168-TG.TULANG.00204,INST1,ULP.32750,4690744,32750.INSPEKSI3,ULP.32750,COMP,ULP SELAYAR,,22/06/2026,,BAIK,P_BONTOBUKI,27/06/2026,,,TND,Jun,UP3 BULUKUMBA,JTM,INSP,"1,80",,2026,,,,,,,,,,,,
98558329,INSPEKSI TIER 1 SEGMEN TG.TULANG.00204-TG.TULANG.00204.L0025,INST1,ULP.32750,4690745,32750.INSPEKSI3,ULP.32750,COMP,ULP SELAYAR,,22/06/2026,,BAIK,P_BONTOBUKI,27/06/2026,,,TND,Jun,UP3 BULUKUMBA,JTM,INSP,"1,25",,2026,,,,,,,,,,,,
98558645,INSPEKSI TIER 1 SEGMEN TG.TULANG.00205-TG.TULANG.00293,INST1,ULP.32750,4690746,32750.INSPEKSI3,ULP.32750,COMP,ULP SELAYAR,,22/06/2026,,BAIK,P_BONTOBUKI,27/06/2026,,,TND,Jun,UP3 BULUKUMBA,JTM,INSP,"4,45",,2026,,,,,,,,,,,,
98558810,INSPEKSI TIER 1 SEGMEN TG.TULANG.00293-TG.TULANG.00293.L0140,INST1,ULP.32750,4690747,32750.INSPEKSI3,ULP.32750,COMP,ULP SELAYAR,,22/06/2026,,KURANG,P_BONTOBUKI,27/06/2026,,,TND,Jun,UP3 BULUKUMBA,JTM,INSP,"7,00",,2026,,,,,,,,,,,,
98559147,INSPEKSI TIER 1 SEGMEN TG.TULANG.00293-TG.TULANG.00307,INST1,ULP.32750,4690748,32750.INSPEKSI3,ULP.32750,COMP,ULP SELAYAR,,22/06/2026,,BAIK,P_BONTOBUKI,27/06/2026,,,TND,Jun,UP3 BULUKUMBA,JTM,INSP,"0,70",,2026,,,,,,,,,,,,
98559352,INSPEKSI TIER 1 SEGMEN TG.TULANG.00307-TG.TULANG.00307.L0022,INST1,ULP.32750,4690749,32750.INSPEKSI3,ULP.32750,COMP,ULP SELAYAR,,22/06/2026,,CUKUP,P_BONTOBUKI,27/06/2026,,,TND,Jun,UP3 BULUKUMBA,JTM,INSP,"1,10",,2026,,,,,,,,,,,,
98559427,INSPEKSI TIER 1 SEGMEN TG.TULANG.00307-TG.TULANG.00324,INST1,ULP.32750,4690750,32750.INSPEKSI3,ULP.32750,COMP,ULP SELAYAR,,22/06/2026,,BAIK,P_BONTOBUKI,27/06/2026,,,TND,Jun,UP3 BULUKUMBA,JTM,INSP,"0,85",,2026,,,,,,,,,,,,
98559459,INSPEKSI TIER 1 SEGMEN TG.TULANG.00324-TG.TULANG.00347,INST1,ULP.32750,4690751,32750.INSPEKSI3,ULP.32750,COMP,ULP SELAYAR,,22/06/2026,,BAIK,P_BONTOBUKI,27/06/2026,,,TND,Jun,UP3 BULUKUMBA,JTM,INSP,"1,15",,2026,,,,,,,,,,,,
98559516,INSPEKSI TIER 1 SEGMEN TG.TULANG.00347-TG.TULANG.00347.L0004,INST1,ULP.32750,4690752,32750.INSPEKSI3,ULP.32750,COMP,ULP SELAYAR,,22/06/2026,,BAIK,P_BONTOBUKI,26/06/2026,,,TND,Jun,UP3 BULUKUMBA,JTM,INSP,"0,20",,2026,,,,,,,,,,,,
98562149,INSPEKSI TIER 1 SEGMEN TG.TULANG.00347-TG.TULANG.00361,INST1,ULP.32750,4690753,32750.INSPEKSI3,ULP.32750,COMP,ULP SELAYAR,,22/06/2026,,BAIK,P_BONTOBUKI,26/06/2026,,,TND,Jun,UP3 BULUKUMBA,JTM,INSP,"0,70",,2026,,,,,,,,,,,,
98562208,INSPEKSI TIER 1 SEGMEN TG.EREMERATA.00001 - TG.EREMERATA.00037,INST1,ULP.32750,4690754,32750.INSPEKSI3,ULP.32750,WFCOMP,ULP SELAYAR,,22/06/2026,,BAIK,P_EREMATA,24/08/2026,,,TND,Jun,UP3 BULUKUMBA,JTM,INSP,"1,85",,2026,,,,,,,,,,,,
98562527,INSPEKSI TIER 1 SEGMEN TG.EREMERATA.00037 - TG.EREMERATA.00037.R0019,INST1,ULP.32750,4690755,32750.INSPEKSI3,ULP.32750,COMP,ULP SELAYAR,,22/06/2026,,BAIK,P_EREMATA,26/06/2026,,,TND,Jun,UP3 BULUKUMBA,JTM,INSP,"0,95",,2026,,,,,,,,,,,,
98562571,Perbaikan/Pergantian INSPEKSI TIER 1 BB70009,INST1,GD01.06302896,,32740.INSPEKSI1,ULP.32740,WAPPR,ULP BANTAENG,,22/06/2026,,,P_LEMBANG,22/06/2026,,98531390,TND,Jun,UP3 BULUKUMBA,GD,TL,"0,00",,2026,,,,,,,,,,,,
98562804,INSPEKSI TIER 1 SEGMEN TG.EREMERATA.00037 - TG.EREMERATA.00058,INST1,ULP.32750,4690756,32750.INSPEKSI3,ULP.32750,COMP,ULP SELAYAR,,22/06/2026,,BAIK,P_EREMATA,26/06/2026,,,TND,Jun,UP3 BULUKUMBA,JTM,INSP,"1,05",,2026,,,,,,,,,,,,
98563763,Perbaikan/Pergantian INSPEKSI TIER 1 SEGMEN TG.BALTAR.00074-TG.BALTAR.00074.R0063,INST1,ULP.32770,4690860,32770.INSPEKSI3,ULP.32770,COMP,ULP TANETE,,22/06/2026,6/22/26 7:49 AM,BAIK,P_BONTO BULAENG,25/06/2026,,96188562,TND,Jun,UP3 BULUKUMBA,JTM,TL,"3,40",,2026,,,,,,,,,,,,
98563766,Perbaikan/Pergantian INSPEKSI TIER 1 SEGMEN TG.BALTAR.00103-TG.BALTAR.00103.L0059,INST1,ULP.32770,4690862,32770.INSPEKSI3,ULP.32770,COMP,ULP TANETE,,22/06/2026,6/22/26 7:51 AM,BAIK,P_BONTO BULAENG,25/06/2026,,96189509,TND,Jun,UP3 BULUKUMBA,JTM,TL,"3,20",,2026,,,,,,,,,,,,
98563773,Perbaikan/Pergantian INSPEKSI TIER 1 SEGMEN TG.BALTAR.00105-TG.BALTAR.00105.R0070,INST1,ULP.32770,4690864,32770.INSPEKSI3,ULP.32770,COMP,ULP TANETE,,22/06/2026,6/22/26 7:52 AM,BAIK,P_BONTO BULAENG,25/06/2026,,96191747,TND,Jun,UP3 BULUKUMBA,JTM,TL,"3,80",,2026,,,,,,,,,,,,
98570762,Perbaikan/Pergantian INSPEKSI TIER 1 BB70014,INST1,GD01.06302901,,32740.INSPEKSI1,ULP.32740,WAPPR,ULP BANTAENG,,23/06/2026,,,P_LEMBANG,23/06/2026,,98531437,TND,Jun,UP3 BULUKUMBA,GD,TL,"0,00",,2026,,,,,,,,,,,,
98578685,INSPEKSI TIER 1 BS60001,INST1,GD01.06301835,,32760.INSPEKSI2,ULP.32760,COMP,ULP SINJAI,,23/06/2026,,BAIK,P_MATUMPU,23/06/2026,,,TND,Jun,UP3 BULUKUMBA,GD,INSP,"0,00",,2026,,,,,,,,,,,,
98582990,INSPEKSI TIER 1 BS60002,INST1,GD01.06301836,,32760.INSPEKSI2,ULP.32760,COMP,ULP SINJAI,,23/06/2026,,KURANG,P_MATUMPU,23/06/2026,,,TND,Jun,UP3 BULUKUMBA,GD,INSP,"0,00",,2026,,,,,,,,,,,,
98586275,INSPEKSI TIER 1 BS60005,INST1,GD01.06301839,,32760.INSPEKSI2,ULP.32760,COMP,ULP SINJAI,,23/06/2026,,KURANG,P_MATUMPU,23/06/2026,,,TND,Jun,UP3 BULUKUMBA,GD,INSP,"0,00",,2026,,,,,,,,,,,,
98586873,INSPEKSI TIER 1 BS60008,INST1,GD01.06301842,,32760.INSPEKSI2,ULP.32760,COMP,ULP SINJAI,,23/06/2026,,KURANG,P_MATUMPU,23/06/2026,,,TND,Jun,UP3 BULUKUMBA,GD,INSP,"0,00",,2026,,,,,,,,,,,,
98590248,INSPEKSI TIER 1 BS60011,INST1,GD01.06301845,,32760.INSPEKSI2,ULP.32760,COMP,ULP SINJAI,,23/06/2026,,KURANG,P_MATUMPU,23/06/2026,,,TND,Jun,UP3 BULUKUMBA,GD,INSP,"0,00",,2026,,,,,,,,,,,,
98608966,INSPEKSI TIER 1 BS60012,INST1,GD01.06301846,,32760.INSPEKSI2,ULP.32760,COMP,ULP SINJAI,,23/06/2026,,KURANG,P_MATUMPU,23/06/2026,,,TND,Jun,UP3 BULUKUMBA,GD,INSP,"0,00",,2026,,,,,,,,,,,,
98609675,INSPEKSI TIER 1 BS60017,INST1,GD01.06301851,,7417.INSPEKTOR.SINJAI2,ULP.32760,WINSP,ULP SINJAI,,23/06/2026,,,P_MATUMPU,23/06/2026,,,TND,Jun,UP3 BULUKUMBA,GD,INSP,"0,00",,2026,,,,,,,,,,,,
98610109,INSPEKSI TIER 1 BS60018,INST1,GD01.06301852,,32760.INSPEKSI2,ULP.32760,COMP,ULP SINJAI,,23/06/2026,,KURANG,P_MATUMPU,23/06/2026,,,TND,Jun,UP3 BULUKUMBA,GD,INSP,"0,00",,2026,,,,,,,,,,,,
98610883,INSPEKSI TIER 1 BS60-019,INST1,GD01.06301853,,32760.INSPEKSI2,ULP.32760,COMP,ULP SINJAI,,23/06/2026,,,P_MATUMPU,23/06/2026,,,TND,Jun,UP3 BULUKUMBA,GD,INSP,"0,00",,2026,,,,,,,,,,,,
98611350,INSPEKSI TIER 1 BS60-020,INST1,GD01.06301854,,32760.INSPEKSI2,ULP.32760,COMP,ULP SINJAI,,23/06/2026,,,P_MATUMPU,23/06/2026,,,TND,Jun,UP3 BULUKUMBA,GD,INSP,"0,00",,2026,,,,,,,,,,,,
98611619,INSPEKSI TIER 1 BS60-021,INST1,GD01.06301855,,32760.INSPEKSI2,ULP.32760,COMP,ULP SINJAI,,23/06/2026,,,P_MATUMPU,23/06/2026,,,TND,Jun,UP3 BULUKUMBA,GD,INSP,"0,00",,2026,,,,,,,,,,,,
98626024,INSPEKSI TIER 1 SEGMEN TG.NENAS.00013-TG.NENAS.00029,INST1,ULP.32710,4691448,32710.INSPEKSI3,ULP.32710,COMP,ULP PANRITA LOPI,,23/06/2026,,BAIK,P_MATTEKO,25/06/2026,,,TND,Jun,UP3 BULUKUMBA,JTM,INSP,"0,85",,2026,,,,,,,,,,,,
98626176,INSPEKSI TIER 1 SEGMEN TG.NENAS.00012.L0001-TG.NENAS.00012.L0002,INST1,ULP.32710,4691449,32710.INSPEKSI3,ULP.32710,COMP,ULP PANRITA LOPI,,23/06/2026,,BAIK,P_MATTEKO,25/06/2026,,,TND,Jun,UP3 BULUKUMBA,JTM,INSP,"0,90",,2026,,,,,,,,,,,,
98626510,INSPEKSI TIER 1 SEGMEN TG.KOTA TIMUR.00007.L0004-TG.KOTA TIMUR.00007.L0004.R0009,INST1,ULP.32710,4691450,32710.INSPEKSI3,ULP.32710,COMP,ULP PANRITA LOPI,,23/06/2026,,BAIK,P_MATTEKO,25/06/2026,,,TND,Jun,UP3 BULUKUMBA,JTM,INSP,"0,45",,2026,,,,,,,,,,,,
98626801,INSPEKSI TIER 1 SEGMEN TG.KOTA TIMUR.00007.L0015-TG.KOTA TIMUR.00007.L0015.L0008,INST1,ULP.32710,4691451,32710.INSPEKSI3,ULP.32710,COMP,ULP PANRITA LOPI,,23/06/2026,,BAIK,P_MATTEKO,25/06/2026,,,TND,Jun,UP3 BULUKUMBA,JTM,INSP,"0,40",,2026,,,,,,,,,,,,
98628670,INSPEKSI TIER 1 SEGMEN TG.KOTA TIMUR.00007-TG.KOTA TIMUR.00007.L0004,INST1,ULP.32710,4691452,32710.INSPEKSI3,ULP.32710,COMP,ULP PANRITA LOPI,,23/06/2026,,BAIK,P_MATTEKO,25/06/2026,,,TND,Jun,UP3 BULUKUMBA,JTM,INSP,"0,20",,2026,,,,,,,,,,,,
98629258,INSPEKSI TIER 1 SEGMEN TG.KOTA TIMUR.00007-TG.KOTA TIMUR.00007.L0015,INST1,ULP.32710,4691453,32710.INSPEKSI3,ULP.32710,COMP,ULP PANRITA LOPI,,23/06/2026,,BAIK,P_MATTEKO,25/06/2026,,,TND,Jun,UP3 BULUKUMBA,JTM,INSP,"0,55",,2026,,,,,,,,,,,,
98629415,INSPEKSI TIER 1 SEGMEN TG.KOTA TIMUR.00001-TG.KOTA TIMUR.00007,INST1,ULP.32710,4691454,32710.INSPEKSI3,ULP.32710,COMP,ULP PANRITA LOPI,,23/06/2026,,BAIK,P_MATTEKO,25/06/2026,,,TND,Jun,UP3 BULUKUMBA,JTM,INSP,"0,35",,2026,,,,,,,,,,,,
98629916,INSPEKSI TIER 1 SEGMEN TG.KOTA TIMUR.00007-TG.KOTA TIMUR.00015,INST1,ULP.32710,4691455,32710.INSPEKSI3,ULP.32710,COMP,ULP PANRITA LOPI,,23/06/2026,,BAIK,P_MATTEKO,25/06/2026,,,TND,Jun,UP3 BULUKUMBA,JTM,INSP,"0,40",,2026,,,,,,,,,,,,
98629933,INSPEKSI TIER 1 SEGMEN TG.KOTA TIMUR.00007-TG.KOTA TIMUR.00007.R0011,INST1,ULP.32710,4691456,32710.INSPEKSI3,ULP.32710,COMP,ULP PANRITA LOPI,,23/06/2026,,BAIK,P_MATTEKO,25/06/2026,,,TND,Jun,UP3 BULUKUMBA,JTM,INSP,"0,55",,2026,,,,,,,,,,,,
98629951,INSPEKSI TIER 1 SEGMEN TG.KOTA TIMUR.00007.R0011-TG.KOTA TIMUR.00007.R0046,INST1,ULP.32710,4691457,32710.INSPEKSI3,ULP.32710,COMP,ULP PANRITA LOPI,,23/06/2026,,BAIK,P_MATTEKO,25/06/2026,,,TND,Jun,UP3 BULUKUMBA,JTM,INSP,"1,80",,2026,,,,,,,,,,,,
98630007,INSPEKSI TIER 1 BS60-022,INST1,GD01.06301856,,32760.INSPEKSI2,ULP.32760,COMP,ULP SINJAI,,23/06/2026,,,P_MATUMPU,23/06/2026,,,TND,Jun,UP3 BULUKUMBA,GD,INSP,"0,00",,2026,,,,,,,,,,,,
98630019,INSPEKSI TIER 1 BS60-023,INST1,GD01.06301857,,32760.INSPEKSI2,ULP.32760,COMP,ULP SINJAI,,23/06/2026,,,P_MATUMPU,23/06/2026,,,TND,Jun,UP3 BULUKUMBA,GD,INSP,"0,00",,2026,,,,,,,,,,,,
98630022,INSPEKSI TIER 1 BS60-024,INST1,GD01.06301858,,32760.INSPEKSI2,ULP.32760,COMP,ULP SINJAI,,23/06/2026,,,P_MATUMPU,23/06/2026,,,TND,Jun,UP3 BULUKUMBA,GD,INSP,"0,00",,2026,,,,,,,,,,,,
98630029,INSPEKSI TIER 1 BS60-025,INST1,GD01.06301859,,32760.INSPEKSI2,ULP.32760,COMP,ULP SINJAI,,23/06/2026,,,P_MATUMPU,23/06/2026,,,TND,Jun,UP3 BULUKUMBA,GD,INSP,"0,00",,2026,,,,,,,,,,,,
98630031,INSPEKSI TIER 1 BS60-026,INST1,GD01.06301860,,32760.INSPEKSI2,ULP.32760,COMP,ULP SINJAI,,23/06/2026,,,P_MATUMPU,23/06/2026,,,TND,Jun,UP3 BULUKUMBA,GD,INSP,"0,00",,2026,,,,,,,,,,,,
98630032,INSPEKSI TIER 1 BS60-027,INST1,GD01.06301861,,32760.INSPEKSI2,ULP.32760,COMP,ULP SINJAI,,23/06/2026,,,P_MATUMPU,23/06/2026,,,TND,Jun,UP3 BULUKUMBA,GD,INSP,"0,00",,2026,,,,,,,,,,,,
98630033,INSPEKSI TIER 1 BS60-029,INST1,GD01.06301863,,32760.INSPEKSI2,ULP.32760,COMP,ULP SINJAI,,23/06/2026,,,P_MATUMPU,23/06/2026,,,TND,Jun,UP3 BULUKUMBA,GD,INSP,"0,00",,2026,,,,,,,,,,,,
98646531,Perbaikan/Pergantian INSPEKSI TIER 1 SEGMEN TG.ARUNGKEKE.00001-TG.ARUNGKEKE.00006,INST1,ULP.32730,4691103,32730.INSPEKSI2,ULP.32730,COMP,ULP JENEPONTO,,24/06/2026,,BAIK,P_ARUNGKEKE,26/06/2026,,98472217,TND,Jun,UP3 BULUKUMBA,JTM,TL,"0,30",,2026,,,,,,,,,,,,
98656464,INSPEKSI TIER 1 SEGMEN TG.BLOE.00359-TG.BLOE.00373,INST1,ULP.32730,4691166,32730.INSPEKSI3,ULP.32730,COMP,ULP JENEPONTO,,24/06/2026,,BAIK,P_PASAR KARISA,25/06/2026,,,TND,Jun,UP3 BULUKUMBA,JTM,INSP,"0,70",,2026,,,,,,,,,,,,
98656579,INSPEKSI TIER 1 SEGMEN TG.BLOE.00373-TG.BLOE.00376,INST1,ULP.32730,4691167,32730.INSPEKSI3,ULP.32730,COMP,ULP JENEPONTO,,24/06/2026,,BAIK,P_PASAR KARISA,25/06/2026,,,TND,Jun,UP3 BULUKUMBA,JTM,INSP,"0,17",,2026,,,,,,,,,,,,
98656631,INSPEKSI TIER 1 SEGMEN TG.BLOE.00265.L0107-TG.BLOE.00265.L0107.R0020,INST1,ULP.32730,4691168,32730.INSPEKSI3,ULP.32730,COMP,ULP JENEPONTO,,24/06/2026,,CUKUP,P_PASAR KARISA,25/06/2026,,,TND,Jun,UP3 BULUKUMBA,JTM,INSP,"1,05",,2026,,,,,,,,,,,,
98660186,INSPEKSI TIER 1 SEGMEN TG.BANTAENG.00001-TG.BANTAENG.00086,INST1,ULP.32730,4691169,32730.INSPEKSI1,ULP.32730,COMP,ULP JENEPONTO,,24/06/2026,,BAIK,P_BATANG,25/06/2026,,,TND,Jun,UP3 BULUKUMBA,JTM,INSP,"4,30",,2026,,,,,,,,,,,,
98661711,Perbaikan/Pergantian INSPEKSI TIER 1 SEGMEN TG.PAJUKUKANG.00105-TG.PAJUKUKANG.00105.R0086,INST1,ULP.32710,4691434,32710.INSPEKSI1,ULP.32710,WAPPR,ULP PANRITA LOPI,,24/06/2026,,,P_PAJUKUKANG,24/06/2026,,98546827,TND,Jun,UP3 BULUKUMBA,JTM,TL,"4,20",,2026,,,,,,,,,,,,
98664710,INSPEKSI TIER 1 SEGMEN TG.BANTAENG.00086-TG.BANTAENG.00086.L0106,INST1,ULP.32730,4691170,32730.INSPEKSI1,ULP.32730,WFCOMP,ULP JENEPONTO,,24/06/2026,6/24/26 10:00 AM,BAIK,P_BATANG,26/06/2026,,,TND,Jun,UP3 BULUKUMBA,JTM,INSP,"5,30",,2026,,,,,,,,,,,,
98665431,INSPEKSI TIER 1 SEGMEN TG.BANTAENG.00086-REC.TOGOTOGO,INST1,ULP.32730,4691171,32730.INSPEKSI1,ULP.32730,COMP,ULP JENEPONTO,,24/06/2026,6/24/26 10:00 AM,BAIK,P_BATANG,25/06/2026,,,TND,Jun,UP3 BULUKUMBA,JTM,INSP,"3,60",,2026,,,,,,,,,,,,
98666141,INSPEKSI TIER 1 SEGMEN REC.TOGOTOGO-LBS.TOGOTOGO,INST1,ULP.32730,4691172,32730.INSPEKSI1,ULP.32730,WFCOMP,ULP JENEPONTO,,24/06/2026,6/24/26 10:00 AM,BAIK,P_BATANG,26/06/2026,,,TND,Jun,UP3 BULUKUMBA,JTM,INSP,"0,70",,2026,,,,,,,,,,,,
98667567,INSPEKSI TIER 1 SEGMEN LBS.TOGOTOGO-TG.BANTAENG.00236,INST1,ULP.32730,4691173,32730.INSPEKSI1,ULP.32730,COMP,ULP JENEPONTO,,24/06/2026,6/24/26 10:00 AM,BAIK,P_BATANG,25/06/2026,,,TND,Jun,UP3 BULUKUMBA,JTM,INSP,"4,00",,2026,,,,,,,,,,,,
98668198,INSPEKSI TIER 1 SEGMEN TG.BANTAENG.00236-TG.BANTAENG.00236.R0016,INST1,ULP.32730,4691174,32730.INSPEKSI1,ULP.32730,COMP,ULP JENEPONTO,,24/06/2026,6/24/26 10:00 AM,BAIK,P_BATANG,25/06/2026,,,TND,Jun,UP3 BULUKUMBA,JTM,INSP,"0,80",,2026,,,,,,,,,,,,
98669131,INSPEKSI TIER 1 SEGMEN TG.BANTAENG.00236-TG.BANTAENG.00253,INST1,ULP.32730,4691175,32730.INSPEKSI1,ULP.32730,COMP,ULP JENEPONTO,,24/06/2026,6/24/26 10:00 AM,BAIK,P_BATANG,25/06/2026,,,TND,Jun,UP3 BULUKUMBA,JTM,INSP,"0,90",,2026,,,,,,,,,,,,
98669632,INSPEKSI TIER 1 SEGMEN TG.BANTAENG.00253-TG.BANTAENG.00253.L0012,INST1,ULP.32730,4691176,32730.INSPEKSI1,ULP.32730,WFCOMP,ULP JENEPONTO,,24/06/2026,6/24/26 10:00 AM,BAIK,P_BATANG,26/06/2026,,,TND,Jun,UP3 BULUKUMBA,JTM,INSP,"0,60",,2026,,,,,,,,,,,,
98670635,INSPEKSI TIER 1 SEGMEN TG.BANTAENG.00253.L0012-TG.BANTAENG.00253.L0095,INST1,ULP.32730,4691177,32730.INSPEKSI1,ULP.32730,COMP,ULP JENEPONTO,,24/06/2026,6/24/26 10:00 AM,BAIK,P_BATANG,25/06/2026,,,TND,Jun,UP3 BULUKUMBA,JTM,INSP,"4,20",,2026,,,,,,,,,,,,
98671271,INSPEKSI TIER 1 SEGMEN TG.BANTAENG.00253.L0095-TG.BANTAENG.00253.L0095.L0025,INST1,ULP.32730,4691178,32730.INSPEKSI1,ULP.32730,COMP,ULP JENEPONTO,,24/06/2026,6/24/26 10:00 AM,CUKUP,P_BATANG,25/06/2026,,,TND,Jun,UP3 BULUKUMBA,JTM,INSP,"1,25",,2026,,,,,,,,,,,,
98671819,INSPEKSI TIER 1 SEGMEN TG.BANTAENG.00253.L0095-TG.BANTAENG.00253.L0110,INST1,ULP.32730,4691179,32730.INSPEKSI1,ULP.32730,WFCOMP,ULP JENEPONTO,,24/06/2026,6/24/26 10:00 AM,BAIK,P_BATANG,26/06/2026,,,TND,Jun,UP3 BULUKUMBA,JTM,INSP,"0,75",,2026,,,,,,,,,,,,
98672250,INSPEKSI TIER 1 SEGMEN TG.BANTAENG.00253.L0110-LBS.BT.LEBANG,INST1,ULP.32730,4691180,32730.INSPEKSI1,ULP.32730,COMP,ULP JENEPONTO,,24/06/2026,6/24/26 10:00 AM,BAIK,P_BATANG,25/06/2026,,,TND,Jun,UP3 BULUKUMBA,JTM,INSP,"0,05",,2026,,,,,,,,,,,,
98672278,INSPEKSI TIER 1 SEGMEN LBS.BT.LEBANG-TG.BANTAENG.00253.L0110.R0018,INST1,ULP.32730,4691181,32730.INSPEKSI1,ULP.32730,WFCOMP,ULP JENEPONTO,,24/06/2026,6/24/26 10:00 AM,BAIK,P_BATANG,26/06/2026,,,TND,Jun,UP3 BULUKUMBA,JTM,INSP,"0,90",,2026,,,,,,,,,,,,
98672380,INSPEKSI TIER 1 SEGMEN TG.BANTAENG.00253.L0110.R0018-TG.BANTAENG.00253.L0110.R0018.R0021,INST1,ULP.32730,4691182,32730.INSPEKSI1,ULP.32730,COMP,ULP JENEPONTO,,24/06/2026,6/24/26 10:00 AM,BAIK,P_BATANG,25/06/2026,,,TND,Jun,UP3 BULUKUMBA,JTM,INSP,"1,05",,2026,,,,,,,,,,,,
98672507,INSPEKSI TIER 1 SEGMEN TG.BANTAENG.00253.L0110.R0157-TG.BANTAENG.00253.L0110.R0157.L0017,INST1,ULP.32730,4691184,32730.INSPEKSI1,ULP.32730,COMP,ULP JENEPONTO,,24/06/2026,6/24/26 10:00 AM,KURANG,P_BATANG,25/06/2026,,,TND,Jun,UP3 BULUKUMBA,JTM,INSP,"0,85",,2026,,,,,,,,,,,,
98672534,INSPEKSI TIER 1 SEGMEN TG.BANTAENG.00253.L0110.R0157-LBS.CAMPAGA.LOE,INST1,ULP.32730,4691185,32730.INSPEKSI1,ULP.32730,COMP,ULP JENEPONTO,,24/06/2026,6/24/26 10:00 AM,BAIK,P_BATANG,25/06/2026,,,TND,Jun,UP3 BULUKUMBA,JTM,INSP,"4,40",,2026,,,,,,,,,,,,
98672702,INSPEKSI TIER 1 SEGMEN TG.BANTAENG.00253.L0110-TG.BANTAENG.00253.L0127,INST1,ULP.32730,4691186,32730.INSPEKSI1,ULP.32730,COMP,ULP JENEPONTO,,24/06/2026,6/24/26 8:00 PM,BAIK,P_BATANG,25/06/2026,,,TND,Jun,UP3 BULUKUMBA,JTM,INSP,"0,85",,2026,,,,,,,,,,,,
98672763,INSPEKSI TIER 1 SEGMEN TG.BANTAENG.00253.L0110.R0018-TG.BANTAENG.00253.L0110.R0157,INST1,ULP.32730,4691183,32730.INSPEKSI1,ULP.32730,COMP,ULP JENEPONTO,,24/06/2026,6/24/26 9:00 PM,BAIK,P_BATANG,25/06/2026,,,TND,Jun,UP3 BULUKUMBA,JTM,INSP,"6,95",,2026,,,,,,,,,,,,
98672955,INSPEKSI TIER 1 SEGMEN TG.BANTAENG.00253.L0127-LBS.TOLO.TIMUR,INST1,ULP.32730,4691187,32730.INSPEKSI1,ULP.32730,COMP,ULP JENEPONTO,,24/06/2026,6/24/26 9:00 PM,BAIK,P_BATANG,25/06/2026,,,TND,Jun,UP3 BULUKUMBA,JTM,INSP,"1,90",,2026,,,,,,,,,,,,
98673038,INSPEKSI TIER 1 SEGMEN TG.BANTAENG.00253.L0127-TG.BANTAENG.00253.L0290,INST1,ULP.32730,4691188,32730.INSPEKSI3,ULP.32730,COMP,ULP JENEPONTO,,24/06/2026,,CUKUP,P_BATANG,25/06/2026,,,TND,Jun,UP3 BULUKUMBA,JTM,INSP,"8,15",,2026,,,,,,,,,,,,
98673223,INSPEKSI TIER 1 SEGMEN TG.BANTAENG.00253-TG.BANTAENG.00272,INST1,ULP.32730,4691189,32730.INSPEKSI1,ULP.32730,COMP,ULP JENEPONTO,,24/06/2026,,BAIK,P_BATANG,25/06/2026,,,TND,Jun,UP3 BULUKUMBA,JTM,INSP,"0,95",,2026,,,,,,,,,,,,
98673248,INSPEKSI TIER 1 SEGMEN TG.BANTAENG.00272-TG.BANTAENG.00272.L0013,INST1,ULP.32730,4691190,32730.INSPEKSI3,ULP.32730,COMP,ULP JENEPONTO,,24/06/2026,,BAIK,P_BATANG,25/06/2026,,,TND,Jun,UP3 BULUKUMBA,JTM,INSP,"0,65",,2026,,,,,,,,,,,,
98673276,INSPEKSI TIER 1 SEGMEN TG.BANTAENG.00272.L0013-TG.BANTAENG.00272.L0013.L0038,INST1,ULP.32730,4691191,32730.INSPEKSI3,ULP.32730,WFCOMP,ULP JENEPONTO,,24/06/2026,,BAIK,P_BATANG,26/06/2026,,,TND,Jun,UP3 BULUKUMBA,JTM,INSP,"1,90",,2026,,,,,,,,,,,,
98673387,INSPEKSI TIER 1 SEGMEN TG.BANTAENG.00272.L0013-TG.BANTAENG.00272.L0090,INST1,ULP.32730,4691192,32730.INSPEKSI3,ULP.32730,COMP,ULP JENEPONTO,,24/06/2026,,BAIK,P_BATANG,25/06/2026,,,TND,Jun,UP3 BULUKUMBA,JTM,INSP,"3,85",,2026,,,,,,,,,,,,
98673506,INSPEKSI TIER 1 SEGMEN TG.BANTAENG.00272-TG.BANTAENG.00280,INST1,ULP.32730,4691193,32730.INSPEKSI3,ULP.32730,COMP,ULP JENEPONTO,,24/06/2026,,BAIK,P_BATANG,25/06/2026,,,TND,Jun,UP3 BULUKUMBA,JTM,INSP,"0,40",,2026,,,,,,,,,,,,
98673524,INSPEKSI TIER 1 SEGMEN TG.BANTAENG.00280-TG.BANTAENG.00280.R0005,INST1,ULP.32730,4691194,32730.INSPEKSI3,ULP.32730,COMP,ULP JENEPONTO,,24/06/2026,,BAIK,P_BATANG,25/06/2026,,,TND,Jun,UP3 BULUKUMBA,JTM,INSP,"0,25",,2026,,,,,,,,,,,,
98673588,INSPEKSI TIER 1 SEGMEN TG.BANTAENG.00282-TG.BANTAENG.00282.R0024,INST1,ULP.32730,4691195,32730.INSPEKSI3,ULP.32730,COMP,ULP JENEPONTO,,24/06/2026,,BAIK,P_BATANG,25/06/2026,,,TND,Jun,UP3 BULUKUMBA,JTM,INSP,"1,20",,2026,,,,,,,,,,,,
98673646,INSPEKSI TIER 1 SEGMEN TG.BANTAENG.00342-TG.BANTAENG.00342.L0089,INST1,ULP.32730,4691202,32730.INSPEKSI3,ULP.32730,COMP,ULP JENEPONTO,,24/06/2026,,CUKUP,P_BATANG,25/06/2026,,,TND,Jun,UP3 BULUKUMBA,JTM,INSP,"4,45",,2026,,,,,,,,,,,,
98673791,INSPEKSI TIER 1 SEGMEN TG.BANTAENG.00342-LBS.TINO,INST1,ULP.32730,4691203,32730.INSPEKSI3,ULP.32730,WFCOMP,ULP JENEPONTO,,24/06/2026,,BAIK,P_BATANG,26/06/2026,,,TND,Jun,UP3 BULUKUMBA,JTM,INSP,"3,80",,2026,,,,,,,,,,,,
98673979,Perbaikan/Pergantian INSPEKSI TIER 1 SEGMEN TG.ARUNGKEKE.00155-REC.BONTANG,INST1,ULP.32730,4691117,32730.INSPEKSI2,ULP.32730,COMP,ULP JENEPONTO,,24/06/2026,,BAIK,P_ARUNGKEKE,26/06/2026,,98544385,TND,Jun,UP3 BULUKUMBA,JTM,TL,"6,03",,2026,,,,,,,,,,,,
98674291,INSPEKSI TIER 1 SEGMEN TG.ARUNGKEKE.00084-TG.ARUNGKEKE.00127,INST1,ULP.32730,4691112,32730.INSPEKSI2,ULP.32730,INPRG,ULP JENEPONTO,,24/06/2026,,,P_ARUNGKEKE,26/06/2026,,98542817,TND,Jun,UP3 BULUKUMBA,JTM,TL,"2,09",,2026,,,,,,,,,,,,
98674332,INSPEKSI TIER 1 SEGMEN REC.BONTANG-LBS.PELITA,INST1,ULP.32730,4691118,32730.INSPEKSI2,ULP.32730,INPRG,ULP JENEPONTO,,24/06/2026,,,P_ARUNGKEKE,26/06/2026,,98544835,TND,Jun,UP3 BULUKUMBA,JTM,TL,"2,13",,2026,,,,,,,,,,,,
98674783,INSPEKSI TIER 1 SEGMEN TG.BMNAI.00029-TG.BMNAI.00143,INST1,ULP.32770,4690825,32770.INSPEKSI3,ULP.32770,COMP,ULP TANETE,,24/06/2026,6/25/26 8:07 AM,BAIK,P_BULO-BULO,26/06/2026,,,TND,Jun,UP3 BULUKUMBA,JTM,INSP,"5,65",,2026,,,,,,,,,,,,
98674975,INSPEKSI TIER 1 SEGMEN TG.BMANAI.00260.R0059-TG.BMANAI.00260.R0214,INST1,ULP.32770,4690833,32770.INSPEKSI3,ULP.32770,COMP,ULP TANETE,,24/06/2026,6/25/26 8:07 AM,BAIK,P_BINTARORE,26/06/2026,,,TND,Jun,UP3 BULUKUMBA,JTM,INSP,"8,00",,2026,,,,,,,,,,,,
98675206,INSPEKSI TIER 1 SEGMEN TG.BMNAI.00029.L0001-TG.BMNAI.00029.L0072,INST1,ULP.32770,4690824,32770.INSPEKSI3,ULP.32770,COMP,ULP TANETE,,24/06/2026,6/25/26 8:06 AM,BAIK,P_BULO-BULO,26/06/2026,,,TND,Jun,UP3 BULUKUMBA,JTM,INSP,"3,80",,2026,,,,,,,,,,,,
98675326,INSPEKSI TIER 1 SEGMEN TG.BALTAR.00204-LBS.SALASSAE BAG 2,INST1,ULP.32770,4690872,32770.INSPEKSI3,ULP.32770,COMP,ULP TANETE,,24/06/2026,6/25/26 8:05 AM,BAIK,P_BINTARORE,26/06/2026,,,TND,Jun,UP3 BULUKUMBA,JTM,INSP,"3,60",,2026,,,,,,,,,,,,
98675369,INSPEKSI TIER 1 SEGMEN LBS.SALASSAE-TG.BALTAR.00204.L0199,INST1,ULP.32770,4690873,32770.INSPEKSI3,ULP.32770,COMP,ULP TANETE,,24/06/2026,6/25/26 8:05 AM,BAIK,P_SALASSAE,26/06/2026,,,TND,Jun,UP3 BULUKUMBA,JTM,INSP,"6,40",,2026,,,,,,,,,,,,
98675536,INSPEKSI TIER 1 SEGMEN TG.KAJANG.00309.L0061-TG.KAJANG.00309.L0157,INST1,ULP.32770,4690919,32770.INSPEKSI3,ULP.32770,COMP,ULP TANETE,,24/06/2026,6/25/26 8:04 AM,BAIK,P_BINTARORE,26/06/2026,,,TND,Jun,UP3 BULUKUMBA,JTM,INSP,"5,70",,2026,,,,,,,,,,,,
98675715,INSPEKSI TIER 1 SEGMEN LBS.BALNGRIRI-TG.KAJANG.00413,INST1,ULP.32770,4690922,32770.INSPEKSI3,ULP.32770,COMP,ULP TANETE,,24/06/2026,,BAIK,P_BINTARORE,26/06/2026,,,TND,Jun,UP3 BULUKUMBA,JTM,INSP,"5,10",,2026,,,,,,,,,,,,
98675868,INSPEKSI TIER 1 SEGMEN TG.BTMACINNA.00001-TG.BTMACINNA.00109,INST1,ULP.32710,4691498,32710.INSPEKSI2,ULP.32710,COMP,ULP PANRITA LOPI,,25/06/2026,,BAIK,P_BONTOMACINNA,26/06/2026,,,TND,Jun,UP3 BULUKUMBA,JTM,INSP,"4,95",,2026,,,,,,,,,,,,
98675976,"INSPEKSI TIER 1 SEGMEN TG.SAPIRI.00108.R00028.L0041.R0026,R0352-TG.SAPIRI.00108.R0028.L0041.R0026.R0352.R0291",INST1,ULP.32710,4691499,32710.INSPEKSI2,ULP.32710,COMP,ULP PANRITA LOPI,,25/06/2026,,BAIK,P_SAPIRIA,29/06/2026,,,TND,Jun,UP3 BULUKUMBA,JTM,INSP,"14,55",,2026,,,,,,,,,,,,
98676302,INSPEKSI TIER 1 SEGMEN TG.SAPIRI.00108.R00028.L0041.R0026-TG.SAPIRI.00108.R0028.L0041.R0026.R.0061,INST1,ULP.32710,4691507,32710.INSPEKSI2,ULP.32710,COMP,ULP PANRITA LOPI,,25/06/2026,,BAIK,P_SAPIRIA,26/06/2026,,,TND,Jun,UP3 BULUKUMBA,JTM,INSP,"3,05",,2026,,,,,,,,,,,,
98676372,INSPEKSI TIER 1 SEGMEN TG.SAPIRI.00108.R00028.L0041.R0026-TG.SAPIRI.00108.R0028.L0041.R0026.R0356,INST1,ULP.32710,4691508,32710.INSPEKSI2,ULP.32710,COMP,ULP PANRITA LOPI,,25/06/2026,,BAIK,P_SAPIRIA,29/06/2026,,,TND,Jun,UP3 BULUKUMBA,JTM,INSP,"17,80",,2026,,,,,,,,,,,,
98676745,INSPEKSI TIER 1 SEGMEN TG.SAPIRI.00108.R00028.L0041.R0026-TG.SAPIRI.00108.R0028.L0041.R0026.R0426,INST1,ULP.32710,4691509,32710.INSPEKSI2,ULP.32710,COMP,ULP PANRITA LOPI,,25/06/2026,,CUKUP,P_SAPIRIA,26/06/2026,,,TND,Jun,UP3 BULUKUMBA,JTM,INSP,"3,50",,2026,,,,,,,,,,,,
98676823,INSPEKSI TIER 1 SEGMEN TG.SAPIRI.00108.R00028.L0041-TG.SAPIRI.00108.R0028.L0041.R0064,INST1,ULP.32710,4691510,32710.INSPEKSI2,ULP.32710,COMP,ULP PANRITA LOPI,,25/06/2026,,BAIK,P_SAPIRIA,26/06/2026,,,TND,Jun,UP3 BULUKUMBA,JTM,INSP,"3,20",,2026,,,,,,,,,,,,
98676895,INSPEKSI TIER 1 SEGMEN TG.SAPIRI.00108.R0028.L0041.R0064.R00073-TG.SAPIRI.00108.R0028.L0041.R0064.R00194,INST1,ULP.32710,4691514,32710.INSPEKSI2,ULP.32710,COMP,ULP PANRITA LOPI,,25/06/2026,,BAIK,P_SAPIRIA,26/06/2026,,,TND,Jun,UP3 BULUKUMBA,JTM,INSP,"6,05",,2026,,,,,,,,,,,,
98677040,INSPEKSI TIER 1 SEGMEN TG.SAPIRI.00108.R00028.R0064.R00172.L0041.L0104-TG.SAPIRI.00108.R0028.L0041.R0064.R00172.L0104.R0143,INST1,ULP.32710,4691517,32710.INSPEKSI2,ULP.32710,COMP,ULP PANRITA LOPI,,25/06/2026,,BAIK,P_SAPIRIA,26/06/2026,,,TND,Jun,UP3 BULUKUMBA,JTM,INSP,"7,15",,2026,,,,,,,,,,,,
98677198,INSPEKSI TIER 1 SEGMEN TG.SAPIRI.00108.R00028-TG.SAPIRI.00108.R0028.L00198,INST1,ULP.32710,4691521,32710.INSPEKSI2,ULP.32710,COMP,ULP PANRITA LOPI,,25/06/2026,,BAIK,P_SAPIRIA,26/06/2026,,,TND,Jun,UP3 BULUKUMBA,JTM,INSP,"9,80",,2026,,,,,,,,,,,,
98677417,INSPEKSI TIER 1 SEGMEN TG.SLOHE.00173-TG.SLOHE.00173.R0064,INST1,ULP.32720,4690999,32720.INSPEKSI3,ULP.32720,COMP,ULP KALUMPANG,,25/06/2026,,BAIK,P_SAPOLOHE,29/06/2026,,,TND,Jun,UP3 BULUKUMBA,JTM,INSP,"3,20",,2026,,,,,,,,,,,,
98677482,INSPEKSI TIER 1 SEGMEN TG.KALUMPANG.00139-TG.KALUMPANG.00201,INST1,ULP.32720,4691031,32720.INSPEKSI3,ULP.32720,WFCOMP,ULP KALUMPANG,,25/06/2026,,BAIK,P_SAPOLOHE,30/06/2026,,,TND,Jun,UP3 BULUKUMBA,JTM,INSP,"3,10",,2026,,,,,,,,,,,,
98677546,INSPEKSI TIER 1 SEGMEN LBS.ARA-TG.KALUMPANG.00201.R0103,INST1,ULP.32720,4691033,32720.INSPEKSI3,ULP.32720,WFCOMP,ULP KALUMPANG,,25/06/2026,,BAIK,P_SAPOLOHE,19/08/2026,,,TND,Jun,UP3 BULUKUMBA,JTM,INSP,"4,85",,2026,,,,,,,,,,,,
98677645,INSPEKSI TIER 1 SEGMEN TG.KALUMPANG.00341.L0010-TG.KALUMPANG.00341.L0087,INST1,ULP.32720,4691050,32720.INSPEKSI3,ULP.32720,WFCOMP,ULP KALUMPANG,,25/06/2026,,BAIK,P_SAPOLOHE,27/08/2026,,,TND,Jun,UP3 BULUKUMBA,JTM,INSP,"3,80",,2026,,,,,,,,,,,,
98681658,Perbaikan/Pergantian INSPEKSI TIER 1 SEGMEN TG.BALTAR.00262-TG.BALTAR.00279,INST1,ULP.32770,4690883,32770.INSPEKSI3,ULP.32770,COMP,ULP TANETE,,25/06/2026,,BAIK,P_BINTARORE,29/06/2026,,98475425,TND,Jun,UP3 BULUKUMBA,JTM,TL,"1,10",,2026,,,,,,,,,,,,
98696156,Perbaikan/Pergantian INSPEKSI TIER 1 SEGMEN TG.BANTAENG.00272.L0013-TG.BANTAENG.00272.L0013.L0038,INST1,ULP.32730,4691191,32730.INSPEKSI3,ULP.32730,COMP,ULP JENEPONTO,,25/06/2026,,BAIK,P_BATANG,26/06/2026,,98673276,TND,Jun,UP3 BULUKUMBA,JTM,TL,"1,90",,2026,,,,,,,,,,,,
98696658,INSPEKSI TIER 1 SEGMEN TG.BTANGNGA.00015.L0161-TG.BTANGNGA.00015.L0288,INST1,ULP.32730,4691218,32730.INSPEKSI2,ULP.32730,WFCOMP,ULP JENEPONTO,,25/06/2026,,BAIK,P_JENTAK,26/06/2026,,,TND,Jun,UP3 BULUKUMBA,JTM,INSP,"6,35",,2026,,,,,,,,,,,,
98696872,INSPEKSI TIER 1 SEGMEN TG.BTANGNGA.00024-TG.BTANGNGA.00090,INST1,ULP.32730,4691221,32730.INSPEKSI2,ULP.32730,WFCOMP,ULP JENEPONTO,,25/06/2026,,BAIK,P_JENTAK,26/06/2026,,,TND,Jun,UP3 BULUKUMBA,JTM,INSP,"3,30",,2026,,,,,,,,,,,,
98697112,INSPEKSI TIER 1 SEGMEN TG.BTANGNGA.00091.R0061-TG.BTANGNGA.00091.R0061.R0087,INST1,ULP.32730,4691226,32730.INSPEKSI2,ULP.32730,COMP,ULP JENEPONTO,,25/06/2026,,KURANG,P_JENTAK,25/06/2026,,,TND,Jun,UP3 BULUKUMBA,JTM,INSP,"4,35",,2026,,,,,,,,,,,,
98697348,INSPEKSI TIER 1 SEGMEN TG.EKSPRESJNP.00080-LBS.BENTENG1,INST1,ULP.32730,4691237,32730.INSPEKSI2,ULP.32730,INPRG,ULP JENEPONTO,,25/06/2026,,,P_JENTAK,26/06/2026,,,TND,Jun,UP3 BULUKUMBA,JTM,INSP,"17,10",,2026,,,,,,,,,,,,
98697555,INSPEKSI TIER 1 SEGMEN TG.EKSPRESJNP.00424-LBS.TAMALATEA,INST1,ULP.32730,4691238,32730.INSPEKSI2,ULP.32730,INPRG,ULP JENEPONTO,,25/06/2026,,,P_JENTAK,26/06/2026,,,TND,Jun,UP3 BULUKUMBA,JTM,INSP,"12,00",,2026,,,,,,,,,,,,
98697638,INSPEKSI TIER 1 SEGMEN TG.KARAMAKA.00013.R0096-TG.KARAMAKA.00013.R0210,INST1,ULP.32730,4691263,32730.INSPEKSI2,ULP.32730,WFCOMP,ULP JENEPONTO,,25/06/2026,,BAIK,P_JENTAK,26/06/2026,,,TND,Jun,UP3 BULUKUMBA,JTM,INSP,"5,70",,2026,,,,,,,,,,,,
98697884,INSPEKSI TIER 1 SEGMEN LBS.BEROANGIN-TG.KARAMAKA.00103,INST1,ULP.32730,4691264,32730.INSPEKSI2,ULP.32730,WFCOMP,ULP JENEPONTO,,25/06/2026,,CUKUP,P_JENTAK,26/06/2026,,,TND,Jun,UP3 BULUKUMBA,JTM,INSP,"4,50",,2026,,,,,,,,,,,,
98701306,INSPEKSI TIER 1 SEGMEN TG.KAJANG.00223-TG.KAJANG.00223.L0072,INST1,ULP.32770,4690901,32770.INSPEKSI3,ULP.32770,COMP,ULP TANETE,,25/06/2026,,,P_BINTARORE,26/06/2026,,98532233,TND,Jun,UP3 BULUKUMBA,JTM,TL,"3,70",,2026,,,,,,,,,,,,
98701310,INSPEKSI TIER 1 SEGMEN LBS.BALOMBESSI-TG.KAJANG.00223,INST1,ULP.32770,4690900,32770.INSPEKSI3,ULP.32770,COMP,ULP TANETE,,25/06/2026,,,P_BINTARORE,26/06/2026,,98532100,TND,Jun,UP3 BULUKUMBA,JTM,TL,"5,80",,2026,,,,,,,,,,,,
98716280,INSPEKSI TIER 1 BS60-035,INST1,GD01.06301870,,32760.INSPEKSI2,ULP.32760,COMP,ULP SINJAI,,25/06/2026,,,P_MATUMPU,26/06/2026,,,TND,Jun,UP3 BULUKUMBA,GD,INSP,"0,00",,2026,,,,,,,,,,,,
98728992,INSPEKSI TIER 1 BS60-036,INST1,GD01.06301871,,32760.INSPEKSI2,ULP.32760,COMP,ULP SINJAI,,25/06/2026,,,P_MATUMPU,26/06/2026,,,TND,Jun,UP3 BULUKUMBA,GD,INSP,"0,00",,2026,,,,,,,,,,,,
98730118,INSPEKSI TIER 1 BS60-037,INST1,GD01.06301872,,32760.INSPEKSI2,ULP.32760,COMP,ULP SINJAI,,25/06/2026,,,P_MATUMPU,26/06/2026,,,TND,Jun,UP3 BULUKUMBA,GD,INSP,"0,00",,2026,,,,,,,,,,,,
98730791,INSPEKSI TIER 1 BS60-038,INST1,GD01.06301873,,32760.INSPEKSI2,ULP.32760,COMP,ULP SINJAI,,25/06/2026,,,P_MATUMPU,26/06/2026,,,TND,Jun,UP3 BULUKUMBA,GD,INSP,"0,00",,2026,,,,,,,,,,,,
98731790,INSPEKSI TIER 1 BS60-039,INST1,GD01.06301874,,32760.INSPEKSI2,ULP.32760,COMP,ULP SINJAI,,25/06/2026,,,P_MATUMPU,26/06/2026,,,TND,Jun,UP3 BULUKUMBA,GD,INSP,"0,00",,2026,,,,,,,,,,,,
98732678,INSPEKSI TIER 1 BS60-040,INST1,GD01.06301875,,32760.INSPEKSI2,ULP.32760,COMP,ULP SINJAI,,25/06/2026,,,P_MATUMPU,26/06/2026,,,TND,Jun,UP3 BULUKUMBA,GD,INSP,"0,00",,2026,,,,,,,,,,,,
98733300,INSPEKSI TIER 1 BS60-041,INST1,GD01.06301876,,32760.INSPEKSI2,ULP.32760,COMP,ULP SINJAI,,25/06/2026,,,P_MATUMPU,26/06/2026,,,TND,Jun,UP3 BULUKUMBA,GD,INSP,"0,00",,2026,,,,,,,,,,,,
98734282,INSPEKSI TIER 1 BS60-042,INST1,GD01.06301877,,32760.INSPEKSI2,ULP.32760,COMP,ULP SINJAI,,25/06/2026,,,P_MATUMPU,26/06/2026,,,TND,Jun,UP3 BULUKUMBA,GD,INSP,"0,00",,2026,,,,,,,,,,,,
98734642,INSPEKSI TIER 1 BS60-043,INST1,GD01.06301878,,32760.INSPEKSI2,ULP.32760,COMP,ULP SINJAI,,25/06/2026,,,P_MATUMPU,26/06/2026,,,TND,Jun,UP3 BULUKUMBA,GD,INSP,"0,00",,2026,,,,,,,,,,,,
98734824,INSPEKSI TIER 1 BS60-160,INST1,GD01.06301879,,32760.INSPEKSI2,ULP.32760,COMP,ULP SINJAI,,25/06/2026,,,P_MATUMPU,26/06/2026,,,TND,Jun,UP3 BULUKUMBA,GD,INSP,"0,00",,2026,,,,,,,,,,,,
98734960,INSPEKSI TIER 1 BS60-044,INST1,GD01.06301880,,32760.INSPEKSI2,ULP.32760,COMP,ULP SINJAI,,25/06/2026,,,P_MATUMPU,26/06/2026,,,TND,Jun,UP3 BULUKUMBA,GD,INSP,"0,00",,2026,,,,,,,,,,,,
98735050,INSPEKSI TIER 1 BS60-045,INST1,GD01.06301881,,32760.INSPEKSI2,ULP.32760,COMP,ULP SINJAI,,25/06/2026,,,P_MATUMPU,26/06/2026,,,TND,Jun,UP3 BULUKUMBA,GD,INSP,"0,00",,2026,,,,,,,,,,,,
98735086,INSPEKSI TIER 1 BS60-046,INST1,GD01.06301882,,32760.INSPEKSI2,ULP.32760,COMP,ULP SINJAI,,25/06/2026,,,P_MATUMPU,26/06/2026,,,TND,Jun,UP3 BULUKUMBA,GD,INSP,"0,00",,2026,,,,,,,,,,,,
98735094,INSPEKSI TIER 1 BS60-047,INST1,GD01.06301883,,32760.INSPEKSI2,ULP.32760,COMP,ULP SINJAI,,25/06/2026,,,P_MATUMPU,26/06/2026,,,TND,Jun,UP3 BULUKUMBA,GD,INSP,"0,00",,2026,,,,,,,,,,,,
98735300,INSPEKSI TIER 1 BS60-048,INST1,GD01.06301884,,32760.INSPEKSI2,ULP.32760,COMP,ULP SINJAI,,25/06/2026,,,P_MATUMPU,26/06/2026,,,TND,Jun,UP3 BULUKUMBA,GD,INSP,"0,00",,2026,,,,,,,,,,,,
98735344,INSPEKSI TIER 1 BS60-049,INST1,GD01.06301885,,32760.INSPEKSI2,ULP.32760,COMP,ULP SINJAI,,25/06/2026,,,P_MATUMPU,26/06/2026,,,TND,Jun,UP3 BULUKUMBA,GD,INSP,"0,00",,2026,,,,,,,,,,,,
98735396,INSPEKSI TIER 1 BS60-050,INST1,GD01.06301886,,32760.INSPEKSI2,ULP.32760,COMP,ULP SINJAI,,25/06/2026,,,P_MATUMPU,26/06/2026,,,TND,Jun,UP3 BULUKUMBA,GD,INSP,"0,00",,2026,,,,,,,,,,,,
98735446,INSPEKSI TIER 1 BS60-053,INST1,GD01.06301887,,32760.INSPEKSI2,ULP.32760,COMP,ULP SINJAI,,25/06/2026,,,P_MATUMPU,26/06/2026,,,TND,Jun,UP3 BULUKUMBA,GD,INSP,"0,00",,2026,,,,,,,,,,,,
98735479,INSPEKSI TIER 1 BS60-052,INST1,GD01.06301889,,32760.INSPEKSI2,ULP.32760,COMP,ULP SINJAI,,25/06/2026,,,P_MATUMPU,26/06/2026,,,TND,Jun,UP3 BULUKUMBA,GD,INSP,"0,00",,2026,,,,,,,,,,,,
98735510,INSPEKSI TIER 1 BS60-054,INST1,GD01.06301890,,32760.INSPEKSI2,ULP.32760,COMP,ULP SINJAI,,25/06/2026,,,P_MATUMPU,26/06/2026,,,TND,Jun,UP3 BULUKUMBA,GD,INSP,"0,00",,2026,,,,,,,,,,,,
98738151,INSPEKSI TIER 1 BS60-055,INST1,GD01.06301891,,32760.INSPEKSI2,ULP.32760,COMP,ULP SINJAI,,25/06/2026,,,P_MATUMPU,26/06/2026,,,TND,Jun,UP3 BULUKUMBA,GD,INSP,"0,00",,2026,,,,,,,,,,,,
98738158,Perbaikan/Pergantian INSPEKSI TIER 1 SEGMEN TG.BTANGNGA.00015.L0161-TG.BTANGNGA.00015.L0288,INST1,ULP.32730,4691218,32730.INSPEKSI2,ULP.32730,COMP,ULP JENEPONTO,,25/06/2026,,BAIK,P_JENTAK,26/06/2026,,98696658,TND,Jun,UP3 BULUKUMBA,JTM,TL,"6,35",,2026,,,,,,,,,,,,
98738170,Perbaikan/Pergantian INSPEKSI TIER 1 SEGMEN TG.KARAMAKA.00013.R0096-TG.KARAMAKA.00013.R0210,INST1,ULP.32730,4691263,32730.INSPEKSI2,ULP.32730,COMP,ULP JENEPONTO,,25/06/2026,,BAIK,P_JENTAK,26/06/2026,,98697638,TND,Jun,UP3 BULUKUMBA,JTM,TL,"5,70",,2026,,,,,,,,,,,,
98738200,INSPEKSI TIER 1 BB70030,INST1,GD01.06302917,,32740.INSPEKSI1,ULP.32740,WFOLLOWUP,ULP BANTAENG,,25/06/2026,,BURUK,P_LEMBANG,26/06/2026,,,TND,Jun,UP3 BULUKUMBA,GD,INSP,"0,00",,2026,,,,,,,,,,,,
98738216,INSPEKSI TIER 1 BB70032,INST1,GD01.06302919,,32740.INSPEKSI2,ULP.32740,COMP,ULP BANTAENG,,25/06/2026,,KURANG,P_LEMBANG,29/06/2026,,,TND,Jun,UP3 BULUKUMBA,GD,INSP,"0,00",,2026,,,,,,,,,,,,
98738263,INSPEKSI TIER 1 BB70034,INST1,GD01.06302921,,32740.INSPEKSI1,ULP.32740,COMP,ULP BANTAENG,,25/06/2026,,CUKUP,P_LEMBANG,26/06/2026,,,TND,Jun,UP3 BULUKUMBA,GD,INSP,"0,00",,2026,,,,,,,,,,,,
98738290,INSPEKSI TIER 1 BB70038,INST1,GD01.06302925,,32740.INSPEKSI1,ULP.32740,COMP,ULP BANTAENG,,25/06/2026,,CUKUP,P_LEMBANG,26/06/2026,,,TND,Jun,UP3 BULUKUMBA,GD,INSP,"0,00",,2026,,,,,,,,,,,,
98738304,INSPEKSI TIER 1 BB70046,INST1,GD01.06302933,,32740.INSPEKSI1,ULP.32740,COMP,ULP BANTAENG,,25/06/2026,,CUKUP,P_LEMBANG,26/06/2026,,,TND,Jun,UP3 BULUKUMBA,GD,INSP,"0,00",,2026,,,,,,,,,,,,
98738403,INSPEKSI TIER 1 BB70047,INST1,GD01.06302934,,32740.INSPEKSI1,ULP.32740,COMP,ULP BANTAENG,,25/06/2026,,CUKUP,P_LEMBANG,29/06/2026,,,TND,Jun,UP3 BULUKUMBA,GD,INSP,"0,00",,2026,,,,,,,,,,,,
98738426,Perbaikan/Pergantian INSPEKSI TIER 1 SEGMEN LBS.BEROANGIN-TG.KARAMAKA.00103,INST1,ULP.32730,4691264,32730.INSPEKSI2,ULP.32730,COMP,ULP JENEPONTO,,25/06/2026,,CUKUP,P_JENTAK,26/06/2026,,98697884,TND,Jun,UP3 BULUKUMBA,JTM,TL,"4,50",,2026,,,,,,,,,,,,
98738466,Perbaikan/Pergantian INSPEKSI TIER 1 SEGMEN TG.BANTAENG.00253.L0095-TG.BANTAENG.00253.L0110,INST1,ULP.32730,4691179,32730.INSPEKSI1,ULP.32730,COMP,ULP JENEPONTO,,25/06/2026,,BAIK,P_BATANG,26/06/2026,,98671819,TND,Jun,UP3 BULUKUMBA,JTM,TL,"0,75",,2026,,,,,,,,,,,,
98738510,INSPEKSI TIER 1 BB70048,INST1,GD01.06302935,,32740.INSPEKSI1,ULP.32740,COMP,ULP BANTAENG,,25/06/2026,,KURANG,P_LEMBANG,26/06/2026,,,TND,Jun,UP3 BULUKUMBA,GD,INSP,"0,00",,2026,,,,,,,,,,,,
98738552,Perbaikan/Pergantian INSPEKSI TIER 1 SEGMEN TG.BANTAENG.00342-LBS.TINO,INST1,ULP.32730,4691203,32730.INSPEKSI3,ULP.32730,COMP,ULP JENEPONTO,,25/06/2026,,BAIK,P_BATANG,26/06/2026,,98673791,TND,Jun,UP3 BULUKUMBA,JTM,TL,"3,80",,2026,,,,,,,,,,,,
98738633,INSPEKSI TIER 1 BB70049,INST1,GD01.06302936,,32740.INSPEKSI1,ULP.32740,COMP,ULP BANTAENG,,25/06/2026,,CUKUP,P_LEMBANG,26/06/2026,,,TND,Jun,UP3 BULUKUMBA,GD,INSP,"0,00",,2026,,,,,,,,,,,,
98738784,Perbaikan/Pergantian INSPEKSI TIER 1 SEGMEN LBS.BT.LEBANG-TG.BANTAENG.00253.L0110.R0018,INST1,ULP.32730,4691181,32730.INSPEKSI1,ULP.32730,COMP,ULP JENEPONTO,,25/06/2026,,BAIK,P_BATANG,26/06/2026,,98672278,TND,Jun,UP3 BULUKUMBA,JTM,TL,"0,90",,2026,,,,,,,,,,,,
98738810,Perbaikan/Pergantian INSPEKSI TIER 1 SEGMEN REC.TOGOTOGO-LBS.TOGOTOGO,INST1,ULP.32730,4691172,32730.INSPEKSI1,ULP.32730,COMP,ULP JENEPONTO,,25/06/2026,,BAIK,P_BATANG,26/06/2026,,98666141,TND,Jun,UP3 BULUKUMBA,JTM,TL,"0,70",,2026,,,,,,,,,,,,
98738836,Perbaikan/Pergantian INSPEKSI TIER 1 SEGMEN TG.BANTAENG.00253-TG.BANTAENG.00253.L0012,INST1,ULP.32730,4691176,32730.INSPEKSI1,ULP.32730,COMP,ULP JENEPONTO,,25/06/2026,,BAIK,P_BATANG,26/06/2026,,98669632,TND,Jun,UP3 BULUKUMBA,JTM,TL,"0,60",,2026,,,,,,,,,,,,
98738851,INSPEKSI TIER 1 BB70050,INST1,GD01.06302937,,32740.INSPEKSI1,ULP.32740,COMP,ULP BANTAENG,,25/06/2026,,CUKUP,P_LEMBANG,26/06/2026,,,TND,Jun,UP3 BULUKUMBA,GD,INSP,"0,00",,2026,,,,,,,,,,,,
98740082,INSPEKSI TIER 1 SEGMEN TG.KODIM.00204.L0088-TG.KODIM.00204.L0088.R0201,INST1,ULP.32730,4691285,32730.INSPEKSI3,ULP.32730,COMP,ULP JENEPONTO,,25/06/2026,,CUKUP,P_PASAR KARISA,20/07/2026,,,TND,Jun,UP3 BULUKUMBA,JTM,INSP,"10,05",,2026,,,,,,,,,,,,
98740305,INSPEKSI TIER 1 SEGMEN TG.MALAKAJI.00232-TG.MALAKAJI.00232.L0111,INST1,ULP.32730,4691306,32730.INSPEKSI3,ULP.32730,WFCOMP,ULP JENEPONTO,,25/06/2026,,BAIK,P_TOLO,24/07/2026,,,TND,Jun,UP3 BULUKUMBA,JTM,INSP,"5,55",,2026,,,,,,,,,,,,
98740420,INSPEKSI TIER 1 SEGMEN LBS.JANGOAN-TG.MALAKAJI.00251.L0185,INST1,ULP.32730,4691309,32730.INSPEKSI3,ULP.32730,COMP,ULP JENEPONTO,,25/06/2026,,BAIK,P_TOLO,20/07/2026,,,TND,Jun,UP3 BULUKUMBA,JTM,INSP,"9,10",,2026,,,,,,,,,,,,
98740602,INSPEKSI TIER 1 SEGMEN TG.MALAKAJI.00294-TG.MALAKAJI.00407,INST1,ULP.32730,4691318,32730.INSPEKSI3,ULP.32730,COMP,ULP JENEPONTO,,25/06/2026,,BAIK,P_TOLO,20/07/2026,,,TND,Jun,UP3 BULUKUMBA,JTM,INSP,"5,65",,2026,,,,,,,,,,,,
98740747,INSPEKSI TIER 1 SEGMEN TG.SAPANANG.00118-TG.SAPANANG.00230,INST1,ULP.32730,4691361,32730.INSPEKSI3,ULP.32730,COMP,ULP JENEPONTO,,25/06/2026,,BAIK,P_PASAR KARISA,20/07/2026,,,TND,Jun,UP3 BULUKUMBA,JTM,INSP,"5,55",,2026,,,,,,,,,,,,
98740880,INSPEKSI TIER 1 SEGMEN TG.TARING.00001-LBS.TARING,INST1,ULP.32730,4691372,32730.INSPEKSI3,ULP.32730,COMP,ULP JENEPONTO,,25/06/2026,,BAIK,P_TOLO,20/07/2026,,,TND,Jun,UP3 BULUKUMBA,JTM,INSP,"5,65",,2026,,,,,,,,,,,,
98740996,INSPEKSI TIER 1 SEGMEN LBS.PARASANGAN-TG.TARING.00488,INST1,ULP.32730,4691378,32730.INSPEKSI3,ULP.32730,WFCOMP,ULP JENEPONTO,,25/06/2026,,BAIK,P_TOLO,24/07/2026,,,TND,Jun,UP3 BULUKUMBA,JTM,INSP,"12,35",,2026,,,,,,,,,,,,
98741321,INSPEKSI TIER 1 SEGMEN TG.TOLO.00180-TG.TOLO.00296,INST1,ULP.32730,4691399,32730.INSPEKSI3,ULP.32730,COMP,ULP JENEPONTO,,25/06/2026,,KURANG,P_TOLO,20/07/2026,,,TND,Jun,UP3 BULUKUMBA,JTM,INSP,"5,80",,2026,,,,,,,,,,,,
98743030,INSPEKSI TIER 1 SEGMEN TG.SAPIRI.00108.R00028.L0041.R0026.R0016-TG.SAPIRI.00108.R0028.L0041.R0026.R0016.L0140,INST1,ULP.32710,4691501,32710.INSPEKSI1,ULP.32710,COMP,ULP PANRITA LOPI,,25/06/2026,,BAIK,P_SAPIRIA,02/07/2026,,,TND,Jun,UP3 BULUKUMBA,JTM,INSP,"7,00",,2026,,,,,,,,,,,,
98743390,INSPEKSI TIER 1 SEGMEN TG.SAPIRI.00108.R00028.L0041.R0026.R0330-TG.SAPIRI.00108.R0028.L0041.R0026.R0330.R0192,INST1,ULP.32710,4691503,32710.INSPEKSI1,ULP.32710,COMP,ULP PANRITA LOPI,,25/06/2026,,BAIK,P_SAPIRIA,02/07/2026,,,TND,Jun,UP3 BULUKUMBA,JTM,INSP,"9,60",,2026,,,,,,,,,,,,
98744945,INSPEKSI TIER 1 SEGMEN TG.SAPIRI.00108.R00028.L0041.R0026.R0352.R0125-TG.SAPIRI.00108.R0028.L0041.R0026.R0352.R0130,INST1,ULP.32710,4691504,32710.INSPEKSI1,ULP.32710,COMP,ULP PANRITA LOPI,,25/06/2026,,BAIK,P_SAPIRIA,02/07/2026,,,TND,Jun,UP3 BULUKUMBA,JTM,INSP,"6,50",,2026,,,,,,,,,,,,
98745359,INSPEKSI TIER 1 SEGMEN TG.SAPIRI.00108.R00028.L0041.R0026.R0352.R0217-TG.SAPIRI.00108.R0028.L0041.R0026.R0352.R0092,INST1,ULP.32710,4691505,32710.INSPEKSI1,ULP.32710,COMP,ULP PANRITA LOPI,,25/06/2026,,BAIK,P_SAPIRIA,01/07/2026,,,TND,Jun,UP3 BULUKUMBA,JTM,INSP,"4,60",,2026,,,,,,,,,,,,
98745687,INSPEKSI TIER 1 SEGMEN TG.SAPIRI.00108.R00028.R0064.R00172.L0041-TG.SAPIRI.00108.R0028.L0041.R0064.R00172.L0104,INST1,ULP.32710,4691520,32710.INSPEKSI1,ULP.32710,COMP,ULP PANRITA LOPI,,25/06/2026,,BAIK,P_SAPIRIA,30/06/2026,,,TND,Jun,UP3 BULUKUMBA,JTM,INSP,"4,95",,2026,,,,,,,,,,,,
98746181,Perbaikan/Pergantian INSPEKSI TIER 1 SEGMEN TG.BANTAENG.00086-TG.BANTAENG.00086.L0106,INST1,ULP.32730,4691170,32730.INSPEKSI1,ULP.32730,COMP,ULP JENEPONTO,,25/06/2026,,BAIK,P_BATANG,26/06/2026,,98664710,TND,Jun,UP3 BULUKUMBA,JTM,TL,"5,30",,2026,,,,,,,,,,,,
98746338,INSPEKSI TIER 1 SEGMEN TG.SAPIRI.00108.R00028-TG.SAPIRI.00108.R0028.R00114 BAG 1,INST1,ULP.32710,4691522,32710.INSPEKSI1,ULP.32710,WFCOMP,ULP PANRITA LOPI,,25/06/2026,,BAIK,P_SAPIRIA,08/07/2026,,,TND,Jun,UP3 BULUKUMBA,JTM,INSP,"5,70",,2026,,,,,,,,,,,,
98746688,INSPEKSI TIER 1 SEGMEN TG.PONRE.00154.L0130-TG.PONRE.00154.L0243,INST1,ULP.32710,4691580,32710.INSPEKSI1,ULP.32710,COMP,ULP PANRITA LOPI,,25/06/2026,,BAIK,P_BINTARORE,30/06/2026,,,TND,Jun,UP3 BULUKUMBA,JTM,INSP,"5,65",,2026,,,,,,,,,,,,
98746876,INSPEKSI TIER 1 SEGMEN TG.PONRE.00154-TG.PONRE.00154.L0130,INST1,ULP.32710,4691583,32710.INSPEKSI1,ULP.32710,COMP,ULP PANRITA LOPI,,25/06/2026,,BAIK,P_BINTARORE,30/06/2026,,,TND,Jun,UP3 BULUKUMBA,JTM,INSP,"6,50",,2026,,,,,,,,,,,,
98747024,INSPEKSI TIER 1 SEGMEN TG.UJUNGLOE.00001-TG.UJUNGLOE.00203,INST1,ULP.32710,4691607,32710.INSPEKSI1,ULP.32710,COMP,ULP PANRITA LOPI,,25/06/2026,,BAIK,P_UJUNGLOE,01/07/2026,,,TND,Jun,UP3 BULUKUMBA,JTM,INSP,"10,15",,2026,,,,,,,,,,,,
98747320,INSPEKSI TIER 1 SEGMEN TG.UJUNGLOE.00235-TG.UJUNGLOE.00331,INST1,ULP.32710,4691613,32710.INSPEKSI1,ULP.32710,COMP,ULP PANRITA LOPI,,25/06/2026,,BAIK,P_UJUNGLOE,30/06/2026,,,TND,Jun,UP3 BULUKUMBA,JTM,INSP,"4,80",,2026,,,,,,,,,,,,
98747769,Perbaikan/Pergantian INSPEKSI TIER 1 SEGMEN TG.BTANGNGA.00024-TG.BTANGNGA.00090,INST1,ULP.32730,4691221,32730.INSPEKSI2,ULP.32730,COMP,ULP JENEPONTO,,26/06/2026,,BAIK,P_JENTAK,26/06/2026,,98696872,TND,Jun,UP3 BULUKUMBA,JTM,TL,"3,30",,2026,,,,,,,,,,,,
98747772,Perbaikan/Pergantian INSPEKSI TIER 1 SEGMEN LBS.BELOKALLONG-TG.ARUNGKEKE.00365,INST1,ULP.32730,4691120,32730.INSPEKSI2,ULP.32730,COMP,ULP JENEPONTO,,26/06/2026,,BAIK,P_ARUNGKEKE,26/06/2026,,98545225,TND,Jun,UP3 BULUKUMBA,JTM,TL,"0,94",,2026,,,,,,,,,,,,
98762496,Perbaikan/Pergantian INSPEKSI TIER 1 BB70030,INST1,GD01.06302917,,32740.INSPEKSI1,ULP.32740,WAPPR,ULP BANTAENG,,26/06/2026,,,P_LEMBANG,26/06/2026,,98738200,TND,Jun,UP3 BULUKUMBA,GD,TL,"0,00",,2026,,,,,,,,,,,,
98764099,Perbaikan/Pergantian INSPEKSI TIER 1 SEGMEN TG.EREMERATA.00001 - TG.EREMERATA.00037,INST1,ULP.32750,4690754,32750.INSPEKSI3,ULP.32750,COMP,ULP SELAYAR,,26/06/2026,,BAIK,P_EREMATA,24/08/2026,,98562208,TND,Jun,UP3 BULUKUMBA,JTM,TL,"1,85",,2026,,,,,,,,,,,,
98778470,INSPEKSI TIER 1 BS60-058,INST1,GD01.06301893,,32760.INSPEKSI2,ULP.32760,COMP,ULP SINJAI,,26/06/2026,,,P_MATUMPU,27/06/2026,,,TND,Jun,UP3 BULUKUMBA,GD,INSP,"0,00",,2026,,,,,,,,,,,,
98782104,INSPEKSI TIER 1 BS60-057,INST1,GD01.06301894,,32760.INSPEKSI2,ULP.32760,COMP,ULP SINJAI,,26/06/2026,,,P_MATUMPU,27/06/2026,,,TND,Jun,UP3 BULUKUMBA,GD,INSP,"0,00",,2026,,,,,,,,,,,,
98782540,INSPEKSI TIER 1 BS60-059,INST1,GD01.06301895,,32760.INSPEKSI2,ULP.32760,COMP,ULP SINJAI,,26/06/2026,,,P_MATUMPU,27/06/2026,,,TND,Jun,UP3 BULUKUMBA,GD,INSP,"0,00",,2026,,,,,,,,,,,,
98783014,INSPEKSI TIER 1 BS60-060,INST1,GD01.06301896,,32760.INSPEKSI2,ULP.32760,COMP,ULP SINJAI,,26/06/2026,,,P_MATUMPU,27/06/2026,,,TND,Jun,UP3 BULUKUMBA,GD,INSP,"0,00",,2026,,,,,,,,,,,,
98784912,INSPEKSI TIER 1 BS60-061,INST1,GD01.06301897,,32760.INSPEKSI2,ULP.32760,COMP,ULP SINJAI,,26/06/2026,,,P_MATUMPU,27/06/2026,,,TND,Jun,UP3 BULUKUMBA,GD,INSP,"0,00",,2026,,,,,,,,,,,,
98785891,INSPEKSI TIER 1 BS60-062,INST1,GD01.06301898,,32760.INSPEKSI2,ULP.32760,COMP,ULP SINJAI,,26/06/2026,,,P_MATUMPU,27/06/2026,,,TND,Jun,UP3 BULUKUMBA,GD,INSP,"0,00",,2026,,,,,,,,,,,,
98786189,INSPEKSI TIER 1 BS60-063,INST1,GD01.06301899,,32760.INSPEKSI2,ULP.32760,COMP,ULP SINJAI,,26/06/2026,,,P_MATUMPU,27/06/2026,,,TND,Jun,UP3 BULUKUMBA,GD,INSP,"0,00",,2026,,,,,,,,,,,,
98830427,INSPEKSI TIER 1 BB70052,INST1,GD01.06302939,,32740.INSPEKSI1,ULP.32740,COMP,ULP BANTAENG,,29/06/2026,,CUKUP,P_LEMBANG,29/06/2026,,,TND,Jun,UP3 BULUKUMBA,GD,INSP,"0,00",,2026,,,,,,,,,,,,
98830548,INSPEKSI TIER 1 BB70061,INST1,GD01.06302947,,32740.INSPEKSI1,ULP.32740,COMP,ULP BANTAENG,,29/06/2026,,KURANG,P_LEMBANG,29/06/2026,,,TND,Jun,UP3 BULUKUMBA,GD,INSP,"0,00",,2026,,,,,,,,,,,,
98830770,INSPEKSI TIER 1 BB70062,INST1,GD01.06302948,,32740.INSPEKSI1,ULP.32740,COMP,ULP BANTAENG,,29/06/2026,,KURANG,P_LEMBANG,29/06/2026,,,TND,Jun,UP3 BULUKUMBA,GD,INSP,"0,00",,2026,,,,,,,,,,,,
98831221,INSPEKSI TIER 1 BB70070,INST1,GD01.06302954,,32740.INSPEKSI1,ULP.32740,COMP,ULP BANTAENG,,29/06/2026,,CUKUP,P_LEMBANG,29/06/2026,,,TND,Jun,UP3 BULUKUMBA,GD,INSP,"0,00",,2026,,,,,,,,,,,,
98831727,INSPEKSI TIER 1 BB70074,INST1,GD01.06302958,,32740.INSPEKSI1,ULP.32740,COMP,ULP BANTAENG,,29/06/2026,,KURANG,P_LEMBANG,29/06/2026,,,TND,Jun,UP3 BULUKUMBA,GD,INSP,"0,00",,2026,,,,,,,,,,,,
98831912,INSPEKSI TIER 1 BB70076,INST1,GD01.06302960,,32740.INSPEKSI1,ULP.32740,COMP,ULP BANTAENG,,29/06/2026,,KURANG,P_LEMBANG,29/06/2026,,,TND,Jun,UP3 BULUKUMBA,GD,INSP,"0,00",,2026,,,,,,,,,,,,
98834134,INSPEKSI TIER 1 BB70142,INST1,GD01.06302962,,32740.INSPEKSI1,ULP.32740,COMP,ULP BANTAENG,,29/06/2026,,CUKUP,P_LEMBANG,29/06/2026,,,TND,Jun,UP3 BULUKUMBA,GD,INSP,"0,00",,2026,,,,,,,,,,,,
98835098,INSPEKSI TIER 1 BB70143,INST1,GD01.06302963,,32740.INSPEKSI1,ULP.32740,COMP,ULP BANTAENG,,29/06/2026,,KURANG,P_LEMBANG,29/06/2026,,,TND,Jun,UP3 BULUKUMBA,GD,INSP,"0,00",,2026,,,,,,,,,,,,
98838094,Perbaikan/Pergantian INSPEKSI TIER 1 SEGMEN TG.KALUMPANG.00139-TG.KALUMPANG.00201,INST1,ULP.32720,4691031,32720.INSPEKSI3,ULP.32720,COMP,ULP KALUMPANG,,29/06/2026,,BAIK,P_SAPOLOHE,30/06/2026,,98677482,TND,Jun,UP3 BULUKUMBA,JTM,TL,"3,10",,2026,,,,,,,,,,,,
98856549,Perbaikan/Pergantian INSPEKSI TIER 1 BT03544,INST1,GD01.06300688,,32770.INSPEKSI1,ULP.32770,COMP,ULP TANETE,,29/06/2026,6/29/26 3:26 PM,CUKUP,P_UJUNGLOE,24/08/2026,,98531592,TND,Jun,UP3 BULUKUMBA,GD,TL,"0,00",,2026,,,,,,,,,,,,
98856617,Perbaikan/Pergantian INSPEKSI TIER 1 BT03545,INST1,GD01.06300689,,32770.INSPEKSI1,ULP.32770,COMP,ULP TANETE,,29/06/2026,6/29/26 3:27 PM,CUKUP,P_UJUNGLOE,24/08/2026,,98531603,TND,Jun,UP3 BULUKUMBA,GD,TL,"0,00",,2026,,,,,,,,,,,,
98856729,Perbaikan/Pergantian INSPEKSI TIER 1 BT03548,INST1,GD01.06300692,,32770.INSPEKSI1,ULP.32770,COMP,ULP TANETE,,29/06/2026,6/29/26 3:22 PM,KURANG,P_UJUNGLOE,24/08/2026,,98531636,TND,Jun,UP3 BULUKUMBA,GD,TL,"0,00",,2026,,,,,,,,,,,,
98856787,Perbaikan/Pergantian INSPEKSI TIER 1 BT03551,INST1,GD01.06300695,,32770.INSPEKSI1,ULP.32770,COMP,ULP TANETE,,29/06/2026,6/29/26 3:23 PM,KURANG,P_UJUNGLOE,24/08/2026,,98531647,TND,Jun,UP3 BULUKUMBA,GD,TL,"0,00",,2026,,,,,,,,,,,,
98856887,Perbaikan/Pergantian INSPEKSI TIER 1 BT01503,INST1,GD01.06300428,,32770.INSPEKSI1,ULP.32770,COMP,ULP TANETE,,29/06/2026,6/29/26 3:24 PM,KURANG,P_BINTARORE,27/08/2026,,98531768,TND,Jun,UP3 BULUKUMBA,GD,TL,"0,00",,2026,,,,,,,,,,,,
98856936,Perbaikan/Pergantian INSPEKSI TIER 1 BT01504,INST1,GD01.06300429,,32770.INSPEKSI1,ULP.32770,COMP,ULP TANETE,,29/06/2026,6/29/26 3:25 PM,KURANG,P_BINTARORE,27/08/2026,,98531778,TND,Jun,UP3 BULUKUMBA,GD,TL,"0,00",,2026,,,,,,,,,,,,
98861128,INSPEKSI TIER 1 SEGMEN TG.KALUMPANG.00401-TG.KALUMPANG.00466,INST1,ULP.32720,4691056,32720.INSPEKSI3,ULP.32720,COMP,ULP KALUMPANG,,29/06/2026,,BAIK,P_SAPOLOHE,30/06/2026,,,TND,Jun,UP3 BULUKUMBA,JTM,INSP,"3,15",,2026,,,,,,,,,,,,
98861359,INSPEKSI TIER 1 SEGMEN TG.KALUMPANG.00023-TG.TANUNTUNG.00076,INST1,ULP.32720,4691058,32720.INSPEKSI3,ULP.32720,COMP,ULP KALUMPANG,,29/06/2026,,KURANG,P_SAPOLOHE,30/06/2026,,,TND,Jun,UP3 BULUKUMBA,JTM,INSP,"3,75",,2026,,,,,,,,,,,,
98861692,INSPEKSI TIER 1 SEGMEN TG.KALUMPANG.00401.L0039-TG.KALUMPANG.00401.L0039.R0066,INST1,ULP.32720,4691054,32720.INSPEKSI3,ULP.32720,COMP,ULP KALUMPANG,,29/06/2026,,BAIK,P_SAPOLOHE,30/06/2026,,,TND,Jun,UP3 BULUKUMBA,JTM,INSP,"3,30",,2026,,,,,,,,,,,,
98862349,INSPEKSI TIER 1 SEGMEN TG.TANUNTUNG.00079-TG.TANUNTUNG.00171,INST1,ULP.32720,4691065,32720.INSPEKSI2,ULP.32720,COMP,ULP KALUMPANG,,29/06/2026,,BAIK,P_SAPOLOHE,30/06/2026,,,TND,Jun,UP3 BULUKUMBA,JTM,INSP,"4,50",,2026,,,,,,,,,,,,
98863595,INSPEKSI TIER 1 SEGMEN TG.TANUNTUNG.00076-TG.TANUNTUNG.00076.R0063,INST1,ULP.32720,4691059,32720.INSPEKSI2,ULP.32720,COMP,ULP KALUMPANG,,29/06/2026,,BAIK,P_SAPOLOHE,30/06/2026,,,TND,Jun,UP3 BULUKUMBA,JTM,INSP,"3,16",,2026,,,,,,,,,,,,
98863729,INSPEKSI TIER 1 SEGMEN TG.TANUNTUNG.00171-TG.TANUNTUNG.00171.L0104,INST1,ULP.32720,4691066,32720.INSPEKSI2,ULP.32720,COMP,ULP KALUMPANG,,29/06/2026,,BAIK,P_SAPOLOHE,30/06/2026,,,TND,Jun,UP3 BULUKUMBA,JTM,INSP,"5,05",,2026,,,,,,,,,,,,
98863931,INSPEKSI TIER 1 SEGMEN TG.TANUNTUNG.00210-TG.TANUNTUNG.00210.L0073,INST1,ULP.32720,4691071,32720.INSPEKSI2,ULP.32720,WFOLLOWUP,ULP KALUMPANG,,29/06/2026,,BURUK,P_SAPOLOHE,30/06/2026,,,TND,Jun,UP3 BULUKUMBA,JTM,INSP,"3,60",,2026,,,,,,,,,,,,
98867196,INSPEKSI TIER 1 BB72503,INST1,GD01.19602651,,32740.INSPEKSI1,ULP.32740,COMP,ULP BANTAENG,,29/06/2026,,CUKUP,P_LEMBANG,30/06/2026,,,TND,Jun,UP3 BULUKUMBA,GD,INSP,"0,00",,2026,,,,,,,,,,,,
98867327,INSPEKSI TIER 1 BB70066,INST1,GD01.19602654,,32740.INSPEKSI2,ULP.32740,COMP,ULP BANTAENG,,29/06/2026,,CUKUP,P_LEMBANG,30/06/2026,,,TND,Jun,UP3 BULUKUMBA,GD,INSP,"0,00",,2026,,,,,,,,,,,,
98867356,INSPEKSI TIER 1 BB70112,INST1,GD01.19602656,,32740.INSPEKSI2,ULP.32740,COMP,ULP BANTAENG,,29/06/2026,,KURANG,P_LINGKAR,30/06/2026,,,TND,Jun,UP3 BULUKUMBA,GD,INSP,"0,00",,2026,,,,,,,,,,,,
98867383,INSPEKSI TIER 1 BB18027,INST1,GD01.06302222,,32740.INSPEKSI1,ULP.32740,COMP,ULP BANTAENG,,29/06/2026,,KURANG,P_LINGKAR,30/06/2026,,,TND,Jun,UP3 BULUKUMBA,GD,INSP,"0,00",,2026,,,,,,,,,,,,
98867395,INSPEKSI TIER 1 BB18028,INST1,GD01.06302223,,32740.INSPEKSI1,ULP.32740,WFOLLOWUP,ULP BANTAENG,,29/06/2026,,BURUK,P_LINGKAR,30/06/2026,,,TND,Jun,UP3 BULUKUMBA,GD,INSP,"0,00",,2026,,,,,,,,,,,,
98867551,INSPEKSI TIER 1 BB18029,INST1,GD01.06302224,,32740.INSPEKSI1,ULP.32740,WFOLLOWUP,ULP BANTAENG,,29/06/2026,,BURUK,P_LINGKAR,30/06/2026,,,TND,Jun,UP3 BULUKUMBA,GD,INSP,"0,00",,2026,,,,,,,,,,,,
98867673,INSPEKSI TIER 1 BB18030,INST1,GD01.06302225,,32740.INSPEKSI1,ULP.32740,COMP,ULP BANTAENG,,29/06/2026,,CUKUP,P_LINGKAR,30/06/2026,,,TND,Jun,UP3 BULUKUMBA,GD,INSP,"0,00",,2026,,,,,,,,,,,,
98867849,INSPEKSI TIER 1 BB18031,INST1,GD01.06302226,,32740.INSPEKSI1,ULP.32740,COMP,ULP BANTAENG,,29/06/2026,,KURANG,P_LINGKAR,30/06/2026,,,TND,Jun,UP3 BULUKUMBA,GD,INSP,"0,00",,2026,,,,,,,,,,,,
98868081,INSPEKSI TIER 1 BB18032,INST1,GD01.06302227,,32740.INSPEKSI1,ULP.32740,WFOLLOWUP,ULP BANTAENG,,29/06/2026,,BURUK,P_LINGKAR,30/06/2026,,,TND,Jun,UP3 BULUKUMBA,GD,INSP,"0,00",,2026,,,,,,,,,,,,
98868940,INSPEKSI TIER 1 BB18036,INST1,GD01.06302231,,32740.INSPEKSI1,ULP.32740,COMP,ULP BANTAENG,,29/06/2026,,CUKUP,P_LINGKAR,30/06/2026,,,TND,Jun,UP3 BULUKUMBA,GD,INSP,"0,00",,2026,,,,,,,,,,,,
98869000,INSPEKSI TIER 1 BT03561,INST1,GD01.06300431,,32770.INSPEKSI3,ULP.32770,WFCOMP,ULP TANETE,,29/06/2026,6/30/26 8:03 AM,KURANG,P_BINTARORE,28/08/2026,,,TND,Jun,UP3 BULUKUMBA,GD,INSP,"0,00",,2026,,,,,,,,,,,,
98869459,INSPEKSI TIER 1 BT01534,INST1,GD01.06300432,,32770.INSPEKSI3,ULP.32770,COMP,ULP TANETE,,29/06/2026,6/30/26 8:05 AM,KURANG,P_BINTARORE,30/06/2026,,,TND,Jun,UP3 BULUKUMBA,GD,INSP,"0,00",,2026,,,,,,,,,,,,
98870405,INSPEKSI TIER 1 BT01508,INST1,GD01.06300434,,32770.INSPEKSI3,ULP.32770,COMP,ULP TANETE,,29/06/2026,6/30/26 8:06 AM,KURANG,P_BINTARORE,30/06/2026,,,TND,Jun,UP3 BULUKUMBA,GD,INSP,"0,00",,2026,,,,,,,,,,,,
98871684,INSPEKSI TIER 1 BT01509,INST1,GD01.06300435,,32770.INSPEKSI3,ULP.32770,COMP,ULP TANETE,,29/06/2026,6/30/26 8:07 AM,KURANG,P_BINTARORE,30/06/2026,,,TND,Jun,UP3 BULUKUMBA,GD,INSP,"0,00",,2026,,,,,,,,,,,,
98871714,INSPEKSI TIER 1 BT01511,INST1,GD01.06300437,,32770.INSPEKSI3,ULP.32770,COMP,ULP TANETE,,29/06/2026,6/30/26 8:08 AM,KURANG,P_BINTARORE,30/06/2026,,,TND,Jun,UP3 BULUKUMBA,GD,INSP,"0,00",,2026,,,,,,,,,,,,
98871766,INSPEKSI TIER 1 BT01512,INST1,GD01.06300438,,32770.INSPEKSI3,ULP.32770,COMP,ULP TANETE,,29/06/2026,6/30/26 8:10 AM,KURANG,P_BINTARORE,30/06/2026,,,TND,Jun,UP3 BULUKUMBA,GD,INSP,"0,00",,2026,,,,,,,,,,,,
98881771,INSPEKSI TIER 1 SEGMEN TG. EXPRESSTANGKA.00001-TG.EXPRESSTANGKA.00275,INST1,ULP.32760,4691769,32760.INSPEKSI1,ULP.32760,COMP,ULP SINJAI,,30/06/2026,,BAIK,P_TIELINE TANGKA,03/07/2026,,,TND,Jun,UP3 BULUKUMBA,JTM,INSP,"13,75",,2026,,,,,,,,,,,,
98882151,INSPEKSI TIER 1 SEGMEN TG.EXPRESSTANGKA.00275-TG.EKSPRESS.01228 BAG 1,INST1,ULP.32760,4691770,32760.INSPEKSI1,ULP.32760,COMP,ULP SINJAI,,30/06/2026,,BAIK,P_TIELINE TANGKA,03/07/2026,,,TND,Jun,UP3 BULUKUMBA,JTM,INSP,"47,65",,2026,,,,,,,,,,,,
98884152,Perbaikan/Pergantian INSPEKSI TIER 1 SEGMEN LBS.ARA-TG.KALUMPANG.00201.R0103,INST1,ULP.32720,4691033,32720.INSPEKSI3,ULP.32720,COMP,ULP KALUMPANG,,30/06/2026,,BAIK,P_SAPOLOHE,19/08/2026,,98677546,TND,Jun,UP3 BULUKUMBA,JTM,TL,"4,85",,2026,,,,,,,,,,,,
98884413,Perbaikan/Pergantian INSPEKSI TIER 1 SEGMEN TG.SLOHE.00173-LBS.LAHONGKA,INST1,ULP.32720,4691002,32720.INSPEKSI2,ULP.32720,WINSP,ULP KALUMPANG,,30/06/2026,,,P_SAPOLOHE,10/08/2026,,98520840,TND,Jun,UP3 BULUKUMBA,JTM,TL,"6,70",,2026,,,,,,,,,,,,
98891509,Perbaikan/Pergantian INSPEKSI TIER 1 BB18028,INST1,GD01.06302223,,32740.INSPEKSI1,ULP.32740,WAPPR,ULP BANTAENG,,30/06/2026,,,P_LINGKAR,30/06/2026,,98867395,TND,Jun,UP3 BULUKUMBA,GD,TL,"0,00",,2026,,,,,,,,,,,,
98892179,Perbaikan/Pergantian INSPEKSI TIER 1 BB18029,INST1,GD01.06302224,,32740.INSPEKSI1,ULP.32740,WINSP,ULP BANTAENG,,30/06/2026,,,P_LINGKAR,27/07/2026,,98867551,TND,Jun,UP3 BULUKUMBA,GD,TL,"0,00",,2026,,,,,,,,,,,,
98893768,Perbaikan/Pergantian INSPEKSI TIER 1 SEGMEN TG.TANUNTUNG.00210-TG.TANUNTUNG.00210.L0073,INST1,ULP.32720,4691071,32720.INSPEKSI2,ULP.32720,WINSP,ULP KALUMPANG,,30/06/2026,,,P_SAPOLOHE,10/08/2026,,98863931,TND,Jun,UP3 BULUKUMBA,JTM,TL,"3,60",,2026,,,,,,,,,,,,
98899092,Perbaikan/Pergantian INSPEKSI TIER 1 SEGMEN TG.KALUMPANG.00341.L0010-TG.KALUMPANG.00341.L0087,INST1,ULP.32720,4691050,32720.INSPEKSI3,ULP.32720,COMP,ULP KALUMPANG,,30/06/2026,,BAIK,P_SAPOLOHE,27/08/2026,,98677645,TND,Jun,UP3 BULUKUMBA,JTM,TL,"3,80",,2026,,,,,,,,,,,,
98902125,Perbaikan/Pergantian INSPEKSI TIER 1 BT03561,INST1,GD01.06300431,,32770.INSPEKSI3,ULP.32770,COMP,ULP TANETE,,30/06/2026,,KURANG,P_BINTARORE,28/08/2026,,98869000,TND,Jun,UP3 BULUKUMBA,GD,TL,"0,00",,2026,,,,,,,,,,,,
98903590,Perbaikan/Pergantian INSPEKSI TIER 1 SEGMEN TG.SAPIRI.00108.R00028-TG.SAPIRI.00108.R0028.R00114 BAG 1,INST1,ULP.32710,4691522,32710.INSPEKSI2,ULP.32710,COMP,ULP PANRITA LOPI,,30/06/2026,,BAIK,P_SAPIRIA,08/07/2026,,98746338,TND,Jun,UP3 BULUKUMBA,JTM,TL,"5,70",,2026,,,,,,,,,,,,
98904228,Perbaikan/Pergantian INSPEKSI TIER 1 BB18032,INST1,GD01.06302227,,32740.INSPEKSI1,ULP.32740,INPRG,ULP BANTAENG,,30/06/2026,,,P_LINGKAR,23/08/2026,,98868081,TND,Jun,UP3 BULUKUMBA,GD,TL,"0,00",,2026,,,,,,,,,,,,
98905046,INSPEKSI TIER 1 BB19008,INST1,GD01.06302597,,32740.INSPEKSI2,ULP.32740,COMP,ULP BANTAENG,,30/06/2026,,,P_LEMBANG,23/07/2026,,,TND,Jun,UP3 BULUKUMBA,GD,INSP,"0,00",,2026,,,,,,,,,,,,
98977122,INSPEKSI TIER 1 BJ11077,INST1,GD01.06301094,,32730.INSPEKSI1,ULP.32730,COMP,ULP JENEPONTO,,01/07/2026,,KURANG,P_BATANG,15/07/2026,,,TND,Jul,UP3 BULUKUMBA,GD,INSP,"0,00",,2026,,,,,,,,,,,,
98977365,INSPEKSI TIER 1 BJ74502,INST1,GD01.06301097,,32730.INSPEKSI1,ULP.32730,COMP,ULP JENEPONTO,,01/07/2026,,KURANG,P_JENTAK,15/07/2026,,,TND,Jul,UP3 BULUKUMBA,GD,INSP,"0,00",,2026,,,,,,,,,,,,
98977977,INSPEKSI TIER 1 BJ74508,INST1,GD01.06301103,,32730.INSPEKSI1,ULP.32730,COMP,ULP JENEPONTO,,01/07/2026,,KURANG,P_JENTAK,15/07/2026,,,TND,Jul,UP3 BULUKUMBA,GD,INSP,"0,00",,2026,,,,,,,,,,,,
98978513,INSPEKSI TIER 1 BJ74509,INST1,GD01.06301104,,32730.INSPEKSI1,ULP.32730,COMP,ULP JENEPONTO,,01/07/2026,,KURANG,P_JENTAK,15/07/2026,,,TND,Jul,UP3 BULUKUMBA,GD,INSP,"0,00",,2026,,,,,,,,,,,,
99226548,INSPEKSI TIER 1 BJ74510,INST1,GD01.06301105,,32730.INSPEKSI1,ULP.32730,COMP,ULP JENEPONTO,,03/07/2026,,CUKUP,P_JENTAK,15/07/2026,,,TND,Jul,UP3 BULUKUMBA,GD,INSP,"0,00",,2026,,,,,,,,,,,,
99228326,INSPEKSI TIER 1 BJ74512,INST1,GD01.06301107,,32730.INSPEKSI1,ULP.32730,COMP,ULP JENEPONTO,,03/07/2026,,KURANG,P_JENTAK,15/07/2026,,,TND,Jul,UP3 BULUKUMBA,GD,INSP,"0,00",,2026,,,,,,,,,,,,
99228978,INSPEKSI TIER 1 BJ74513,INST1,GD01.06301108,,32730.INSPEKSI1,ULP.32730,COMP,ULP JENEPONTO,,03/07/2026,,KURANG,P_JENTAK,15/07/2026,,,TND,Jul,UP3 BULUKUMBA,GD,INSP,"0,00",,2026,,,,,,,,,,,,
99229553,INSPEKSI TIER 1 BJ74514,INST1,GD01.06301109,,32730.INSPEKSI1,ULP.32730,COMP,ULP JENEPONTO,,03/07/2026,,CUKUP,P_JENTAK,15/07/2026,,,TND,Jul,UP3 BULUKUMBA,GD,INSP,"0,00",,2026,,,,,,,,,,,,
99236058,INSPEKSI TIER 1 BJ74516,INST1,GD01.06301111,,32730.INSPEKSI1,ULP.32730,COMP,ULP JENEPONTO,,03/07/2026,,CUKUP,P_JENTAK,15/07/2026,,,TND,Jul,UP3 BULUKUMBA,GD,INSP,"0,00",,2026,,,,,,,,,,,,
99240210,INSPEKSI TIER 1 BJ74518,INST1,GD01.06301113,,32730.INSPEKSI1,ULP.32730,COMP,ULP JENEPONTO,,03/07/2026,,KURANG,P_JENTAK,15/07/2026,,,TND,Jul,UP3 BULUKUMBA,GD,INSP,"0,00",,2026,,,,,,,,,,,,
99241157,INSPEKSI TIER 1 BJ74519,INST1,GD01.06301114,,32730.INSPEKSI1,ULP.32730,COMP,ULP JENEPONTO,,03/07/2026,,CUKUP,P_JENTAK,15/07/2026,,,TND,Jul,UP3 BULUKUMBA,GD,INSP,"0,00",,2026,,,,,,,,,,,,
99242905,INSPEKSI TIER 1 BJ74520,INST1,GD01.06301115,,32730.INSPEKSI1,ULP.32730,COMP,ULP JENEPONTO,,03/07/2026,,KURANG,P_JENTAK,15/07/2026,,,TND,Jul,UP3 BULUKUMBA,GD,INSP,"0,00",,2026,,,,,,,,,,,,
99243542,INSPEKSI TIER 1 BJ74521,INST1,GD01.06301116,,32730.INSPEKSI1,ULP.32730,COMP,ULP JENEPONTO,,03/07/2026,,CUKUP,P_JENTAK,15/07/2026,,,TND,Jul,UP3 BULUKUMBA,GD,INSP,"0,00",,2026,,,,,,,,,,,,
99243567,INSPEKSI TIER 1 BJ74522,INST1,GD01.06301117,,32730.INSPEKSI1,ULP.32730,COMP,ULP JENEPONTO,,03/07/2026,,CUKUP,P_JENTAK,15/07/2026,,,TND,Jul,UP3 BULUKUMBA,GD,INSP,"0,00",,2026,,,,,,,,,,,,
99243813,INSPEKSI TIER 1 BJ74526,INST1,GD01.06301121,,32730.INSPEKSI1,ULP.32730,COMP,ULP JENEPONTO,,03/07/2026,,CUKUP,P_JENTAK,15/07/2026,,,TND,Jul,UP3 BULUKUMBA,GD,INSP,"0,00",,2026,,,,,,,,,,,,
99243822,INSPEKSI TIER 1 BJ74529,INST1,GD01.06301124,,32730.INSPEKSI1,ULP.32730,COMP,ULP JENEPONTO,,03/07/2026,,KURANG,P_JENTAK,15/07/2026,,,TND,Jul,UP3 BULUKUMBA,GD,INSP,"0,00",,2026,,,,,,,,,,,,
99244771,INSPEKSI TIER 1 BJ74530,INST1,GD01.06301125,,32730.INSPEKSI1,ULP.32730,COMP,ULP JENEPONTO,,03/07/2026,,KURANG,P_JENTAK,15/07/2026,,,TND,Jul,UP3 BULUKUMBA,GD,INSP,"0,00",,2026,,,,,,,,,,,,
99244970,INSPEKSI TIER 1 BJ74532,INST1,GD01.06301127,,32730.INSPEKSI1,ULP.32730,COMP,ULP JENEPONTO,,03/07/2026,,KURANG,P_JENTAK,15/07/2026,,,TND,Jul,UP3 BULUKUMBA,GD,INSP,"0,00",,2026,,,,,,,,,,,,
99245024,INSPEKSI TIER 1 BJ74533,INST1,GD01.06301128,,32730.INSPEKSI1,ULP.32730,COMP,ULP JENEPONTO,,03/07/2026,,KURANG,P_JENTAK,15/07/2026,,,TND,Jul,UP3 BULUKUMBA,GD,INSP,"0,00",,2026,,,,,,,,,,,,
99262542,INSPEKSI TIER 1 SEGMEN TG. LAMATTIRILAU.00065-TG.LAMATTIRILAU.00065.L0097,INST1,ULP.32760,4691669,32760.INSPEKSI1,ULP.32760,COMP,ULP SINJAI,,06/07/2026,,BAIK,P_MATUMPU,07/07/2026,,,TND,Jul,UP3 BULUKUMBA,JTM,INSP,"4,85",,2026,,,,,,,,,,,,
99263002,INSPEKSI TIER 1 SEGMEN TG. LAMATTIRILAU.00065-TG.LAMATTIRILAU.00065.R0039,INST1,ULP.32760,4691670,32760.INSPEKSI1,ULP.32760,COMP,ULP SINJAI,,06/07/2026,,BAIK,P_MATUMPU,10/07/2026,,,TND,Jul,UP3 BULUKUMBA,JTM,INSP,"1,95",,2026,,,,,,,,,,,,
99264603,INSPEKSI TIER 1 SEGMEN TG. LAMATTIRILAU.00065-TG.LAMATTIRILAU.00079,INST1,ULP.32760,4691671,32760.INSPEKSI1,ULP.32760,COMP,ULP SINJAI,,06/07/2026,,BAIK,P_MATUMPU,07/07/2026,,,TND,Jul,UP3 BULUKUMBA,JTM,INSP,"0,70",,2026,,,,,,,,,,,,
99264882,INSPEKSI TIER 1 SEGMEN TG. LAMATTIRILAU.00079-TG.LAMATTIRILAU.00079.R0007,INST1,ULP.32760,4691672,32760.INSPEKSI1,ULP.32760,COMP,ULP SINJAI,,06/07/2026,,BAIK,P_MATUMPU,07/07/2026,,,TND,Jul,UP3 BULUKUMBA,JTM,INSP,"0,35",,2026,,,,,,,,,,,,
99267944,INSPEKSI TIER 1 SEGMEN TG. LAMATTIRILAU.00079-TG.LAMATTIRILAU.00146,INST1,ULP.32760,4691673,32760.INSPEKSI1,ULP.32760,COMP,ULP SINJAI,,06/07/2026,,BAIK,P_MATUMPU,07/07/2026,,,TND,Jul,UP3 BULUKUMBA,JTM,INSP,"3,35",,2026,,,,,,,,,,,,
99268438,INSPEKSI TIER 1 SEGMEN TG. LAMATTIRILAU.00146-TG.LAMATTIRILAU.00146.R0022,INST1,ULP.32760,4691674,32760.INSPEKSI1,ULP.32760,COMP,ULP SINJAI,,06/07/2026,,BAIK,P_MATUMPU,08/07/2026,,,TND,Jul,UP3 BULUKUMBA,JTM,INSP,"1,10",,2026,,,,,,,,,,,,
99268529,INSPEKSI TIER 1 SEGMEN TG. LAMATTIRILAU.00146-TG.LAMATTIRILAU.00181,INST1,ULP.32760,4691675,32760.INSPEKSI1,ULP.32760,COMP,ULP SINJAI,,06/07/2026,,BAIK,P_MATUMPU,07/07/2026,,,TND,Jul,UP3 BULUKUMBA,JTM,INSP,"1,75",,2026,,,,,,,,,,,,
99269816,INSPEKSI TIER 1 SEGMEN TG. LAMATTIRILAU.00181-TG.LAMATTIRILAU.00181.R0087,INST1,ULP.32760,4691676,32760.INSPEKSI1,ULP.32760,WFCOMP,ULP SINJAI,,06/07/2026,,BAIK,P_MATUMPU,24/07/2026,,,TND,Jul,UP3 BULUKUMBA,JTM,INSP,"4,35",,2026,,,,,,,,,,,,
99270974,INSPEKSI TIER 1 SEGMEN TG. LAMATTIRILAU.00181-TG.LAMATTIRILAU.00245,INST1,ULP.32760,4691677,32760.INSPEKSI1,ULP.32760,COMP,ULP SINJAI,,06/07/2026,,BAIK,P_MATUMPU,08/07/2026,,,TND,Jul,UP3 BULUKUMBA,JTM,INSP,"3,20",,2026,,,,,,,,,,,,
99271886,INSPEKSI TIER 1 SEGMEN TG. LAMATTIRILAU.00245-TG.LAMATTIRILAU.00245.R0110,INST1,ULP.32760,4691678,32760.INSPEKSI1,ULP.32760,COMP,ULP SINJAI,,06/07/2026,,BAIK,P_MATUMPU,08/07/2026,,,TND,Jul,UP3 BULUKUMBA,JTM,INSP,"5,50",,2026,,,,,,,,,,,,
99272308,INSPEKSI TIER 1 SEGMEN TG. LAMATTIRILAU.00245-TG.LAMATTIRILAU.00289,INST1,ULP.32760,4691679,32760.INSPEKSI1,ULP.32760,COMP,ULP SINJAI,,06/07/2026,,BAIK,P_MATUMPU,08/07/2026,,,TND,Jul,UP3 BULUKUMBA,JTM,INSP,"2,20",,2026,,,,,,,,,,,,
99370429,INSPEKSI TIER 1 SEGMEN TG. LAMATTIRILAU.00289.L0051.L0020-TG.LAMATTIRILAU.00289.L0051.L0020.L0010,INST1,ULP.32760,4691680,32760.INSPEKSI1,ULP.32760,COMP,ULP SINJAI,,08/07/2026,,BAIK,P_MATUMPU,24/07/2026,,,TND,Jul,UP3 BULUKUMBA,JTM,INSP,"0,50",,2026,,,,,,,,,,,,
99381849,INSPEKSI TIER 1 BS60-135,INST1,GD01.06301975,,32760.INSPEKSI2,ULP.32760,COMP,ULP SINJAI,,08/07/2026,,,P_BINTARORE,21/07/2026,,,TND,Jul,UP3 BULUKUMBA,GD,INSP,"0,00",,2026,,,,,,,,,,,,
99382566,INSPEKSI TIER 1 BS60-136,INST1,GD01.06301976,,32760.INSPEKSI2,ULP.32760,COMP,ULP SINJAI,,08/07/2026,,,P_BINTARORE,21/07/2026,,,TND,Jul,UP3 BULUKUMBA,GD,INSP,"0,00",,2026,,,,,,,,,,,,
99393500,INSPEKSI TIER 1 BS59184,INST1,GD01.06302000,,32760.INSPEKSI2,ULP.32760,COMP,ULP SINJAI,,08/07/2026,,CUKUP,P_TIELINE TANGKA,22/07/2026,,,TND,Jul,UP3 BULUKUMBA,GD,INSP,"0,00",,2026,,,,,,,,,,,,
99394332,INSPEKSI TIER 1 BS59180,INST1,GD01.06302005,,32760.INSPEKSI2,ULP.32760,COMP,ULP SINJAI,,08/07/2026,,KURANG,P_TIELINE TANGKA,22/07/2026,,,TND,Jul,UP3 BULUKUMBA,GD,INSP,"0,00",,2026,,,,,,,,,,,,
99397564,INSPEKSI TIER 1 BS59-174,INST1,GD01.06302030,,32760.INSPEKSI2,ULP.32760,COMP,ULP SINJAI,,08/07/2026,,,P_TIELINE TANGKA,07/08/2026,,,TND,Jul,UP3 BULUKUMBA,GD,INSP,"0,00",,2026,,,,,,,,,,,,
99398385,INSPEKSI TIER 1 BS59-189,INST1,GD01.06302037,,32760.INSPEKSI2,ULP.32760,COMP,ULP SINJAI,,08/07/2026,,,P_TIELINE TANGKA,21/07/2026,,,TND,Jul,UP3 BULUKUMBA,GD,INSP,"0,00",,2026,,,,,,,,,,,,
99400540,INSPEKSI TIER 1 BS06000,INST1,GD01.06302721,,32760.INSPEKSI2,ULP.32760,COMP,ULP SINJAI,,08/07/2026,,KURANG,P_LITHA,22/07/2026,,,TND,Jul,UP3 BULUKUMBA,GD,INSP,"0,00",,2026,,,,,,,,,,,,
99401889,INSPEKSI TIER 1 BS06002,INST1,GD01.06302723,,32760.INSPEKSI2,ULP.32760,COMP,ULP SINJAI,,08/07/2026,,KURANG,P_LITHA,21/07/2026,,,TND,Jul,UP3 BULUKUMBA,GD,INSP,"0,00",,2026,,,,,,,,,,,,
99405830,INSPEKSI TIER 1 BS59-031,INST1,GD01.06302756,,32760.INSPEKSI2,ULP.32760,COMP,ULP SINJAI,,08/07/2026,,,P_LITHA,21/07/2026,,,TND,Jul,UP3 BULUKUMBA,GD,INSP,"0,00",,2026,,,,,,,,,,,,
99405871,INSPEKSI TIER 1 BS59-032,INST1,GD01.06302757,,32760.INSPEKSI2,ULP.32760,COMP,ULP SINJAI,,08/07/2026,,,P_LITHA,21/07/2026,,,TND,Jul,UP3 BULUKUMBA,GD,INSP,"0,00",,2026,,,,,,,,,,,,
99406078,INSPEKSI TIER 1 BS59-043,INST1,GD01.06302768,,32760.INSPEKSI2,ULP.32760,COMP,ULP SINJAI,,08/07/2026,,,P_LITHA,21/07/2026,,,TND,Jul,UP3 BULUKUMBA,GD,INSP,"0,00",,2026,,,,,,,,,,,,
99406277,INSPEKSI TIER 1 BS59-211,INST1,GD01.06302771,,32760.INSPEKSI2,ULP.32760,COMP,ULP SINJAI,,08/07/2026,,,P_LITHA,22/07/2026,,,TND,Jul,UP3 BULUKUMBA,GD,INSP,"0,00",,2026,,,,,,,,,,,,
99406431,INSPEKSI TIER 1 BS59-055,INST1,GD01.06302782,,32760.INSPEKSI2,ULP.32760,COMP,ULP SINJAI,,08/07/2026,,,P_LITHA,22/07/2026,,,TND,Jul,UP3 BULUKUMBA,GD,INSP,"0,00",,2026,,,,,,,,,,,,
99406914,INSPEKSI TIER 1 SEGMEN TG.ARUNGKEKE.00365-TG.ARUNGKEKE.00365.R0014,INST1,ULP.32730,4691121,32730.INSPEKSI3,ULP.32730,COMP,ULP JENEPONTO,,08/07/2026,,BAIK,P_ARUNGKEKE,20/07/2026,,,TND,Jul,UP3 BULUKUMBA,JTM,INSP,"0,53",,2026,,,,,,,,,,,,
99406929,Perbaikan/Pergantian INSPEKSI TIER 1 SEGMEN TG. LAMATTIRILAU.00181-TG.LAMATTIRILAU.00181.R0087,INST1,ULP.32760,4691676,32760.INSPEKSI1,ULP.32760,COMP,ULP SINJAI,,08/07/2026,,BAIK,P_MATUMPU,24/07/2026,,99269816,TND,Jul,UP3 BULUKUMBA,JTM,TL,"4,35",,2026,,,,,,,,,,,,
99411311,INSPEKSI TIER 1 SEGMEN TG.KALUMPANG.00221-TG.KALUMPANG.00288,INST1,ULP.32720,4691040,32720.INSPEKSI3,ULP.32720,COMP,ULP KALUMPANG,,09/07/2026,,BAIK,P_SAPOLOHE,17/08/2026,,,TND,Jul,UP3 BULUKUMBA,JTM,INSP,"3,30",,2026,,,,,,,,,,,,
99412587,INSPEKSI TIER 1 SEGMEN TG.KALUMPANG.00297.R0034-TG.KALUMPANG.00297.R0096,INST1,ULP.32720,4691045,32720.INSPEKSI3,ULP.32720,COMP,ULP KALUMPANG,,09/07/2026,,KURANG,P_SAPOLOHE,17/08/2026,,,TND,Jul,UP3 BULUKUMBA,JTM,INSP,"3,10",,2026,,,,,,,,,,,,
99413430,INSPEKSI TIER 1 SEGMEN TG.KALUMPANG.00341-TG.KALUMPANG.00401,INST1,ULP.32720,4691051,32720.INSPEKSI3,ULP.32720,WFCOMP,ULP KALUMPANG,,09/07/2026,,BAIK,P_SAPOLOHE,27/08/2026,,,TND,Jul,UP3 BULUKUMBA,JTM,INSP,"2,90",,2026,,,,,,,,,,,,
99413662,INSPEKSI TIER 1 SEGMEN TG.TANUNTUNG.00210-TG.TANUNTUNG.00272,INST1,ULP.32720,4691074,32720.INSPEKSI3,ULP.32720,WFCOMP,ULP KALUMPANG,,09/07/2026,,BAIK,P_SAPOLOHE,27/08/2026,,,TND,Jul,UP3 BULUKUMBA,JTM,INSP,"3,05",,2026,,,,,,,,,,,,
99414047,INSPEKSI TIER 1 SEGMEN TG.TANUNTUNG.00305-TG.TANUNTUNG.00373,INST1,ULP.32720,4691077,32720.INSPEKSI3,ULP.32720,COMP,ULP KALUMPANG,,09/07/2026,,BAIK,P_SAPOLOHE,17/08/2026,,,TND,Jul,UP3 BULUKUMBA,JTM,INSP,"3,35",,2026,,,,,,,,,,,,
99414543,INSPEKSI TIER 1 SEGMEN TG.TANUNTUNG.00384.R0021-TG.TANUNTUNG.00384.R0083,INST1,ULP.32720,4691085,32720.INSPEKSI3,ULP.32720,COMP,ULP KALUMPANG,,09/07/2026,,KURANG,P_SAPOLOHE,17/08/2026,,,TND,Jul,UP3 BULUKUMBA,JTM,INSP,"3,10",,2026,,,,,,,,,,,,
99415869,INSPEKSI TIER 1 SEGMEN TG.ARUNGKEKE.00393.L0055-TG.ARUNGKEKE.00393.L0148,INST1,ULP.32730,4691127,32730.INSPEKSI3,ULP.32730,COMP,ULP JENEPONTO,,09/07/2026,,BAIK,P_ARUNGKEKE,20/07/2026,,,TND,Jul,UP3 BULUKUMBA,JTM,INSP,"3,85",,2026,,,,,,,,,,,,
99416561,INSPEKSI TIER 1 SEGMEN TG.ARUNGKEKE.00431-TG.ARUNGKEKE.00431.R0069,INST1,ULP.32730,4691136,32730.INSPEKSI3,ULP.32730,COMP,ULP JENEPONTO,,09/07/2026,,BAIK,P_ARUNGKEKE,20/07/2026,,,TND,Jul,UP3 BULUKUMBA,JTM,INSP,"3,47",,2026,,,,,,,,,,,,
99417783,INSPEKSI TIER 1 SEGMEN LBS.KAPITA-TG.BTANGNGA.00015.L0070,INST1,ULP.32730,4691206,32730.INSPEKSI3,ULP.32730,COMP,ULP JENEPONTO,,09/07/2026,,BAIK,P_JENTAK,20/07/2026,,,TND,Jul,UP3 BULUKUMBA,JTM,INSP,"3,20",,2026,,,,,,,,,,,,
99418391,INSPEKSI TIER 1 SEGMEN TG.BTANGNGA.00015.L0070-TG.BTANGNGA.00015.L0130,INST1,ULP.32730,4691208,32730.INSPEKSI3,ULP.32730,COMP,ULP JENEPONTO,,09/07/2026,,BAIK,P_JENTAK,20/07/2026,,,TND,Jul,UP3 BULUKUMBA,JTM,INSP,"3,00",,2026,,,,,,,,,,,,
99419164,INSPEKSI TIER 1 SEGMEN TG.BTANGNGA.00015.L0130-TG.BTANGNGA.00015.L0130.R0068,INST1,ULP.32730,4691209,32730.INSPEKSI3,ULP.32730,COMP,ULP JENEPONTO,,09/07/2026,,BAIK,P_JENTAK,20/07/2026,,,TND,Jul,UP3 BULUKUMBA,JTM,INSP,"3,40",,2026,,,,,,,,,,,,
99419639,INSPEKSI TIER 1 SEGMEN TG.BTANGNGA.00091-LBS.PA'BAENG,INST1,ULP.32730,4691232,32730.INSPEKSI3,ULP.32730,WFCOMP,ULP JENEPONTO,,09/07/2026,,BAIK,P_JENTAK,24/07/2026,,,TND,Jul,UP3 BULUKUMBA,JTM,INSP,"3,35",,2026,,,,,,,,,,,,
99421869,INSPEKSI TIER 1 SEGMEN TG.JENTAK.00113-LBS.BENTENG2,INST1,ULP.32730,4691246,32730.INSPEKSI3,ULP.32730,COMP,ULP JENEPONTO,,09/07/2026,,BAIK,P_JENTAK,20/07/2026,,,TND,Jul,UP3 BULUKUMBA,JTM,INSP,"3,80",,2026,,,,,,,,,,,,
99423675,INSPEKSI TIER 1 SEGMEN TG.KARAMAKA.00010.L0031-TG.KARAMAKA.00010.L0093,INST1,ULP.32730,4691254,32730.INSPEKSI3,ULP.32730,COMP,ULP JENEPONTO,,09/07/2026,,BAIK,P_JENTAK,20/07/2026,,,TND,Jul,UP3 BULUKUMBA,JTM,INSP,"3,10",,2026,,,,,,,,,,,,
99427248,INSPEKSI TIER 1 SEGMEN TG.KARAMAKA.00013.R0047-TG.KARAMAKA.00013.R0096,INST1,ULP.32730,4691262,32730.INSPEKSI3,ULP.32730,COMP,ULP JENEPONTO,,09/07/2026,,BAIK,P_JENTAK,20/07/2026,,,TND,Jul,UP3 BULUKUMBA,JTM,INSP,"2,55",,2026,,,,,,,,,,,,
99434192,INSPEKSI TIER 1 SEGMEN TG.KODIM.00089-LBS.LAPANGAN,INST1,ULP.32730,4691273,32730.INSPEKSI3,ULP.32730,COMP,ULP JENEPONTO,,09/07/2026,,BAIK,P_PASAR KARISA,20/07/2026,,,TND,Jul,UP3 BULUKUMBA,JTM,INSP,"3,55",,2026,,,,,,,,,,,,
99436290,INSPEKSI TIER 1 SEGMEN LBS.BALANDANGAN-TG.KODIM.00233.R0087,INST1,ULP.32730,4691288,32730.INSPEKSI3,ULP.32730,COMP,ULP JENEPONTO,,09/07/2026,,BAIK,P_PASAR KARISA,20/07/2026,,,TND,Jul,UP3 BULUKUMBA,JTM,INSP,"4,25",,2026,,,,,,,,,,,,
99438254,INSPEKSI TIER 1 SEGMEN LBS.BALANDANGAN-TG.KODIM.00233.R0087,INST1,ULP.32730,4691288,32730.INSPEKSI3,ULP.32730,COMP,ULP JENEPONTO,,09/07/2026,,BAIK,P_PASAR KARISA,20/07/2026,,,TND,Jul,UP3 BULUKUMBA,JTM,INSP,"4,25",,2026,,,,,,,,,,,,
99474692,INSPEKSI TIER 1 SEGMEN TG.MALAKAJI.00001-TG.MALAKAJI.00077,INST1,ULP.32730,4691300,32730.INSPEKSI3,ULP.32730,WFCOMP,ULP JENEPONTO,,09/07/2026,,BAIK,P_TOLO,24/07/2026,,,TND,Jul,UP3 BULUKUMBA,JTM,INSP,"3,90",,2026,,,,,,,,,,,,
99477070,INSPEKSI TIER 1 SEGMEN TG.KODIM.00286-TG.KODIM.00286.R0050,INST1,ULP.32730,4691294,32730.INSPEKSI3,ULP.32730,WFCOMP,ULP JENEPONTO,,09/07/2026,,BAIK,P_PASAR KARISA,24/07/2026,,,TND,Jul,UP3 BULUKUMBA,JTM,INSP,"2,50",,2026,,,,,,,,,,,,
99481557,INSPEKSI TIER 1 SEGMEN TG.MALAKAJI.00077-REC.PARANGLABBUA,INST1,ULP.32730,4691302,32730.INSPEKSI3,ULP.32730,COMP,ULP JENEPONTO,,09/07/2026,,BAIK,P_TOLO,20/07/2026,,,TND,Jul,UP3 BULUKUMBA,JTM,INSP,"3,10",,2026,,,,,,,,,,,,
99481688,INSPEKSI TIER 1 SEGMEN TG.MALAKAJI.00154-TG.MALAKAJI.00232,INST1,ULP.32730,4691305,32730.INSPEKSI3,ULP.32730,WFCOMP,ULP JENEPONTO,,09/07/2026,,BAIK,P_TOLO,24/07/2026,,,TND,Jul,UP3 BULUKUMBA,JTM,INSP,"3,90",,2026,,,,,,,,,,,,
99497507,INSPEKSI TIER 1 SEGMEN TG.BANYORANG.00181-TG.BANYORANG.00181.R0175,INST1,ULP.32740,4692084,32740.INSPEKSI3,ULP.32740,COMP,ULP BANTAENG,,09/07/2026,,BAIK,P_LEMBANG,23/07/2026,,,TND,Jul,UP3 BULUKUMBA,JTM,INSP,"3,45",,2026,,,,,,,,,,,,
99497664,INSPEKSI TIER 1 SEGMEN TG.BANYORANG.00181-TG.BANYORANG.00189,INST1,ULP.32740,4692085,32740.INSPEKSI1,ULP.32740,COMP,ULP BANTAENG,,09/07/2026,,BAIK,P_LEMBANG,21/07/2026,,,TND,Jul,UP3 BULUKUMBA,JTM,INSP,"0,40",,2026,,,,,,,,,,,,
99498222,INSPEKSI TIER 1 SEGMEN TG.BANYORANG.00189-TG.BANYORANG.00189.R0005,INST1,ULP.32740,4692086,32740.INSPEKSI1,ULP.32740,COMP,ULP BANTAENG,,09/07/2026,,BAIK,P_LEMBANG,21/07/2026,,,TND,Jul,UP3 BULUKUMBA,JTM,INSP,"0,25",,2026,,,,,,,,,,,,
99498544,INSPEKSI TIER 1 SEGMEN TG.BANYORANG.00189-TG.BANYORANG.00198,INST1,ULP.32740,4692087,32740.INSPEKSI1,ULP.32740,COMP,ULP BANTAENG,,09/07/2026,,BAIK,P_LEMBANG,21/07/2026,,,TND,Jul,UP3 BULUKUMBA,JTM,INSP,"0,45",,2026,,,,,,,,,,,,
99499235,INSPEKSI TIER 1 SEGMEN TG.BANYORANG.00189-TG.BANYORANG.002012,INST1,ULP.32740,4692088,32740.INSPEKSI1,ULP.32740,COMP,ULP BANTAENG,,09/07/2026,,BAIK,P_LEMBANG,23/07/2026,,,TND,Jul,UP3 BULUKUMBA,JTM,INSP,"0,30",,2026,,,,,,,,,,,,
99499311,INSPEKSI TIER 1 SEGMEN TG.BANYORANG.00189-TG.BANYORANG.00206,INST1,ULP.32740,4692089,32740.INSPEKSI1,ULP.32740,COMP,ULP BANTAENG,,09/07/2026,,BAIK,P_LEMBANG,21/07/2026,,,TND,Jul,UP3 BULUKUMBA,JTM,INSP,"0,40",,2026,,,,,,,,,,,,
99515299,INSPEKSI TIER 1 SEGMEN TG.PARUKKU.00047-TG.PARUKKU.00334,INST1,ULP.32710,4691532,32710.INSPEKSI1,ULP.32710,COMP,ULP PANRITA LOPI,,10/07/2026,,BAIK,P_BINTARORE,30/07/2026,,,TND,Jul,UP3 BULUKUMBA,JTM,INSP,"14,35",,2026,,,,,,,,,,,,
99515930,INSPEKSI TIER 1 SEGMEN TG.PARUKKU.00334-TG.PARUKKU.00394,INST1,ULP.32710,4691534,32710.INSPEKSI1,ULP.32710,COMP,ULP PANRITA LOPI,,10/07/2026,,BAIK,P_BINTARORE,30/07/2026,,,TND,Jul,UP3 BULUKUMBA,JTM,INSP,"3,00",,2026,,,,,,,,,,,,
99521012,INSPEKSI TIER 1 SEGMEN TG.KOTA BARAT.0D022.RD016-TG.KOTA BARAT.0D022.RD055,INST1,ULP.32710,4691536,32710.INSPEKSI1,ULP.32710,WFCOMP,ULP PANRITA LOPI,,10/07/2026,,BAIK,P_BINTARORE,03/08/2026,,,TND,Jul,UP3 BULUKUMBA,JTM,INSP,"2,05",,2026,,,,,,,,,,,,
99521137,INSPEKSI TIER 1 SEGMEN TG.PONRE.0D001-TG.PONRE.0D052,INST1,ULP.32710,4691541,32710.INSPEKSI1,ULP.32710,COMP,ULP PANRITA LOPI,,10/07/2026,,BAIK,P_BINTARORE,30/07/2026,,,TND,Jul,UP3 BULUKUMBA,JTM,INSP,"2,60",,2026,,,,,,,,,,,,
99521285,INSPEKSI TIER 1 SEGMEN TG.PONRE.0D053-TG.PONRE.0D098,INST1,ULP.32710,4691542,32710.INSPEKSI1,ULP.32710,COMP,ULP PANRITA LOPI,,10/07/2026,,BAIK,P_BINTARORE,30/07/2026,,,TND,Jul,UP3 BULUKUMBA,JTM,INSP,"2,30",,2026,,,,,,,,,,,,
99532647,INSPEKSI TIER 1 BJ74535,INST1,GD01.06301130,,32730.INSPEKSI1,ULP.32730,COMP,ULP JENEPONTO,,11/07/2026,,KURANG,P_JENTAK,15/07/2026,,,TND,Jul,UP3 BULUKUMBA,GD,INSP,"0,00",,2026,,,,,,,,,,,,
99532658,INSPEKSI TIER 1 BJ74536,INST1,GD01.06301131,,32730.INSPEKSI1,ULP.32730,COMP,ULP JENEPONTO,,11/07/2026,,KURANG,P_JENTAK,15/07/2026,,,TND,Jul,UP3 BULUKUMBA,GD,INSP,"0,00",,2026,,,,,,,,,,,,
99532669,INSPEKSI TIER 1 BJ61001,INST1,GD01.06301202,,32730.INSPEKSI1,ULP.32730,COMP,ULP JENEPONTO,,11/07/2026,,KURANG,P_PASAR KARISA,15/07/2026,,,TND,Jul,UP3 BULUKUMBA,GD,INSP,"0,00",,2026,,,,,,,,,,,,
99532680,INSPEKSI TIER 1 BJ61004,INST1,GD01.06301205,,32730.INSPEKSI1,ULP.32730,COMP,ULP JENEPONTO,,11/07/2026,,KURANG,P_PASAR KARISA,15/07/2026,,,TND,Jul,UP3 BULUKUMBA,GD,INSP,"0,00",,2026,,,,,,,,,,,,
99532691,INSPEKSI TIER 1 BJ61007,INST1,GD01.06301208,,32730.INSPEKSI1,ULP.32730,COMP,ULP JENEPONTO,,11/07/2026,,KURANG,P_PASAR KARISA,15/07/2026,,,TND,Jul,UP3 BULUKUMBA,GD,INSP,"0,00",,2026,,,,,,,,,,,,
99532702,INSPEKSI TIER 1 BJ61010,INST1,GD01.06301211,,32730.INSPEKSI1,ULP.32730,COMP,ULP JENEPONTO,,11/07/2026,,KURANG,P_PASAR KARISA,15/07/2026,,,TND,Jul,UP3 BULUKUMBA,GD,INSP,"0,00",,2026,,,,,,,,,,,,
99550993,INSPEKSI TIER 1 SEGMEN TG.BTMANAI.00349-TG.BTMANAI.00420,INST1,ULP.32750,4690739,32750.INSPEKSI3,ULP.32750,COMP,ULP SELAYAR,,13/07/2026,,BAIK,P_BONTOMANAI,24/08/2026,,,TND,Jul,UP3 BULUKUMBA,JTM,INSP,"3,55",,2026,,,,,,,,,,,,
99551468,INSPEKSI TIER 1 SEGMEN TG.BTSIKUYU.00038-TG.BTSIKUYU.00038.L0122,INST1,ULP.32750,4690764,32750.INSPEKSI3,ULP.32750,WFOLLOWUP,ULP SELAYAR,,13/07/2026,,BURUK,P_TIELINE BENTENG_SELAYAR,19/08/2026,,,TND,Jul,UP3 BULUKUMBA,JTM,INSP,"6,10",,2026,,,,,,,,,,,,
99551612,INSPEKSI TIER 1 SEGMEN TG.BTSIKUYU.00075-TG.BTSIKUYU.00075.L0052,INST1,ULP.32750,4690766,32750.INSPEKSI3,ULP.32750,COMP,ULP SELAYAR,,13/07/2026,,BAIK,P_TIELINE BENTENG_SELAYAR,19/08/2026,,,TND,Jul,UP3 BULUKUMBA,JTM,INSP,"2,60",,2026,,,,,,,,,,,,
99552045,INSPEKSI TIER 1 SEGMEN TG.BTSIKUYU.00075-TG.BTSIKUYU.00075.L0052.L0032,INST1,ULP.32750,4690767,32750.INSPEKSI3,ULP.32750,COMP,ULP SELAYAR,,13/07/2026,,BAIK,P_TIELINE BENTENG_SELAYAR,19/08/2026,,,TND,Jul,UP3 BULUKUMBA,JTM,INSP,"1,60",,2026,,,,,,,,,,,,
99552130,INSPEKSI TIER 1 SEGMEN TG.BTSIKUYU.00075-TG.BTSIKUYU.00075.L0146,INST1,ULP.32750,4690768,32750.INSPEKSI3,ULP.32750,WFOLLOWUP,ULP SELAYAR,,13/07/2026,,BURUK,P_TIELINE BENTENG_SELAYAR,19/08/2026,,,TND,Jul,UP3 BULUKUMBA,JTM,INSP,"4,70",,2026,,,,,,,,,,,,
99552312,INSPEKSI TIER 1 SEGMEN TG.BTSIKUYU.00238-TG.BTSIKUYU.00546,INST1,ULP.32750,4690778,32750.INSPEKSI3,ULP.32750,WFCOMP,ULP SELAYAR,,13/07/2026,,BAIK,P_TIELINE BENTENG_SELAYAR,27/08/2026,,,TND,Jul,UP3 BULUKUMBA,JTM,INSP,"15,40",,2026,,,,,,,,,,,,
99552709,INSPEKSI TIER 1 SEGMEN TG.BTSIKUYU.00608-TG.BTSIKUYU.00823,INST1,ULP.32750,4690782,32750.INSPEKSI3,ULP.32750,WFCOMP,ULP SELAYAR,,13/07/2026,,BAIK,P_TIELINE BENTENG_SELAYAR,27/08/2026,,,TND,Jul,UP3 BULUKUMBA,JTM,INSP,"10,75",,2026,,,,,,,,,,,,
99590140,INSPEKSI TIER 1 SEGMEN TG.BMANAI.00006-LBS.KATANGKA,INST1,ULP.32770,4690821,32770.INSPEKSI3,ULP.32770,COMP,ULP TANETE,,13/07/2026,7/20/26 1:35 PM,BAIK,P_BINTARORE,21/07/2026,,,TND,Jul,UP3 BULUKUMBA,JTM,INSP,"0,60",,2026,,,,,,,,,,,,
99590192,INSPEKSI TIER 1 SEGMEN LBS.KATANGKA-TG.BMNAI.00029,INST1,ULP.32770,4690822,32770.INSPEKSI3,ULP.32770,COMP,ULP TANETE,,13/07/2026,7/20/26 1:35 PM,BAIK,P_BULO-BULO,21/07/2026,,,TND,Jul,UP3 BULUKUMBA,JTM,INSP,"0,45",,2026,,,,,,,,,,,,
99590204,INSPEKSI TIER 1 SEGMEN TG.BMNAI.00029-TG.BMNAI.00029.L0001,INST1,ULP.32770,4690823,32770.INSPEKSI3,ULP.32770,COMP,ULP TANETE,,13/07/2026,7/20/26 1:34 PM,BAIK,P_BULO-BULO,21/07/2026,,,TND,Jul,UP3 BULUKUMBA,JTM,INSP,"0,05",,2026,,,,,,,,,,,,
99590441,INSPEKSI TIER 1 SEGMEN TG.BMNAI.00143-TG.BMNAI.00143.L0035,INST1,ULP.32770,4690826,32770.INSPEKSI3,ULP.32770,COMP,ULP TANETE,,13/07/2026,7/20/26 1:33 PM,BAIK,P_BULO-BULO,21/07/2026,,,TND,Jul,UP3 BULUKUMBA,JTM,INSP,"1,80",,2026,,,,,,,,,,,,
99590482,INSPEKSI TIER 1 SEGMEN TG.BMNAI.00143-LBS.BULOBULO,INST1,ULP.32770,4690827,32770.INSPEKSI3,ULP.32770,COMP,ULP TANETE,,13/07/2026,7/20/26 1:32 PM,BAIK,P_BULO-BULO,21/07/2026,,,TND,Jul,UP3 BULUKUMBA,JTM,INSP,"2,70",,2026,,,,,,,,,,,,
99590550,INSPEKSI TIER 1 SEGMEN LBS.BULOBULO-TG.BMANAI.00237,INST1,ULP.32770,4690828,32770.INSPEKSI3,ULP.32770,COMP,ULP TANETE,,13/07/2026,7/20/26 1:32 PM,BAIK,P_BINTARORE,21/07/2026,,,TND,Jul,UP3 BULUKUMBA,JTM,INSP,"1,50",,2026,,,,,,,,,,,,
99590614,INSPEKSI TIER 1 SEGMEN TG.BMANAI.00237-TG.BMANAI.00237.R0033,INST1,ULP.32770,4690829,32770.INSPEKSI3,ULP.32770,COMP,ULP TANETE,,13/07/2026,7/20/26 1:31 PM,BAIK,P_BINTARORE,21/07/2026,,,TND,Jul,UP3 BULUKUMBA,JTM,INSP,"1,65",,2026,,,,,,,,,,,,
99590653,INSPEKSI TIER 1 SEGMEN TG.BMANAI.00237-TG.BMANAI.00260,INST1,ULP.32770,4690830,32770.INSPEKSI3,ULP.32770,COMP,ULP TANETE,,13/07/2026,7/20/26 1:31 PM,BAIK,P_BINTARORE,21/07/2026,,,TND,Jul,UP3 BULUKUMBA,JTM,INSP,"1,10",,2026,,,,,,,,,,,,
99590680,INSPEKSI TIER 1 SEGMEN TG.BMANAI.00260-TG.BMANAI.00260.R0059,INST1,ULP.32770,4690831,32770.INSPEKSI3,ULP.32770,COMP,ULP TANETE,,13/07/2026,7/20/26 1:30 PM,BAIK,P_BINTARORE,21/07/2026,,,TND,Jul,UP3 BULUKUMBA,JTM,INSP,"3,00",,2026,,,,,,,,,,,,
99590753,INSPEKSI TIER 1 SEGMEN TG.BMANAI.00260.R0059-TG.BMANAI.00260.R0059.R0039,INST1,ULP.32770,4690832,32770.INSPEKSI3,ULP.32770,COMP,ULP TANETE,,13/07/2026,7/20/26 1:28 PM,BAIK,P_BINTARORE,21/07/2026,,,TND,Jul,UP3 BULUKUMBA,JTM,INSP,"1,90",,2026,,,,,,,,,,,,
99590990,INSPEKSI TIER 1 SEGMEN TG.BMANAI.00260-TG.BMANAI.00264,INST1,ULP.32770,4690834,32770.INSPEKSI3,ULP.32770,COMP,ULP TANETE,,13/07/2026,7/20/26 1:28 PM,BAIK,P_BINTARORE,21/07/2026,,,TND,Jul,UP3 BULUKUMBA,JTM,INSP,"0,20",,2026,,,,,,,,,,,,
99591000,INSPEKSI TIER 1 SEGMEN TG.BMANAI.00264-TG.BMANAI.00264.L0020,INST1,ULP.32770,4690835,32770.INSPEKSI3,ULP.32770,COMP,ULP TANETE,,13/07/2026,7/20/26 1:27 PM,BAIK,P_BINTARORE,21/07/2026,,,TND,Jul,UP3 BULUKUMBA,JTM,INSP,"1,20",,2026,,,,,,,,,,,,
99591021,INSPEKSI TIER 1 SEGMEN TG.BMANAI.00264-TG.BMANAI.00276,INST1,ULP.32770,4690836,32770.INSPEKSI3,ULP.32770,COMP,ULP TANETE,,13/07/2026,7/20/26 1:26 PM,BAIK,P_BINTARORE,21/07/2026,,,TND,Jul,UP3 BULUKUMBA,JTM,INSP,"0,50",,2026,,,,,,,,,,,,
99591034,INSPEKSI TIER 1 SEGMEN TG.BMANAI.00276-TG.BMANAI.00276.L0003,INST1,ULP.32770,4690837,32770.INSPEKSI3,ULP.32770,COMP,ULP TANETE,,13/07/2026,7/20/26 1:26 PM,BAIK,P_BINTARORE,21/07/2026,,,TND,Jul,UP3 BULUKUMBA,JTM,INSP,"0,10",,2026,,,,,,,,,,,,
99591060,INSPEKSI TIER 1 SEGMEN TG.BMANAI.00276-TG.BMANAI.00291,INST1,ULP.32770,4690838,32770.INSPEKSI3,ULP.32770,COMP,ULP TANETE,,13/07/2026,7/20/26 1:25 PM,BAIK,P_BINTARORE,21/07/2026,,,TND,Jul,UP3 BULUKUMBA,JTM,INSP,"0,65",,2026,,,,,,,,,,,,
99591080,INSPEKSI TIER 1 SEGMEN TG.BMANAI.00291-TG.BMANAI.00291.R0003,INST1,ULP.32770,4690840,32770.INSPEKSI3,ULP.32770,COMP,ULP TANETE,,13/07/2026,7/20/26 1:24 PM,BAIK,P_BINTARORE,21/07/2026,,,TND,Jul,UP3 BULUKUMBA,JTM,INSP,"0,10",,2026,,,,,,,,,,,,
99591084,INSPEKSI TIER 1 SEGMEN TG.BMANAI.00291-TG.BMANAI.00298,INST1,ULP.32770,4690839,32770.INSPEKSI3,ULP.32770,COMP,ULP TANETE,,13/07/2026,7/20/26 1:24 PM,BAIK,P_BINTARORE,21/07/2026,,,TND,Jul,UP3 BULUKUMBA,JTM,INSP,"0,30",,2026,,,,,,,,,,,,
99591103,INSPEKSI TIER 1 SEGMEN TG.BIKERU.00001-TG.BIKERU.00008,INST1,ULP.32770,4690841,32770.INSPEKSI3,ULP.32770,COMP,ULP TANETE,,13/07/2026,7/17/26 9:42 AM,BAIK,P_BINTARORE,17/07/2026,,,TND,Jul,UP3 BULUKUMBA,JTM,INSP,"0,40",,2026,,,,,,,,,,,,
99591166,INSPEKSI TIER 1 SEGMEN TG.BIKERU.00008-TG.BMANAI.00298,INST1,ULP.32770,4690842,32770.INSPEKSI3,ULP.32770,COMP,ULP TANETE,,13/07/2026,7/17/26 9:41 AM,BAIK,P_BINTARORE,17/07/2026,,,TND,Jul,UP3 BULUKUMBA,JTM,INSP,"0,10",,2026,,,,,,,,,,,,
99591204,INSPEKSI TIER 1 SEGMEN TG.BIKERU.00008-TG.BIKERU.00011,INST1,ULP.32770,4690843,32770.INSPEKSI3,ULP.32770,COMP,ULP TANETE,,13/07/2026,7/17/26 9:41 AM,BAIK,P_BINTARORE,17/07/2026,,,TND,Jul,UP3 BULUKUMBA,JTM,INSP,"0,15",,2026,,,,,,,,,,,,
99591211,INSPEKSI TIER 1 SEGMEN TG.BIKERU.00011-TG.BIKERU.00011.R0023,INST1,ULP.32770,4690844,32770.INSPEKSI3,ULP.32770,COMP,ULP TANETE,,13/07/2026,7/17/26 9:40 AM,BAIK,P_BINTARORE,21/07/2026,,,TND,Jul,UP3 BULUKUMBA,JTM,INSP,"1,15",,2026,,,,,,,,,,,,
99591235,INSPEKSI TIER 1 SEGMEN TG.BIKERU.00011.R0023-TG.BIKERU.00011.R0023.R0009,INST1,ULP.32770,4690845,32770.INSPEKSI3,ULP.32770,COMP,ULP TANETE,,13/07/2026,7/17/26 9:40 AM,BAIK,P_BINTARORE,17/07/2026,,,TND,Jul,UP3 BULUKUMBA,JTM,INSP,"0,60",,2026,,,,,,,,,,,,
99591245,INSPEKSI TIER 1 SEGMEN TG.BIKERU.00011.R0023.R0009-TG.BIKERU.00011.R0023.R0044,INST1,ULP.32770,4690846,32770.INSPEKSI3,ULP.32770,COMP,ULP TANETE,,13/07/2026,7/17/26 9:39 AM,BAIK,P_BINTARORE,21/07/2026,,,TND,Jul,UP3 BULUKUMBA,JTM,INSP,"1,70",,2026,,,,,,,,,,,,
99591281,INSPEKSI TIER 1 SEGMEN TG.BIKERU.00011.R0023-TG.BIKERU.00011.R0069,INST1,ULP.32770,4690847,32770.INSPEKSI3,ULP.32770,WFCOMP,ULP TANETE,,13/07/2026,7/17/26 9:39 AM,BAIK,P_BINTARORE,18/08/2026,,,TND,Jul,UP3 BULUKUMBA,JTM,INSP,"2,50",,2026,,,,,,,,,,,,
99591385,INSPEKSI TIER 1 SEGMEN TG.BIKERU.00011-LBS.PASARTANETE,INST1,ULP.32770,4690848,32770.INSPEKSI3,ULP.32770,COMP,ULP TANETE,,13/07/2026,7/17/26 9:38 AM,BAIK,P_BINTARORE,17/07/2026,,,TND,Jul,UP3 BULUKUMBA,JTM,INSP,"0,59",,2026,,,,,,,,,,,,
99591406,INSPEKSI TIER 1 SEGMEN LBS.PASARTANETE-TG.BIKERU.00065,INST1,ULP.32770,4690849,32770.INSPEKSI3,ULP.32770,WFCOMP,ULP TANETE,,13/07/2026,7/17/26 9:38 AM,BAIK,P_MATUMPU,18/08/2026,,,TND,Jul,UP3 BULUKUMBA,JTM,INSP,"1,80",,2026,,,,,,,,,,,,
99591446,INSPEKSI TIER 1 SEGMEN TG.BIKERU.00065-LBS.KARAMPUANG,INST1,ULP.32770,4690850,32770.INSPEKSI3,ULP.32770,COMP,ULP TANETE,,13/07/2026,7/17/26 9:37 AM,BAIK,P_MATUMPU,21/07/2026,,,TND,Jul,UP3 BULUKUMBA,JTM,INSP,"3,15",,2026,,,,,,,,,,,,
99591516,INSPEKSI TIER 1 SEGMEN LBS.KARAMPUANG-TG.BIKERU.00065.L0075,INST1,ULP.32770,4690851,32770.INSPEKSI3,ULP.32770,COMP,ULP TANETE,,13/07/2026,7/17/26 9:36 AM,BAIK,P_MATUMPU,17/07/2026,,,TND,Jul,UP3 BULUKUMBA,JTM,INSP,"0,45",,2026,,,,,,,,,,,,
99591538,INSPEKSI TIER 1 SEGMEN TG.BIKERU.00065-TG.BIKERU.00089,INST1,ULP.32770,4690852,32770.INSPEKSI3,ULP.32770,COMP,ULP TANETE,,13/07/2026,7/16/26 1:30 PM,BAIK,P_MATUMPU,17/07/2026,,,TND,Jul,UP3 BULUKUMBA,JTM,INSP,"1,20",,2026,,,,,,,,,,,,
99591566,INSPEKSI TIER 1 SEGMEN TG.BIKERU.00089-TG.BIKERU.00089.L0054,INST1,ULP.32770,4690853,32770.INSPEKSI3,ULP.32770,COMP,ULP TANETE,,13/07/2026,7/16/26 1:30 PM,BAIK,P_MATUMPU,17/07/2026,,,TND,Jul,UP3 BULUKUMBA,JTM,INSP,"2,50",,2026,,,,,,,,,,,,
99591621,INSPEKSI TIER 1 SEGMEN TG.BIKERU.00089-TG.BIKERU.00147,INST1,ULP.32770,4690854,32770.INSPEKSI3,ULP.32770,COMP,ULP TANETE,,13/07/2026,7/16/26 1:29 PM,BAIK,P_MATUMPU,17/07/2026,,,TND,Jul,UP3 BULUKUMBA,JTM,INSP,"2,90",,2026,,,,,,,,,,,,
99591691,INSPEKSI TIER 1 SEGMEN TG.BIKERU.00147-TG.BIKERU.00155,INST1,ULP.32770,4690855,32770.INSPEKSI3,ULP.32770,COMP,ULP TANETE,,13/07/2026,7/16/26 1:27 PM,BAIK,P_MATUMPU,17/07/2026,,,TND,Jul,UP3 BULUKUMBA,JTM,INSP,"0,40",,2026,,,,,,,,,,,,
99592583,INSPEKSI TIER 1 SEGMEN TG.BALTAR.00175-TG.BALTAR.00195,INST1,ULP.32770,4690869,32770.INSPEKSI3,ULP.32770,COMP,ULP TANETE,,13/07/2026,7/16/26 1:27 PM,BAIK,P_BINTARORE,17/07/2026,,,TND,Jul,UP3 BULUKUMBA,JTM,INSP,"1,00",,2026,,,,,,,,,,,,
99592615,INSPEKSI TIER 1 SEGMEN TG.BALTAR.00195-TG.BALTAR.00195.L0015,INST1,ULP.32770,4690870,32770.INSPEKSI3,ULP.32770,COMP,ULP TANETE,,13/07/2026,7/16/26 1:26 PM,BAIK,P_BINTARORE,17/07/2026,,,TND,Jul,UP3 BULUKUMBA,JTM,INSP,"0,80",,2026,,,,,,,,,,,,
99592631,INSPEKSI TIER 1 SEGMEN TG.BALTAR.00195-TG.BALTAR.00204,INST1,ULP.32770,4690871,32770.INSPEKSI3,ULP.32770,COMP,ULP TANETE,,13/07/2026,7/16/26 1:25 PM,BAIK,P_BINTARORE,17/07/2026,,,TND,Jul,UP3 BULUKUMBA,JTM,INSP,"0,40",,2026,,,,,,,,,,,,
99592641,INSPEKSI TIER 1 SEGMEN TG.BALTAR.00204-LBS.ONROTEO,INST1,ULP.32770,4690875,32770.INSPEKSI3,ULP.32770,COMP,ULP TANETE,,13/07/2026,7/15/26 2:09 PM,BAIK,P_BINTARORE,17/07/2026,,,TND,Jul,UP3 BULUKUMBA,JTM,INSP,"0,50",,2026,,,,,,,,,,,,
99592820,INSPEKSI TIER 1 SEGMEN TG.BALTAR.00204.L0199-TG.BALTAR.00204.L0214,INST1,ULP.32770,4690874,32770.INSPEKSI3,ULP.32770,COMP,ULP TANETE,,13/07/2026,7/15/26 2:08 PM,BAIK,P_SALASSAE,17/07/2026,,,TND,Jul,UP3 BULUKUMBA,JTM,INSP,"0,55",,2026,,,,,,,,,,,,
99592845,INSPEKSI TIER 1 SEGMEN LBS.ONROTEO-TG.BALTAR.00237,INST1,ULP.32770,4690876,32770.INSPEKSI3,ULP.32770,COMP,ULP TANETE,,13/07/2026,7/15/26 2:07 PM,BAIK,P_BINTARORE,17/07/2026,,,TND,Jul,UP3 BULUKUMBA,JTM,INSP,"1,60",,2026,,,,,,,,,,,,
99592877,INSPEKSI TIER 1 SEGMEN TG.BALTAR.00237-TG.BALTAR.00237.L0002,INST1,ULP.32770,4690877,32770.INSPEKSI3,ULP.32770,COMP,ULP TANETE,,13/07/2026,7/15/26 2:06 PM,BAIK,P_BINTARORE,17/07/2026,,,TND,Jul,UP3 BULUKUMBA,JTM,INSP,"0,10",,2026,,,,,,,,,,,,
99592891,INSPEKSI TIER 1 SEGMEN TG.BALTAR.00237-TG.BALTAR.00262,INST1,ULP.32770,4690878,32770.INSPEKSI3,ULP.32770,COMP,ULP TANETE,,13/07/2026,7/15/26 2:04 PM,BAIK,P_BINTARORE,17/07/2026,,,TND,Jul,UP3 BULUKUMBA,JTM,INSP,"1,40",,2026,,,,,,,,,,,,
99592952,INSPEKSI TIER 1 SEGMEN TG.BALTAR.00262-TG.BALTAR.00262.R0011,INST1,ULP.32770,4690879,32770.INSPEKSI3,ULP.32770,WFCOMP,ULP TANETE,,13/07/2026,7/15/26 2:00 PM,BAIK,P_BINTARORE,21/07/2026,,,TND,Jul,UP3 BULUKUMBA,JTM,INSP,"0,60",,2026,,,,,,,,,,,,
99592973,INSPEKSI TIER 1 SEGMEN TG.BALTAR.00262.R0011-TG.BALTAR.00262.R0035,INST1,ULP.32770,4690880,32770.INSPEKSI3,ULP.32770,COMP,ULP TANETE,,13/07/2026,7/15/26 1:57 PM,BAIK,P_BINTARORE,17/07/2026,,,TND,Jul,UP3 BULUKUMBA,JTM,INSP,"1,20",,2026,,,,,,,,,,,,
99670650,Perbaikan/Pergantian INSPEKSI TIER 1 SEGMEN TG.MALAKAJI.00232-TG.MALAKAJI.00232.L0111,INST1,ULP.32730,4691306,32730.INSPEKSI3,ULP.32730,COMP,ULP JENEPONTO,,14/07/2026,,BAIK,P_TOLO,24/07/2026,,98740305,TND,Jul,UP3 BULUKUMBA,JTM,TL,"5,55",,2026,,,,,,,,,,,,
99735846,INSPEKSI TIER 1 BL02037,INST1,GD01.06301254,,32710.INSPEKSI2,ULP.32710,COMP,ULP PANRITA LOPI,,15/07/2026,,KURANG,P_PAJUKUKANG,29/07/2026,,,TND,Jul,UP3 BULUKUMBA,GD,INSP,"0,00",,2026,,,,,,,,,,,,
99738647,INSPEKSI TIER 1 BL00041,INST1,GD01.06302134,,32710.INSPEKSI2,ULP.32710,COMP,ULP PANRITA LOPI,,15/07/2026,,KURANG,P_SAPIRIA,29/07/2026,,,TND,Jul,UP3 BULUKUMBA,GD,INSP,"0,00",,2026,,,,,,,,,,,,
99739470,INSPEKSI TIER 1 BL00065,INST1,GD01.06302145,,32710.INSPEKSI2,ULP.32710,COMP,ULP PANRITA LOPI,,15/07/2026,,KURANG,P_SAPIRIA,29/07/2026,,,TND,Jul,UP3 BULUKUMBA,GD,INSP,"0,00",,2026,,,,,,,,,,,,
99740018,INSPEKSI TIER 1 BL00066,INST1,GD01.06302146,,32710.INSPEKSI2,ULP.32710,COMP,ULP PANRITA LOPI,,15/07/2026,,KURANG,P_SAPIRIA,29/07/2026,,,TND,Jul,UP3 BULUKUMBA,GD,INSP,"0,00",,2026,,,,,,,,,,,,
99747123,INSPEKSI TIER 1 BL00071,INST1,GD01.06302151,,32710.INSPEKSI2,ULP.32710,COMP,ULP PANRITA LOPI,,15/07/2026,,KURANG,P_SAPIRIA,29/07/2026,,,TND,Jul,UP3 BULUKUMBA,GD,INSP,"0,00",,2026,,,,,,,,,,,,
99747734,INSPEKSI TIER 1 BL00086,INST1,GD01.06302153,,32710.INSPEKSI2,ULP.32710,WFCOMP,ULP PANRITA LOPI,,15/07/2026,,CUKUP,P_SAPIRIA,30/07/2026,,,TND,Jul,UP3 BULUKUMBA,GD,INSP,"0,00",,2026,,,,,,,,,,,,
99749324,INSPEKSI TIER 1 BL04000,INST1,GD01.06302608,,32710.INSPEKSI2,ULP.32710,COMP,ULP PANRITA LOPI,,15/07/2026,,KURANG,P_BINTARORE,29/07/2026,,,TND,Jul,UP3 BULUKUMBA,GD,INSP,"0,00",,2026,,,,,,,,,,,,
99749556,INSPEKSI TIER 1 BL01030,INST1,GD01.06302628,,32710.INSPEKSI2,ULP.32710,COMP,ULP PANRITA LOPI,,15/07/2026,,KURANG,P_BINTARORE,29/07/2026,,,TND,Jul,UP3 BULUKUMBA,GD,INSP,"0,00",,2026,,,,,,,,,,,,
99751768,INSPEKSI TIER 1 BL01072,INST1,GD01.06302692,,32710.INSPEKSI2,ULP.32710,COMP,ULP PANRITA LOPI,,15/07/2026,,KURANG,P_BINTARORE,29/07/2026,,,TND,Jul,UP3 BULUKUMBA,GD,INSP,"0,00",,2026,,,,,,,,,,,,
99753104,INSPEKSI TIER 1 BL03080,INST1,GD01.06302967,,32710.INSPEKSI2,ULP.32710,COMP,ULP PANRITA LOPI,,15/07/2026,,KURANG,P_SAPOLOHE,29/07/2026,,,TND,Jul,UP3 BULUKUMBA,GD,INSP,"0,00",,2026,,,,,,,,,,,,
99847009,INSPEKSI TIER 1 SEGMEN TG. LAMATTIRILAU.00289.L0077-TG.LAMATTIRILAU.00289.L0077.R0007,INST1,ULP.32760,4691682,32760.INSPEKSI1,ULP.32760,COMP,ULP SINJAI,,17/07/2026,,BAIK,P_MATUMPU,21/08/2026,,,TND,Jul,UP3 BULUKUMBA,JTM,INSP,"0,35",,2026,,,,,,,,,,,,
99847957,INSPEKSI TIER 1 SEGMEN TG. LAMATTIRILAU.00289.L0098-TG.LAMATTIRILAU.00289.L0098.L0015,INST1,ULP.32760,4691683,32760.INSPEKSI1,ULP.32760,COMP,ULP SINJAI,,17/07/2026,,BAIK,P_MATUMPU,21/08/2026,,,TND,Jul,UP3 BULUKUMBA,JTM,INSP,"0,75",,2026,,,,,,,,,,,,
99848157,INSPEKSI TIER 1 SEGMEN TG. LAMATTIRILAU.00289-TG.LAMATTIRILAU.00289.L0176,INST1,ULP.32760,4691684,32760.INSPEKSI1,ULP.32760,COMP,ULP SINJAI,,17/07/2026,,BAIK,P_MATUMPU,24/08/2026,,,TND,Jul,UP3 BULUKUMBA,JTM,INSP,"8,80",,2026,,,,,,,,,,,,
99870659,Perbaikan/Pergantian INSPEKSI TIER 1 SEGMEN TG.BALTAR.00262-TG.BALTAR.00262.R0011,INST1,ULP.32770,4690879,32770.INSPEKSI3,ULP.32770,COMP,ULP TANETE,,17/07/2026,7/20/26 1:22 PM,BAIK,P_BINTARORE,21/07/2026,,99592952,TND,Jul,UP3 BULUKUMBA,JTM,TL,"0,60",,2026,,,,,,,,,,,,
99887164,Perbaikan/Pergantian INSPEKSI TIER 1 SEGMEN LBS.PARASANGAN-TG.TARING.00488,INST1,ULP.32730,4691378,32730.INSPEKSI3,ULP.32730,COMP,ULP JENEPONTO,,20/07/2026,,BAIK,P_TOLO,24/07/2026,,98740996,TND,Jul,UP3 BULUKUMBA,JTM,TL,"12,35",,2026,,,,,,,,,,,,
99887166,Perbaikan/Pergantian INSPEKSI TIER 1 SEGMEN TG.BTANGNGA.00091-LBS.PA'BAENG,INST1,ULP.32730,4691232,32730.INSPEKSI3,ULP.32730,COMP,ULP JENEPONTO,,20/07/2026,,BAIK,P_JENTAK,24/07/2026,,99419639,TND,Jul,UP3 BULUKUMBA,JTM,TL,"3,35",,2026,,,,,,,,,,,,
99887169,Perbaikan/Pergantian INSPEKSI TIER 1 SEGMEN TG.MALAKAJI.00154-TG.MALAKAJI.00232,INST1,ULP.32730,4691305,32730.INSPEKSI3,ULP.32730,COMP,ULP JENEPONTO,,20/07/2026,,BAIK,P_TOLO,24/07/2026,,99481688,TND,Jul,UP3 BULUKUMBA,JTM,TL,"3,90",,2026,,,,,,,,,,,,
99887174,Perbaikan/Pergantian INSPEKSI TIER 1 SEGMEN TG.KODIM.00286-TG.KODIM.00286.R0050,INST1,ULP.32730,4691294,32730.INSPEKSI3,ULP.32730,COMP,ULP JENEPONTO,,20/07/2026,,BAIK,P_PASAR KARISA,24/07/2026,,99477070,TND,Jul,UP3 BULUKUMBA,JTM,TL,"2,50",,2026,,,,,,,,,,,,
99887176,Perbaikan/Pergantian INSPEKSI TIER 1 SEGMEN TG.MALAKAJI.00001-TG.MALAKAJI.00077,INST1,ULP.32730,4691300,32730.INSPEKSI3,ULP.32730,COMP,ULP JENEPONTO,,20/07/2026,,BAIK,P_TOLO,24/07/2026,,99474692,TND,Jul,UP3 BULUKUMBA,JTM,TL,"3,90",,2026,,,,,,,,,,,,
99887178,INSPEKSI TIER 1 BJ61015,INST1,GD01.06301216,,32730.INSPEKSI1,ULP.32730,COMP,ULP JENEPONTO,,20/07/2026,,CUKUP,P_PASAR KARISA,21/07/2026,,,TND,Jul,UP3 BULUKUMBA,GD,INSP,"0,00",,2026,,,,,,,,,,,,
99887189,INSPEKSI TIER 1 BJ61017,INST1,GD01.06301218,,32730.INSPEKSI1,ULP.32730,COMP,ULP JENEPONTO,,20/07/2026,,CUKUP,P_PASAR KARISA,21/07/2026,,,TND,Jul,UP3 BULUKUMBA,GD,INSP,"0,00",,2026,,,,,,,,,,,,
99887200,INSPEKSI TIER 1 BJ61018,INST1,GD01.06301219,,32730.INSPEKSI1,ULP.32730,COMP,ULP JENEPONTO,,20/07/2026,,KURANG,P_PASAR KARISA,21/07/2026,,,TND,Jul,UP3 BULUKUMBA,GD,INSP,"0,00",,2026,,,,,,,,,,,,
99887211,INSPEKSI TIER 1 BJ61021,INST1,GD01.06301222,,32730.INSPEKSI1,ULP.32730,COMP,ULP JENEPONTO,,20/07/2026,,KURANG,P_PASAR KARISA,21/07/2026,,,TND,Jul,UP3 BULUKUMBA,GD,INSP,"0,00",,2026,,,,,,,,,,,,
99887222,INSPEKSI TIER 1 BJ61024,INST1,GD01.06301225,,32730.INSPEKSI1,ULP.32730,COMP,ULP JENEPONTO,,20/07/2026,,KURANG,P_PASAR KARISA,21/07/2026,,,TND,Jul,UP3 BULUKUMBA,GD,INSP,"0,00",,2026,,,,,,,,,,,,
99949082,INSPEKSI TIER 1 SEGMEN TG. LAMATTIRILAU.00289-TG.LAMATTIRILAU.00353,INST1,ULP.32760,4691685,32760.INSPEKSI1,ULP.32760,COMP,ULP SINJAI,,21/07/2026,,BAIK,P_MATUMPU,21/08/2026,,,TND,Jul,UP3 BULUKUMBA,JTM,INSP,"3,20",,2026,,,,,,,,,,,,
99949177,INSPEKSI TIER 1 SEGMEN TG. LAMATTIRILAU.00353.L0069-TG.LAMATTIRILAU.00353.L0069.R0097,INST1,ULP.32760,4691686,32760.INSPEKSI1,ULP.32760,COMP,ULP SINJAI,,21/07/2026,,BAIK,P_MATUMPU,24/08/2026,,,TND,Jul,UP3 BULUKUMBA,JTM,INSP,"4,85",,2026,,,,,,,,,,,,
99949288,INSPEKSI TIER 1 SEGMEN TG. LAMATTIRILAU.00353-TG.LAMATTIRILAU.00353.L0109,INST1,ULP.32760,4691687,32760.INSPEKSI1,ULP.32760,COMP,ULP SINJAI,,21/07/2026,,BAIK,P_MATUMPU,24/08/2026,,,TND,Jul,UP3 BULUKUMBA,JTM,INSP,"5,45",,2026,,,,,,,,,,,,
99949409,INSPEKSI TIER 1 SEGMEN TG. LAMATTIRILAU.00353-TG.LAMATTIRILAU.00431,INST1,ULP.32760,4691688,32760.INSPEKSI1,ULP.32760,COMP,ULP SINJAI,,21/07/2026,,BAIK,P_MATUMPU,22/08/2026,,,TND,Jul,UP3 BULUKUMBA,JTM,INSP,"3,90",,2026,,,,,,,,,,,,
99949507,INSPEKSI TIER 1 SEGMEN TG. LAMATTIRILAU.00431-TG.LAMATTIRILAU.00489,INST1,ULP.32760,4691689,32760.INSPEKSI1,ULP.32760,COMP,ULP SINJAI,,21/07/2026,,BAIK,P_MATUMPU,24/08/2026,,,TND,Jul,UP3 BULUKUMBA,JTM,INSP,"2,90",,2026,,,,,,,,,,,,
99951210,Perbaikan/Pergantian INSPEKSI TIER 1 SEGMEN TG.BIKERU.00011.R0023-TG.BIKERU.00011.R0069,INST1,ULP.32770,4690847,32770.INSPEKSI3,ULP.32770,COMP,ULP TANETE,,21/07/2026,,BAIK,P_BINTARORE,18/08/2026,,99591281,TND,Jul,UP3 BULUKUMBA,JTM,TL,"2,50",,2026,,,,,,,,,,,,
99951299,Perbaikan/Pergantian INSPEKSI TIER 1 SEGMEN LBS.PASARTANETE-TG.BIKERU.00065,INST1,ULP.32770,4690849,32770.INSPEKSI3,ULP.32770,COMP,ULP TANETE,,21/07/2026,,BAIK,P_MATUMPU,18/08/2026,,99591406,TND,Jul,UP3 BULUKUMBA,JTM,TL,"1,80",,2026,,,,,,,,,,,,